"tabla","variable","etiqueta","tipo","codigo","categoria"
"persona","p24_parentes","24. Que parentesco tiene con la jefa o jefe del hogar","categorica","1","Jefa o jefe de hogar"
"persona","p24_parentes","24. Que parentesco tiene con la jefa o jefe del hogar","categorica","2","Esposa(o), conviviente o concubina(o)"
"persona","p24_parentes","24. Que parentesco tiene con la jefa o jefe del hogar","categorica","3","Hija o Hijo"
"persona","p24_parentes","24. Que parentesco tiene con la jefa o jefe del hogar","categorica","4","Hijastra o Hijastro"
"persona","p24_parentes","24. Que parentesco tiene con la jefa o jefe del hogar","categorica","5","Nuera o Yerno"
"persona","p24_parentes","24. Que parentesco tiene con la jefa o jefe del hogar","categorica","6","Nieta o nieto"
"persona","p24_parentes","24. Que parentesco tiene con la jefa o jefe del hogar","categorica","7","Hermana o Hermano"
"persona","p24_parentes","24. Que parentesco tiene con la jefa o jefe del hogar","categorica","8","Cuñada o cuñado"
"persona","p24_parentes","24. Que parentesco tiene con la jefa o jefe del hogar","categorica","9","Madre o Padre"
"persona","p24_parentes","24. Que parentesco tiene con la jefa o jefe del hogar","categorica","10","Suegra o Suegro"
"persona","p24_parentes","24. Que parentesco tiene con la jefa o jefe del hogar","categorica","11","Abuela o Abuelo"
"persona","p24_parentes","24. Que parentesco tiene con la jefa o jefe del hogar","categorica","12","Otro Pariente"
"persona","p24_parentes","24. Que parentesco tiene con la jefa o jefe del hogar","categorica","13","Trabajadora(or) del hogar y sus familiares"
"persona","p24_parentes","24. Que parentesco tiene con la jefa o jefe del hogar","categorica","14","Otro no pariente"
"persona","p24_parentes","24. Que parentesco tiene con la jefa o jefe del hogar","categorica","15","Persona en vivienda colectiva"
"persona","p24_parentes","24. Que parentesco tiene con la jefa o jefe del hogar","categorica","16","Persona que vive en la calle o en tránsito"
"persona","p25_sexo","25. Es mujer u hombre","categorica","1","Mujer"
"persona","p25_sexo","25. Es mujer u hombre","categorica","2","Hombre"
"persona","p26_edad","26. Cuantos años cumplidos tiene","categorica","100","100 y más"
"persona","p28_cn","28. Su nacimiento está inscrito en el registro civil boliviano","categorica","1","Sí"
"persona","p28_cn","28. Su nacimiento está inscrito en el registro civil boliviano","categorica","2","No"
"persona","p28_cn","28. Su nacimiento está inscrito en el registro civil boliviano","categorica","9","Sin especificar"
"persona","p29_ci","29. Tiene o tuvo cédula de identidad boliviana","categorica","1","Sí"
"persona","p29_ci","29. Tiene o tuvo cédula de identidad boliviana","categorica","2","No"
"persona","p29_ci","29. Tiene o tuvo cédula de identidad boliviana","categorica","3","Cédula Boliviana de extranjero"
"persona","p29_ci","29. Tiene o tuvo cédula de identidad boliviana","categorica","9","Sin especificar"
"persona","p30a_public","30.A. Cuando tiene problemas de salud acude a Puesto/centro/hospital de salud público","categorica","1","Sí"
"persona","p30a_public","30.A. Cuando tiene problemas de salud acude a Puesto/centro/hospital de salud público","categorica","2","No"
"persona","p30a_public","30.A. Cuando tiene problemas de salud acude a Puesto/centro/hospital de salud público","categorica","9","Sin especificar"
"persona","p30b_caja","30.B. Cuando tiene problemas de salud acude a Caja de salud","categorica","1","Sí"
"persona","p30b_caja","30.B. Cuando tiene problemas de salud acude a Caja de salud","categorica","2","No"
"persona","p30b_caja","30.B. Cuando tiene problemas de salud acude a Caja de salud","categorica","9","Sin especificar"
"persona","p30c_privad","30.C. Cuando tiene problemas de salud acude a Consultorio/clínica/hospital de salud privado","categorica","1","Sí"
"persona","p30c_privad","30.C. Cuando tiene problemas de salud acude a Consultorio/clínica/hospital de salud privado","categorica","2","No"
"persona","p30c_privad","30.C. Cuando tiene problemas de salud acude a Consultorio/clínica/hospital de salud privado","categorica","9","Sin especificar"
"persona","p30d_atedom","30.D. Cuando tiene problemas de salud acude a Atención médica en domicilio","categorica","1","Sí"
"persona","p30d_atedom","30.D. Cuando tiene problemas de salud acude a Atención médica en domicilio","categorica","2","No"
"persona","p30d_atedom","30.D. Cuando tiene problemas de salud acude a Atención médica en domicilio","categorica","9","Sin especificar"
"persona","p30e_tradic","30.E. Cuando tiene problemas de salud acude a Médica(o) tradicional ancestral","categorica","1","Sí"
"persona","p30e_tradic","30.E. Cuando tiene problemas de salud acude a Médica(o) tradicional ancestral","categorica","2","No"
"persona","p30e_tradic","30.E. Cuando tiene problemas de salud acude a Médica(o) tradicional ancestral","categorica","9","Sin especificar"
"persona","p30f_autome","30.F. Cuando tiene problemas de salud acude a Farmacia sin receta médica o se automedica","categorica","1","Sí"
"persona","p30f_autome","30.F. Cuando tiene problemas de salud acude a Farmacia sin receta médica o se automedica","categorica","2","No"
"persona","p30f_autome","30.F. Cuando tiene problemas de salud acude a Farmacia sin receta médica o se automedica","categorica","9","Sin especificar"
"persona","p30g_casera","30.G. Cuando tiene problemas de salud acude a Remedios caseros","categorica","1","Sí"
"persona","p30g_casera","30.G. Cuando tiene problemas de salud acude a Remedios caseros","categorica","2","No"
"persona","p30g_casera","30.G. Cuando tiene problemas de salud acude a Remedios caseros","categorica","9","Sin especificar"
"persona","p31_afiliado","31. Actualmente esta registrada(o) o afiliada(o) a:","categorica","1","(SUS) Sistema Único de Salud"
"persona","p31_afiliado","31. Actualmente esta registrada(o) o afiliada(o) a:","categorica","2","Caja Nacional de Salud, Caja Petrolera, Caja CORDES, Caja de la Banca Privada, COSSMIL, Seguro Universitario, otros"
"persona","p31_afiliado","31. Actualmente esta registrada(o) o afiliada(o) a:","categorica","3","Seguro privado de salud"
"persona","p31_afiliado","31. Actualmente esta registrada(o) o afiliada(o) a:","categorica","4","Ninguno"
"persona","p31_afiliado","31. Actualmente esta registrada(o) o afiliada(o) a:","categorica","9","Sin especificar"
"persona","p32_pueblo_per","32. Se autoidentifica con alguna nación pueblo indígena originario campesino o afroboliviano","categorica","1","Sí"
"persona","p32_pueblo_per","32. Se autoidentifica con alguna nación pueblo indígena originario campesino o afroboliviano","categorica","2","No"
"persona","p32_pueblo_per","32. Se autoidentifica con alguna nación pueblo indígena originario campesino o afroboliviano","categorica","9","Sin Especificar"
"persona","p32_pueblo_cod","32. Se autoidentifica con alguna nación pueblo indígena originario campesino o afroboliviano (Especifique)","categorica","1","Afroboliviano"
"persona","p32_pueblo_cod","32. Se autoidentifica con alguna nación pueblo indígena originario campesino o afroboliviano (Especifique)","categorica","2","Araona"
"persona","p32_pueblo_cod","32. Se autoidentifica con alguna nación pueblo indígena originario campesino o afroboliviano (Especifique)","categorica","3","Aymara"
"persona","p32_pueblo_cod","32. Se autoidentifica con alguna nación pueblo indígena originario campesino o afroboliviano (Especifique)","categorica","4","Ayoreo"
"persona","p32_pueblo_cod","32. Se autoidentifica con alguna nación pueblo indígena originario campesino o afroboliviano (Especifique)","categorica","5","Baure"
"persona","p32_pueblo_cod","32. Se autoidentifica con alguna nación pueblo indígena originario campesino o afroboliviano (Especifique)","categorica","6","Canichana"
"persona","p32_pueblo_cod","32. Se autoidentifica con alguna nación pueblo indígena originario campesino o afroboliviano (Especifique)","categorica","7","Cavineño"
"persona","p32_pueblo_cod","32. Se autoidentifica con alguna nación pueblo indígena originario campesino o afroboliviano (Especifique)","categorica","8","Cayubaba"
"persona","p32_pueblo_cod","32. Se autoidentifica con alguna nación pueblo indígena originario campesino o afroboliviano (Especifique)","categorica","9","Chácobo"
"persona","p32_pueblo_cod","32. Se autoidentifica con alguna nación pueblo indígena originario campesino o afroboliviano (Especifique)","categorica","11","Chiquitano"
"persona","p32_pueblo_cod","32. Se autoidentifica con alguna nación pueblo indígena originario campesino o afroboliviano (Especifique)","categorica","12","Ese Ejja"
"persona","p32_pueblo_cod","32. Se autoidentifica con alguna nación pueblo indígena originario campesino o afroboliviano (Especifique)","categorica","13","Guaraní"
"persona","p32_pueblo_cod","32. Se autoidentifica con alguna nación pueblo indígena originario campesino o afroboliviano (Especifique)","categorica","14","Guarasu´we"
"persona","p32_pueblo_cod","32. Se autoidentifica con alguna nación pueblo indígena originario campesino o afroboliviano (Especifique)","categorica","15","Gwarayu"
"persona","p32_pueblo_cod","32. Se autoidentifica con alguna nación pueblo indígena originario campesino o afroboliviano (Especifique)","categorica","16","Itonama"
"persona","p32_pueblo_cod","32. Se autoidentifica con alguna nación pueblo indígena originario campesino o afroboliviano (Especifique)","categorica","17","Joaquiniano"
"persona","p32_pueblo_cod","32. Se autoidentifica con alguna nación pueblo indígena originario campesino o afroboliviano (Especifique)","categorica","18","Kallawaya"
"persona","p32_pueblo_cod","32. Se autoidentifica con alguna nación pueblo indígena originario campesino o afroboliviano (Especifique)","categorica","19","Leco"
"persona","p32_pueblo_cod","32. Se autoidentifica con alguna nación pueblo indígena originario campesino o afroboliviano (Especifique)","categorica","20","Machineri"
"persona","p32_pueblo_cod","32. Se autoidentifica con alguna nación pueblo indígena originario campesino o afroboliviano (Especifique)","categorica","21","Maropa"
"persona","p32_pueblo_cod","32. Se autoidentifica con alguna nación pueblo indígena originario campesino o afroboliviano (Especifique)","categorica","22","Mojeño"
"persona","p32_pueblo_cod","32. Se autoidentifica con alguna nación pueblo indígena originario campesino o afroboliviano (Especifique)","categorica","23","Moré"
"persona","p32_pueblo_cod","32. Se autoidentifica con alguna nación pueblo indígena originario campesino o afroboliviano (Especifique)","categorica","24","Mosetén"
"persona","p32_pueblo_cod","32. Se autoidentifica con alguna nación pueblo indígena originario campesino o afroboliviano (Especifique)","categorica","25","Movima"
"persona","p32_pueblo_cod","32. Se autoidentifica con alguna nación pueblo indígena originario campesino o afroboliviano (Especifique)","categorica","26","Murato"
"persona","p32_pueblo_cod","32. Se autoidentifica con alguna nación pueblo indígena originario campesino o afroboliviano (Especifique)","categorica","27","Pacahuara"
"persona","p32_pueblo_cod","32. Se autoidentifica con alguna nación pueblo indígena originario campesino o afroboliviano (Especifique)","categorica","28","Quechua"
"persona","p32_pueblo_cod","32. Se autoidentifica con alguna nación pueblo indígena originario campesino o afroboliviano (Especifique)","categorica","29","Sirionó"
"persona","p32_pueblo_cod","32. Se autoidentifica con alguna nación pueblo indígena originario campesino o afroboliviano (Especifique)","categorica","30","Tacana"
"persona","p32_pueblo_cod","32. Se autoidentifica con alguna nación pueblo indígena originario campesino o afroboliviano (Especifique)","categorica","31","Tapiete"
"persona","p32_pueblo_cod","32. Se autoidentifica con alguna nación pueblo indígena originario campesino o afroboliviano (Especifique)","categorica","32","Tsimane´"
"persona","p32_pueblo_cod","32. Se autoidentifica con alguna nación pueblo indígena originario campesino o afroboliviano (Especifique)","categorica","33","Weenhayek"
"persona","p32_pueblo_cod","32. Se autoidentifica con alguna nación pueblo indígena originario campesino o afroboliviano (Especifique)","categorica","34","Yaminawa"
"persona","p32_pueblo_cod","32. Se autoidentifica con alguna nación pueblo indígena originario campesino o afroboliviano (Especifique)","categorica","35","Yuqui"
"persona","p32_pueblo_cod","32. Se autoidentifica con alguna nación pueblo indígena originario campesino o afroboliviano (Especifique)","categorica","36","Yurakaré"
"persona","p32_pueblo_cod","32. Se autoidentifica con alguna nación pueblo indígena originario campesino o afroboliviano (Especifique)","categorica","37","Yurakaré - Mojeño"
"persona","p32_pueblo_cod","32. Se autoidentifica con alguna nación pueblo indígena originario campesino o afroboliviano (Especifique)","categorica","39","Jach'a Carangas"
"persona","p32_pueblo_cod","32. Se autoidentifica con alguna nación pueblo indígena originario campesino o afroboliviano (Especifique)","categorica","40","Uru-Chipaya"
"persona","p32_pueblo_cod","32. Se autoidentifica con alguna nación pueblo indígena originario campesino o afroboliviano (Especifique)","categorica","42","Chichas"
"persona","p32_pueblo_cod","32. Se autoidentifica con alguna nación pueblo indígena originario campesino o afroboliviano (Especifique)","categorica","44","Yampara"
"persona","p32_pueblo_cod","32. Se autoidentifica con alguna nación pueblo indígena originario campesino o afroboliviano (Especifique)","categorica","45","Qhara Qhara"
"persona","p32_pueblo_cod","32. Se autoidentifica con alguna nación pueblo indígena originario campesino o afroboliviano (Especifique)","categorica","46","Chiriguano"
"persona","p32_pueblo_cod","32. Se autoidentifica con alguna nación pueblo indígena originario campesino o afroboliviano (Especifique)","categorica","49","Lípez"
"persona","p32_pueblo_cod","32. Se autoidentifica con alguna nación pueblo indígena originario campesino o afroboliviano (Especifique)","categorica","50","Monkox"
"persona","p32_pueblo_cod","32. Se autoidentifica con alguna nación pueblo indígena originario campesino o afroboliviano (Especifique)","categorica","52","Jatun Killacas"
"persona","p32_pueblo_cod","32. Se autoidentifica con alguna nación pueblo indígena originario campesino o afroboliviano (Especifique)","categorica","54","Poroma"
"persona","p32_pueblo_cod","32. Se autoidentifica con alguna nación pueblo indígena originario campesino o afroboliviano (Especifique)","categorica","56","Suyu Sura"
"persona","p32_pueblo_cod","32. Se autoidentifica con alguna nación pueblo indígena originario campesino o afroboliviano (Especifique)","categorica","57","Pucara"
"persona","p32_pueblo_cod","32. Se autoidentifica con alguna nación pueblo indígena originario campesino o afroboliviano (Especifique)","categorica","60","Chuwi"
"persona","p32_pueblo_cod","32. Se autoidentifica con alguna nación pueblo indígena originario campesino o afroboliviano (Especifique)","categorica","65","Calcha"
"persona","p32_pueblo_cod","32. Se autoidentifica con alguna nación pueblo indígena originario campesino o afroboliviano (Especifique)","categorica","66","Chullpas"
"persona","p32_pueblo_cod","32. Se autoidentifica con alguna nación pueblo indígena originario campesino o afroboliviano (Especifique)","categorica","69","Ayllu Yura"
"persona","p32_pueblo_cod","32. Se autoidentifica con alguna nación pueblo indígena originario campesino o afroboliviano (Especifique)","categorica","71","Ayllu Porco"
"persona","p32_pueblo_cod","32. Se autoidentifica con alguna nación pueblo indígena originario campesino o afroboliviano (Especifique)","categorica","72","Charka"
"persona","p32_pueblo_cod","32. Se autoidentifica con alguna nación pueblo indígena originario campesino o afroboliviano (Especifique)","categorica","73","Ayllu Kacachaca"
"persona","p32_pueblo_cod","32. Se autoidentifica con alguna nación pueblo indígena originario campesino o afroboliviano (Especifique)","categorica","74","Ayllu Jukumani"
"persona","p32_pueblo_cod","32. Se autoidentifica con alguna nación pueblo indígena originario campesino o afroboliviano (Especifique)","categorica","75","Ayllu Jila"
"persona","p32_pueblo_cod","32. Se autoidentifica con alguna nación pueblo indígena originario campesino o afroboliviano (Especifique)","categorica","76","Jalq'a"
"persona","p32_pueblo_cod","32. Se autoidentifica con alguna nación pueblo indígena originario campesino o afroboliviano (Especifique)","categorica","78","Uru"
"persona","p32_pueblo_cod","32. Se autoidentifica con alguna nación pueblo indígena originario campesino o afroboliviano (Especifique)","categorica","79","Quila Quila"
"persona","p32_pueblo_cod","32. Se autoidentifica con alguna nación pueblo indígena originario campesino o afroboliviano (Especifique)","categorica","81","Chaqui"
"persona","p32_pueblo_cod","32. Se autoidentifica con alguna nación pueblo indígena originario campesino o afroboliviano (Especifique)","categorica","83","Tinquipaya"
"persona","p32_pueblo_cod","32. Se autoidentifica con alguna nación pueblo indígena originario campesino o afroboliviano (Especifique)","categorica","84","Moro Moro"
"persona","p32_pueblo_cod","32. Se autoidentifica con alguna nación pueblo indígena originario campesino o afroboliviano (Especifique)","categorica","85","Pati Pati"
"persona","p32_pueblo_cod","32. Se autoidentifica con alguna nación pueblo indígena originario campesino o afroboliviano (Especifique)","categorica","87","San Juan"
"persona","p32_pueblo_cod","32. Se autoidentifica con alguna nación pueblo indígena originario campesino o afroboliviano (Especifique)","categorica","90","Pojpo"
"persona","p32_pueblo_cod","32. Se autoidentifica con alguna nación pueblo indígena originario campesino o afroboliviano (Especifique)","categorica","92","Larecaja"
"persona","p32_pueblo_cod","32. Se autoidentifica con alguna nación pueblo indígena originario campesino o afroboliviano (Especifique)","categorica","93","Qullas"
"persona","p32_pueblo_cod","32. Se autoidentifica con alguna nación pueblo indígena originario campesino o afroboliviano (Especifique)","categorica","102","Pakajaqi"
"persona","p32_pueblo_cod","32. Se autoidentifica con alguna nación pueblo indígena originario campesino o afroboliviano (Especifique)","categorica","105","Yapacaní"
"persona","p32_pueblo_cod","32. Se autoidentifica con alguna nación pueblo indígena originario campesino o afroboliviano (Especifique)","categorica","108","Killacas"
"persona","p32_pueblo_cod","32. Se autoidentifica con alguna nación pueblo indígena originario campesino o afroboliviano (Especifique)","categorica","109","Condo"
"persona","p32_pueblo_cod","32. Se autoidentifica con alguna nación pueblo indígena originario campesino o afroboliviano (Especifique)","categorica","112","Challapata"
"persona","p32_pueblo_cod","32. Se autoidentifica con alguna nación pueblo indígena originario campesino o afroboliviano (Especifique)","categorica","113","Lagunillas"
"persona","p32_pueblo_cod","32. Se autoidentifica con alguna nación pueblo indígena originario campesino o afroboliviano (Especifique)","categorica","114","Urmiri de Quillacas"
"persona","p32_pueblo_cod","32. Se autoidentifica con alguna nación pueblo indígena originario campesino o afroboliviano (Especifique)","categorica","116","Pampa Aullagas"
"persona","p32_pueblo_cod","32. Se autoidentifica con alguna nación pueblo indígena originario campesino o afroboliviano (Especifique)","categorica","117","Salinas"
"persona","p32_pueblo_cod","32. Se autoidentifica con alguna nación pueblo indígena originario campesino o afroboliviano (Especifique)","categorica","118","Huari"
"persona","p32_pueblo_cod","32. Se autoidentifica con alguna nación pueblo indígena originario campesino o afroboliviano (Especifique)","categorica","119","Aroma"
"persona","p32_pueblo_cod","32. Se autoidentifica con alguna nación pueblo indígena originario campesino o afroboliviano (Especifique)","categorica","120","Ucumasi"
"persona","p32_pueblo_cod","32. Se autoidentifica con alguna nación pueblo indígena originario campesino o afroboliviano (Especifique)","categorica","124","Totora Marka"
"persona","p32_pueblo_cod","32. Se autoidentifica con alguna nación pueblo indígena originario campesino o afroboliviano (Especifique)","categorica","125","Choquecota"
"persona","p32_pueblo_cod","32. Se autoidentifica con alguna nación pueblo indígena originario campesino o afroboliviano (Especifique)","categorica","126","Curahuara de Carangas"
"persona","p32_pueblo_cod","32. Se autoidentifica con alguna nación pueblo indígena originario campesino o afroboliviano (Especifique)","categorica","127","Turco"
"persona","p32_pueblo_cod","32. Se autoidentifica con alguna nación pueblo indígena originario campesino o afroboliviano (Especifique)","categorica","128","Huaylla Marka"
"persona","p32_pueblo_cod","32. Se autoidentifica con alguna nación pueblo indígena originario campesino o afroboliviano (Especifique)","categorica","130","Corque"
"persona","p32_pueblo_cod","32. Se autoidentifica con alguna nación pueblo indígena originario campesino o afroboliviano (Especifique)","categorica","131","Huachacalla"
"persona","p32_pueblo_cod","32. Se autoidentifica con alguna nación pueblo indígena originario campesino o afroboliviano (Especifique)","categorica","132","Andamarca"
"persona","p32_pueblo_cod","32. Se autoidentifica con alguna nación pueblo indígena originario campesino o afroboliviano (Especifique)","categorica","133","Orinoca"
"persona","p32_pueblo_cod","32. Se autoidentifica con alguna nación pueblo indígena originario campesino o afroboliviano (Especifique)","categorica","135","Sabaya"
"persona","p32_pueblo_cod","32. Se autoidentifica con alguna nación pueblo indígena originario campesino o afroboliviano (Especifique)","categorica","137","Coroma"
"persona","p32_pueblo_cod","32. Se autoidentifica con alguna nación pueblo indígena originario campesino o afroboliviano (Especifique)","categorica","141","Tobas"
"persona","p32_pueblo_cod","32. Se autoidentifica con alguna nación pueblo indígena originario campesino o afroboliviano (Especifique)","categorica","143","Akarapis"
"persona","p32_pueblo_cod","32. Se autoidentifica con alguna nación pueblo indígena originario campesino o afroboliviano (Especifique)","categorica","145","Mojocoya"
"persona","p32_pueblo_cod","32. Se autoidentifica con alguna nación pueblo indígena originario campesino o afroboliviano (Especifique)","categorica","146","Charazani"
"persona","p32_pueblo_cod","32. Se autoidentifica con alguna nación pueblo indígena originario campesino o afroboliviano (Especifique)","categorica","147","Layme"
"persona","p32_pueblo_cod","32. Se autoidentifica con alguna nación pueblo indígena originario campesino o afroboliviano (Especifique)","categorica","148","Pojos"
"persona","p32_pueblo_cod","32. Se autoidentifica con alguna nación pueblo indígena originario campesino o afroboliviano (Especifique)","categorica","149","Belén"
"persona","p32_pueblo_cod","32. Se autoidentifica con alguna nación pueblo indígena originario campesino o afroboliviano (Especifique)","categorica","345","Uchupiamonas"
"persona","p32_pueblo_cod","32. Se autoidentifica con alguna nación pueblo indígena originario campesino o afroboliviano (Especifique)","categorica","350","Puquina"
"persona","p32_pueblo_cod","32. Se autoidentifica con alguna nación pueblo indígena originario campesino o afroboliviano (Especifique)","categorica","355","Charagua"
"persona","p32_pueblo_cod","32. Se autoidentifica con alguna nación pueblo indígena originario campesino o afroboliviano (Especifique)","categorica","356","Jesús de Machaca"
"persona","p32_pueblo_cod","32. Se autoidentifica con alguna nación pueblo indígena originario campesino o afroboliviano (Especifique)","categorica","357","Chayanta"
"persona","p32_pueblo_cod","32. Se autoidentifica con alguna nación pueblo indígena originario campesino o afroboliviano (Especifique)","categorica","410","Ayllu Kharacha"
"persona","p32_pueblo_cod","32. Se autoidentifica con alguna nación pueblo indígena originario campesino o afroboliviano (Especifique)","categorica","451","Mataco"
"persona","p32_pueblo_cod","32. Se autoidentifica con alguna nación pueblo indígena originario campesino o afroboliviano (Especifique)","categorica","454","Mojeño Trinitario"
"persona","p32_pueblo_cod","32. Se autoidentifica con alguna nación pueblo indígena originario campesino o afroboliviano (Especifique)","categorica","455","Mojeño Ignaciano"
"persona","p32_pueblo_cod","32. Se autoidentifica con alguna nación pueblo indígena originario campesino o afroboliviano (Especifique)","categorica","456","Loretano"
"persona","p32_pueblo_cod","32. Se autoidentifica con alguna nación pueblo indígena originario campesino o afroboliviano (Especifique)","categorica","457","Javeriano"
"persona","p32_pueblo_cod","32. Se autoidentifica con alguna nación pueblo indígena originario campesino o afroboliviano (Especifique)","categorica","458","Reyesano"
"persona","p32_pueblo_cod","32. Se autoidentifica con alguna nación pueblo indígena originario campesino o afroboliviano (Especifique)","categorica","463","Bésiro"
"persona","p32_pueblo_cod","32. Se autoidentifica con alguna nación pueblo indígena originario campesino o afroboliviano (Especifique)","categorica","466","Uru-ito"
"persona","p32_pueblo_cod","32. Se autoidentifica con alguna nación pueblo indígena originario campesino o afroboliviano (Especifique)","categorica","467","Toromona"
"persona","p32_pueblo_cod","32. Se autoidentifica con alguna nación pueblo indígena originario campesino o afroboliviano (Especifique)","categorica","469","Mollo"
"persona","p32_pueblo_cod","32. Se autoidentifica con alguna nación pueblo indígena originario campesino o afroboliviano (Especifique)","categorica","470","Lupaca"
"persona","p32_pueblo_cod","32. Se autoidentifica con alguna nación pueblo indígena originario campesino o afroboliviano (Especifique)","categorica","471","Chané"
"persona","p32_pueblo_cod","32. Se autoidentifica con alguna nación pueblo indígena originario campesino o afroboliviano (Especifique)","categorica","472","Paunaca"
"persona","p32_pueblo_cod","32. Se autoidentifica con alguna nación pueblo indígena originario campesino o afroboliviano (Especifique)","categorica","473","Raqaypampa"
"persona","p32_pueblo_cod","32. Se autoidentifica con alguna nación pueblo indígena originario campesino o afroboliviano (Especifique)","categorica","474","Sora"
"persona","p32_pueblo_cod","32. Se autoidentifica con alguna nación pueblo indígena originario campesino o afroboliviano (Especifique)","categorica","475","Charka Qhara Qhara"
"persona","p32_pueblo_cod","32. Se autoidentifica con alguna nación pueblo indígena originario campesino o afroboliviano (Especifique)","categorica","476","Trinitario"
"persona","p32_pueblo_cod","32. Se autoidentifica con alguna nación pueblo indígena originario campesino o afroboliviano (Especifique)","categorica","477","Quechua - Aymara"
"persona","p32_pueblo_cod","32. Se autoidentifica con alguna nación pueblo indígena originario campesino o afroboliviano (Especifique)","categorica","501","Pueblos indígenas de Argentina"
"persona","p32_pueblo_cod","32. Se autoidentifica con alguna nación pueblo indígena originario campesino o afroboliviano (Especifique)","categorica","502","Pueblos indígenas de Brasil"
"persona","p32_pueblo_cod","32. Se autoidentifica con alguna nación pueblo indígena originario campesino o afroboliviano (Especifique)","categorica","503","Pueblos indígenas de Chile"
"persona","p32_pueblo_cod","32. Se autoidentifica con alguna nación pueblo indígena originario campesino o afroboliviano (Especifique)","categorica","504","Pueblos indígenas de Colombia"
"persona","p32_pueblo_cod","32. Se autoidentifica con alguna nación pueblo indígena originario campesino o afroboliviano (Especifique)","categorica","505","Pueblos indígenas del Ecuador"
"persona","p32_pueblo_cod","32. Se autoidentifica con alguna nación pueblo indígena originario campesino o afroboliviano (Especifique)","categorica","506","Pueblos indígenas de Estados Unidos"
"persona","p32_pueblo_cod","32. Se autoidentifica con alguna nación pueblo indígena originario campesino o afroboliviano (Especifique)","categorica","507","Pueblos indígenas de México"
"persona","p32_pueblo_cod","32. Se autoidentifica con alguna nación pueblo indígena originario campesino o afroboliviano (Especifique)","categorica","509","Pueblos indígenas del Perú"
"persona","p32_pueblo_cod","32. Se autoidentifica con alguna nación pueblo indígena originario campesino o afroboliviano (Especifique)","categorica","510","Pueblos indígenas de Uruguay"
"persona","p32_pueblo_cod","32. Se autoidentifica con alguna nación pueblo indígena originario campesino o afroboliviano (Especifique)","categorica","511","Pueblos indígenas de Venezuela"
"persona","p32_pueblo_cod","32. Se autoidentifica con alguna nación pueblo indígena originario campesino o afroboliviano (Especifique)","categorica","591","Pueblos indígenas de América"
"persona","p32_pueblo_cod","32. Se autoidentifica con alguna nación pueblo indígena originario campesino o afroboliviano (Especifique)","categorica","592","Pueblos indígenas del África"
"persona","p32_pueblo_cod","32. Se autoidentifica con alguna nación pueblo indígena originario campesino o afroboliviano (Especifique)","categorica","593","Otros pueblos indígenas extranjeros"
"persona","p32_pueblo_cod","32. Se autoidentifica con alguna nación pueblo indígena originario campesino o afroboliviano (Especifique)","categorica","900","Más de una descripción"
"persona","p32_pueblo_cod","32. Se autoidentifica con alguna nación pueblo indígena originario campesino o afroboliviano (Especifique)","categorica","901","Nación"
"persona","p32_pueblo_cod","32. Se autoidentifica con alguna nación pueblo indígena originario campesino o afroboliviano (Especifique)","categorica","902","Pueblo"
"persona","p32_pueblo_cod","32. Se autoidentifica con alguna nación pueblo indígena originario campesino o afroboliviano (Especifique)","categorica","903","Indígena"
"persona","p32_pueblo_cod","32. Se autoidentifica con alguna nación pueblo indígena originario campesino o afroboliviano (Especifique)","categorica","904","Originario"
"persona","p32_pueblo_cod","32. Se autoidentifica con alguna nación pueblo indígena originario campesino o afroboliviano (Especifique)","categorica","905","Campesino"
"persona","p32_pueblo_cod","32. Se autoidentifica con alguna nación pueblo indígena originario campesino o afroboliviano (Especifique)","categorica","906","Combinación de conceptos de NPIOC"
"persona","p32_pueblo_cod","32. Se autoidentifica con alguna nación pueblo indígena originario campesino o afroboliviano (Especifique)","categorica","907","Otros ayllus, marcas y organizaciones territoriales"
"persona","p32_pueblo_cod","32. Se autoidentifica con alguna nación pueblo indígena originario campesino o afroboliviano (Especifique)","categorica","909","Interculturales y otras organizaciones indígenas"
"persona","p32_pueblo_cod","32. Se autoidentifica con alguna nación pueblo indígena originario campesino o afroboliviano (Especifique)","categorica","999","Sin especificar"
"persona","p331_idiohab1_cod","33.1. Idiomas o lenguas que habla, según el mayor uso: Primero","categorica","1","Araona"
"persona","p331_idiohab1_cod","33.1. Idiomas o lenguas que habla, según el mayor uso: Primero","categorica","2","Aymara"
"persona","p331_idiohab1_cod","33.1. Idiomas o lenguas que habla, según el mayor uso: Primero","categorica","3","Baure"
"persona","p331_idiohab1_cod","33.1. Idiomas o lenguas que habla, según el mayor uso: Primero","categorica","4","Bésiro"
"persona","p331_idiohab1_cod","33.1. Idiomas o lenguas que habla, según el mayor uso: Primero","categorica","5","Canichana"
"persona","p331_idiohab1_cod","33.1. Idiomas o lenguas que habla, según el mayor uso: Primero","categorica","6","Castellano"
"persona","p331_idiohab1_cod","33.1. Idiomas o lenguas que habla, según el mayor uso: Primero","categorica","7","Kabineña"
"persona","p331_idiohab1_cod","33.1. Idiomas o lenguas que habla, según el mayor uso: Primero","categorica","8","Cayubaba"
"persona","p331_idiohab1_cod","33.1. Idiomas o lenguas que habla, según el mayor uso: Primero","categorica","9","Chácobo"
"persona","p331_idiohab1_cod","33.1. Idiomas o lenguas que habla, según el mayor uso: Primero","categorica","10","Tsimane´"
"persona","p331_idiohab1_cod","33.1. Idiomas o lenguas que habla, según el mayor uso: Primero","categorica","11","Ese Ejja"
"persona","p331_idiohab1_cod","33.1. Idiomas o lenguas que habla, según el mayor uso: Primero","categorica","12","Guaraní"
"persona","p331_idiohab1_cod","33.1. Idiomas o lenguas que habla, según el mayor uso: Primero","categorica","13","Guarasu´we"
"persona","p331_idiohab1_cod","33.1. Idiomas o lenguas que habla, según el mayor uso: Primero","categorica","14","Gwarayu"
"persona","p331_idiohab1_cod","33.1. Idiomas o lenguas que habla, según el mayor uso: Primero","categorica","15","Itonama"
"persona","p331_idiohab1_cod","33.1. Idiomas o lenguas que habla, según el mayor uso: Primero","categorica","16","Leco"
"persona","p331_idiohab1_cod","33.1. Idiomas o lenguas que habla, según el mayor uso: Primero","categorica","17","Macha´juyay Kallawaya"
"persona","p331_idiohab1_cod","33.1. Idiomas o lenguas que habla, según el mayor uso: Primero","categorica","18","Machineri"
"persona","p331_idiohab1_cod","33.1. Idiomas o lenguas que habla, según el mayor uso: Primero","categorica","19","Maropa"
"persona","p331_idiohab1_cod","33.1. Idiomas o lenguas que habla, según el mayor uso: Primero","categorica","20","Mojeño Ignaciano"
"persona","p331_idiohab1_cod","33.1. Idiomas o lenguas que habla, según el mayor uso: Primero","categorica","21","Mojeño Trinitario"
"persona","p331_idiohab1_cod","33.1. Idiomas o lenguas que habla, según el mayor uso: Primero","categorica","22","Moré"
"persona","p331_idiohab1_cod","33.1. Idiomas o lenguas que habla, según el mayor uso: Primero","categorica","23","Mosetén"
"persona","p331_idiohab1_cod","33.1. Idiomas o lenguas que habla, según el mayor uso: Primero","categorica","24","Movima"
"persona","p331_idiohab1_cod","33.1. Idiomas o lenguas que habla, según el mayor uso: Primero","categorica","25","Pacahuara"
"persona","p331_idiohab1_cod","33.1. Idiomas o lenguas que habla, según el mayor uso: Primero","categorica","26","Puquina"
"persona","p331_idiohab1_cod","33.1. Idiomas o lenguas que habla, según el mayor uso: Primero","categorica","27","Quechua"
"persona","p331_idiohab1_cod","33.1. Idiomas o lenguas que habla, según el mayor uso: Primero","categorica","28","Sirionó"
"persona","p331_idiohab1_cod","33.1. Idiomas o lenguas que habla, según el mayor uso: Primero","categorica","29","Tacana"
"persona","p331_idiohab1_cod","33.1. Idiomas o lenguas que habla, según el mayor uso: Primero","categorica","30","Tapiete"
"persona","p331_idiohab1_cod","33.1. Idiomas o lenguas que habla, según el mayor uso: Primero","categorica","31","Toromona"
"persona","p331_idiohab1_cod","33.1. Idiomas o lenguas que habla, según el mayor uso: Primero","categorica","32","Uru-Chipaya"
"persona","p331_idiohab1_cod","33.1. Idiomas o lenguas que habla, según el mayor uso: Primero","categorica","33","Weenhayek"
"persona","p331_idiohab1_cod","33.1. Idiomas o lenguas que habla, según el mayor uso: Primero","categorica","34","Yaminawa"
"persona","p331_idiohab1_cod","33.1. Idiomas o lenguas que habla, según el mayor uso: Primero","categorica","35","Yuqui"
"persona","p331_idiohab1_cod","33.1. Idiomas o lenguas que habla, según el mayor uso: Primero","categorica","36","Yurakaré"
"persona","p331_idiohab1_cod","33.1. Idiomas o lenguas que habla, según el mayor uso: Primero","categorica","37","Zamuco"
"persona","p331_idiohab1_cod","33.1. Idiomas o lenguas que habla, según el mayor uso: Primero","categorica","40","Albanés"
"persona","p331_idiohab1_cod","33.1. Idiomas o lenguas que habla, según el mayor uso: Primero","categorica","41","Alemán"
"persona","p331_idiohab1_cod","33.1. Idiomas o lenguas que habla, según el mayor uso: Primero","categorica","42","Árabe"
"persona","p331_idiohab1_cod","33.1. Idiomas o lenguas que habla, según el mayor uso: Primero","categorica","43","Búlgaro"
"persona","p331_idiohab1_cod","33.1. Idiomas o lenguas que habla, según el mayor uso: Primero","categorica","44","Catalán"
"persona","p331_idiohab1_cod","33.1. Idiomas o lenguas que habla, según el mayor uso: Primero","categorica","45","Chino"
"persona","p331_idiohab1_cod","33.1. Idiomas o lenguas que habla, según el mayor uso: Primero","categorica","46","Coreano"
"persona","p331_idiohab1_cod","33.1. Idiomas o lenguas que habla, según el mayor uso: Primero","categorica","47","Croata"
"persona","p331_idiohab1_cod","33.1. Idiomas o lenguas que habla, según el mayor uso: Primero","categorica","48","Danés"
"persona","p331_idiohab1_cod","33.1. Idiomas o lenguas que habla, según el mayor uso: Primero","categorica","49","Escocés"
"persona","p331_idiohab1_cod","33.1. Idiomas o lenguas que habla, según el mayor uso: Primero","categorica","50","Finlandés"
"persona","p331_idiohab1_cod","33.1. Idiomas o lenguas que habla, según el mayor uso: Primero","categorica","51","Francés"
"persona","p331_idiohab1_cod","33.1. Idiomas o lenguas que habla, según el mayor uso: Primero","categorica","52","Holandés"
"persona","p331_idiohab1_cod","33.1. Idiomas o lenguas que habla, según el mayor uso: Primero","categorica","53","Húngaro"
"persona","p331_idiohab1_cod","33.1. Idiomas o lenguas que habla, según el mayor uso: Primero","categorica","54","Inglés"
"persona","p331_idiohab1_cod","33.1. Idiomas o lenguas que habla, según el mayor uso: Primero","categorica","55","Italiano"
"persona","p331_idiohab1_cod","33.1. Idiomas o lenguas que habla, según el mayor uso: Primero","categorica","56","Japonés"
"persona","p331_idiohab1_cod","33.1. Idiomas o lenguas que habla, según el mayor uso: Primero","categorica","57","Noruego"
"persona","p331_idiohab1_cod","33.1. Idiomas o lenguas que habla, según el mayor uso: Primero","categorica","58","Portugués"
"persona","p331_idiohab1_cod","33.1. Idiomas o lenguas que habla, según el mayor uso: Primero","categorica","59","Rumano"
"persona","p331_idiohab1_cod","33.1. Idiomas o lenguas que habla, según el mayor uso: Primero","categorica","60","Ruso"
"persona","p331_idiohab1_cod","33.1. Idiomas o lenguas que habla, según el mayor uso: Primero","categorica","61","Serbio"
"persona","p331_idiohab1_cod","33.1. Idiomas o lenguas que habla, según el mayor uso: Primero","categorica","62","Sueco"
"persona","p331_idiohab1_cod","33.1. Idiomas o lenguas que habla, según el mayor uso: Primero","categorica","63","Tailandés"
"persona","p331_idiohab1_cod","33.1. Idiomas o lenguas que habla, según el mayor uso: Primero","categorica","64","Turco"
"persona","p331_idiohab1_cod","33.1. Idiomas o lenguas que habla, según el mayor uso: Primero","categorica","65","Ucraniano"
"persona","p331_idiohab1_cod","33.1. Idiomas o lenguas que habla, según el mayor uso: Primero","categorica","66","Vasco"
"persona","p331_idiohab1_cod","33.1. Idiomas o lenguas que habla, según el mayor uso: Primero","categorica","67","Vietnamés"
"persona","p331_idiohab1_cod","33.1. Idiomas o lenguas que habla, según el mayor uso: Primero","categorica","81","Hebreo"
"persona","p331_idiohab1_cod","33.1. Idiomas o lenguas que habla, según el mayor uso: Primero","categorica","82","Polaco"
"persona","p331_idiohab1_cod","33.1. Idiomas o lenguas que habla, según el mayor uso: Primero","categorica","83","Checo"
"persona","p331_idiohab1_cod","33.1. Idiomas o lenguas que habla, según el mayor uso: Primero","categorica","84","Griego"
"persona","p331_idiohab1_cod","33.1. Idiomas o lenguas que habla, según el mayor uso: Primero","categorica","85","Persa"
"persona","p331_idiohab1_cod","33.1. Idiomas o lenguas que habla, según el mayor uso: Primero","categorica","86","Suizo"
"persona","p331_idiohab1_cod","33.1. Idiomas o lenguas que habla, según el mayor uso: Primero","categorica","87","Latin"
"persona","p331_idiohab1_cod","33.1. Idiomas o lenguas que habla, según el mayor uso: Primero","categorica","88","Taiwanés"
"persona","p331_idiohab1_cod","33.1. Idiomas o lenguas que habla, según el mayor uso: Primero","categorica","89","Africano"
"persona","p331_idiohab1_cod","33.1. Idiomas o lenguas que habla, según el mayor uso: Primero","categorica","90","Gallego"
"persona","p331_idiohab1_cod","33.1. Idiomas o lenguas que habla, según el mayor uso: Primero","categorica","91","Valenciano"
"persona","p331_idiohab1_cod","33.1. Idiomas o lenguas que habla, según el mayor uso: Primero","categorica","92","Quinamaya"
"persona","p331_idiohab1_cod","33.1. Idiomas o lenguas que habla, según el mayor uso: Primero","categorica","93","Qom (toba)"
"persona","p331_idiohab1_cod","33.1. Idiomas o lenguas que habla, según el mayor uso: Primero","categorica","94","Afroboliviano"
"persona","p331_idiohab1_cod","33.1. Idiomas o lenguas que habla, según el mayor uso: Primero","categorica","95","Joaquiniano"
"persona","p331_idiohab1_cod","33.1. Idiomas o lenguas que habla, según el mayor uso: Primero","categorica","991","Otras declaraciones"
"persona","p331_idiohab1_cod","33.1. Idiomas o lenguas que habla, según el mayor uso: Primero","categorica","992","Otro idioma extranjero"
"persona","p331_idiohab1_cod","33.1. Idiomas o lenguas que habla, según el mayor uso: Primero","categorica","994","Lenguaje de señas"
"persona","p331_idiohab1_cod","33.1. Idiomas o lenguas que habla, según el mayor uso: Primero","categorica","999","Sin especificar"
"persona","p332_idiohab2_cod","33.2. Idiomas o lenguas que habla, según el mayor uso: Segundo","categorica","1","Araona"
"persona","p332_idiohab2_cod","33.2. Idiomas o lenguas que habla, según el mayor uso: Segundo","categorica","2","Aymara"
"persona","p332_idiohab2_cod","33.2. Idiomas o lenguas que habla, según el mayor uso: Segundo","categorica","3","Baure"
"persona","p332_idiohab2_cod","33.2. Idiomas o lenguas que habla, según el mayor uso: Segundo","categorica","4","Bésiro"
"persona","p332_idiohab2_cod","33.2. Idiomas o lenguas que habla, según el mayor uso: Segundo","categorica","5","Canichana"
"persona","p332_idiohab2_cod","33.2. Idiomas o lenguas que habla, según el mayor uso: Segundo","categorica","6","Castellano"
"persona","p332_idiohab2_cod","33.2. Idiomas o lenguas que habla, según el mayor uso: Segundo","categorica","7","Kabineña"
"persona","p332_idiohab2_cod","33.2. Idiomas o lenguas que habla, según el mayor uso: Segundo","categorica","8","Cayubaba"
"persona","p332_idiohab2_cod","33.2. Idiomas o lenguas que habla, según el mayor uso: Segundo","categorica","9","Chácobo"
"persona","p332_idiohab2_cod","33.2. Idiomas o lenguas que habla, según el mayor uso: Segundo","categorica","10","Tsimane´"
"persona","p332_idiohab2_cod","33.2. Idiomas o lenguas que habla, según el mayor uso: Segundo","categorica","11","Ese Ejja"
"persona","p332_idiohab2_cod","33.2. Idiomas o lenguas que habla, según el mayor uso: Segundo","categorica","12","Guaraní"
"persona","p332_idiohab2_cod","33.2. Idiomas o lenguas que habla, según el mayor uso: Segundo","categorica","13","Guarasu´we"
"persona","p332_idiohab2_cod","33.2. Idiomas o lenguas que habla, según el mayor uso: Segundo","categorica","14","Gwarayu"
"persona","p332_idiohab2_cod","33.2. Idiomas o lenguas que habla, según el mayor uso: Segundo","categorica","15","Itonama"
"persona","p332_idiohab2_cod","33.2. Idiomas o lenguas que habla, según el mayor uso: Segundo","categorica","16","Leco"
"persona","p332_idiohab2_cod","33.2. Idiomas o lenguas que habla, según el mayor uso: Segundo","categorica","17","Macha´juyay Kallawaya"
"persona","p332_idiohab2_cod","33.2. Idiomas o lenguas que habla, según el mayor uso: Segundo","categorica","18","Machineri"
"persona","p332_idiohab2_cod","33.2. Idiomas o lenguas que habla, según el mayor uso: Segundo","categorica","19","Maropa"
"persona","p332_idiohab2_cod","33.2. Idiomas o lenguas que habla, según el mayor uso: Segundo","categorica","20","Mojeño Ignaciano"
"persona","p332_idiohab2_cod","33.2. Idiomas o lenguas que habla, según el mayor uso: Segundo","categorica","21","Mojeño Trinitario"
"persona","p332_idiohab2_cod","33.2. Idiomas o lenguas que habla, según el mayor uso: Segundo","categorica","22","Moré"
"persona","p332_idiohab2_cod","33.2. Idiomas o lenguas que habla, según el mayor uso: Segundo","categorica","23","Mosetén"
"persona","p332_idiohab2_cod","33.2. Idiomas o lenguas que habla, según el mayor uso: Segundo","categorica","24","Movima"
"persona","p332_idiohab2_cod","33.2. Idiomas o lenguas que habla, según el mayor uso: Segundo","categorica","25","Pacahuara"
"persona","p332_idiohab2_cod","33.2. Idiomas o lenguas que habla, según el mayor uso: Segundo","categorica","26","Puquina"
"persona","p332_idiohab2_cod","33.2. Idiomas o lenguas que habla, según el mayor uso: Segundo","categorica","27","Quechua"
"persona","p332_idiohab2_cod","33.2. Idiomas o lenguas que habla, según el mayor uso: Segundo","categorica","28","Sirionó"
"persona","p332_idiohab2_cod","33.2. Idiomas o lenguas que habla, según el mayor uso: Segundo","categorica","29","Tacana"
"persona","p332_idiohab2_cod","33.2. Idiomas o lenguas que habla, según el mayor uso: Segundo","categorica","30","Tapiete"
"persona","p332_idiohab2_cod","33.2. Idiomas o lenguas que habla, según el mayor uso: Segundo","categorica","31","Toromona"
"persona","p332_idiohab2_cod","33.2. Idiomas o lenguas que habla, según el mayor uso: Segundo","categorica","32","Uru-Chipaya"
"persona","p332_idiohab2_cod","33.2. Idiomas o lenguas que habla, según el mayor uso: Segundo","categorica","33","Weenhayek"
"persona","p332_idiohab2_cod","33.2. Idiomas o lenguas que habla, según el mayor uso: Segundo","categorica","34","Yaminawa"
"persona","p332_idiohab2_cod","33.2. Idiomas o lenguas que habla, según el mayor uso: Segundo","categorica","35","Yuqui"
"persona","p332_idiohab2_cod","33.2. Idiomas o lenguas que habla, según el mayor uso: Segundo","categorica","36","Yurakaré"
"persona","p332_idiohab2_cod","33.2. Idiomas o lenguas que habla, según el mayor uso: Segundo","categorica","37","Zamuco"
"persona","p332_idiohab2_cod","33.2. Idiomas o lenguas que habla, según el mayor uso: Segundo","categorica","40","Albanés"
"persona","p332_idiohab2_cod","33.2. Idiomas o lenguas que habla, según el mayor uso: Segundo","categorica","41","Alemán"
"persona","p332_idiohab2_cod","33.2. Idiomas o lenguas que habla, según el mayor uso: Segundo","categorica","42","Árabe"
"persona","p332_idiohab2_cod","33.2. Idiomas o lenguas que habla, según el mayor uso: Segundo","categorica","43","Búlgaro"
"persona","p332_idiohab2_cod","33.2. Idiomas o lenguas que habla, según el mayor uso: Segundo","categorica","44","Catalán"
"persona","p332_idiohab2_cod","33.2. Idiomas o lenguas que habla, según el mayor uso: Segundo","categorica","45","Chino"
"persona","p332_idiohab2_cod","33.2. Idiomas o lenguas que habla, según el mayor uso: Segundo","categorica","46","Coreano"
"persona","p332_idiohab2_cod","33.2. Idiomas o lenguas que habla, según el mayor uso: Segundo","categorica","47","Croata"
"persona","p332_idiohab2_cod","33.2. Idiomas o lenguas que habla, según el mayor uso: Segundo","categorica","48","Danés"
"persona","p332_idiohab2_cod","33.2. Idiomas o lenguas que habla, según el mayor uso: Segundo","categorica","49","Escocés"
"persona","p332_idiohab2_cod","33.2. Idiomas o lenguas que habla, según el mayor uso: Segundo","categorica","50","Finlandés"
"persona","p332_idiohab2_cod","33.2. Idiomas o lenguas que habla, según el mayor uso: Segundo","categorica","51","Francés"
"persona","p332_idiohab2_cod","33.2. Idiomas o lenguas que habla, según el mayor uso: Segundo","categorica","52","Holandés"
"persona","p332_idiohab2_cod","33.2. Idiomas o lenguas que habla, según el mayor uso: Segundo","categorica","53","Húngaro"
"persona","p332_idiohab2_cod","33.2. Idiomas o lenguas que habla, según el mayor uso: Segundo","categorica","54","Inglés"
"persona","p332_idiohab2_cod","33.2. Idiomas o lenguas que habla, según el mayor uso: Segundo","categorica","55","Italiano"
"persona","p332_idiohab2_cod","33.2. Idiomas o lenguas que habla, según el mayor uso: Segundo","categorica","56","Japonés"
"persona","p332_idiohab2_cod","33.2. Idiomas o lenguas que habla, según el mayor uso: Segundo","categorica","57","Noruego"
"persona","p332_idiohab2_cod","33.2. Idiomas o lenguas que habla, según el mayor uso: Segundo","categorica","58","Portugués"
"persona","p332_idiohab2_cod","33.2. Idiomas o lenguas que habla, según el mayor uso: Segundo","categorica","59","Rumano"
"persona","p332_idiohab2_cod","33.2. Idiomas o lenguas que habla, según el mayor uso: Segundo","categorica","60","Ruso"
"persona","p332_idiohab2_cod","33.2. Idiomas o lenguas que habla, según el mayor uso: Segundo","categorica","61","Serbio"
"persona","p332_idiohab2_cod","33.2. Idiomas o lenguas que habla, según el mayor uso: Segundo","categorica","62","Sueco"
"persona","p332_idiohab2_cod","33.2. Idiomas o lenguas que habla, según el mayor uso: Segundo","categorica","63","Tailandés"
"persona","p332_idiohab2_cod","33.2. Idiomas o lenguas que habla, según el mayor uso: Segundo","categorica","64","Turco"
"persona","p332_idiohab2_cod","33.2. Idiomas o lenguas que habla, según el mayor uso: Segundo","categorica","65","Ucraniano"
"persona","p332_idiohab2_cod","33.2. Idiomas o lenguas que habla, según el mayor uso: Segundo","categorica","66","Vasco"
"persona","p332_idiohab2_cod","33.2. Idiomas o lenguas que habla, según el mayor uso: Segundo","categorica","67","Vietnamés"
"persona","p332_idiohab2_cod","33.2. Idiomas o lenguas que habla, según el mayor uso: Segundo","categorica","81","Hebreo"
"persona","p332_idiohab2_cod","33.2. Idiomas o lenguas que habla, según el mayor uso: Segundo","categorica","82","Polaco"
"persona","p332_idiohab2_cod","33.2. Idiomas o lenguas que habla, según el mayor uso: Segundo","categorica","83","Checo"
"persona","p332_idiohab2_cod","33.2. Idiomas o lenguas que habla, según el mayor uso: Segundo","categorica","84","Griego"
"persona","p332_idiohab2_cod","33.2. Idiomas o lenguas que habla, según el mayor uso: Segundo","categorica","85","Persa"
"persona","p332_idiohab2_cod","33.2. Idiomas o lenguas que habla, según el mayor uso: Segundo","categorica","86","Suizo"
"persona","p332_idiohab2_cod","33.2. Idiomas o lenguas que habla, según el mayor uso: Segundo","categorica","87","Latin"
"persona","p332_idiohab2_cod","33.2. Idiomas o lenguas que habla, según el mayor uso: Segundo","categorica","88","Taiwanés"
"persona","p332_idiohab2_cod","33.2. Idiomas o lenguas que habla, según el mayor uso: Segundo","categorica","89","Africano"
"persona","p332_idiohab2_cod","33.2. Idiomas o lenguas que habla, según el mayor uso: Segundo","categorica","90","Gallego"
"persona","p332_idiohab2_cod","33.2. Idiomas o lenguas que habla, según el mayor uso: Segundo","categorica","91","Valenciano"
"persona","p332_idiohab2_cod","33.2. Idiomas o lenguas que habla, según el mayor uso: Segundo","categorica","92","Quinamaya"
"persona","p332_idiohab2_cod","33.2. Idiomas o lenguas que habla, según el mayor uso: Segundo","categorica","93","Qom (toba)"
"persona","p332_idiohab2_cod","33.2. Idiomas o lenguas que habla, según el mayor uso: Segundo","categorica","94","Afroboliviano"
"persona","p332_idiohab2_cod","33.2. Idiomas o lenguas que habla, según el mayor uso: Segundo","categorica","95","Joaquiniano"
"persona","p332_idiohab2_cod","33.2. Idiomas o lenguas que habla, según el mayor uso: Segundo","categorica","991","Otras declaraciones"
"persona","p332_idiohab2_cod","33.2. Idiomas o lenguas que habla, según el mayor uso: Segundo","categorica","992","Otro idioma extranjero"
"persona","p332_idiohab2_cod","33.2. Idiomas o lenguas que habla, según el mayor uso: Segundo","categorica","994","Lenguaje de señas"
"persona","p332_idiohab2_cod","33.2. Idiomas o lenguas que habla, según el mayor uso: Segundo","categorica","999","Sin especificar"
"persona","p333_idiohab3_cod","33.3. Idiomas o lenguas que habla, según el mayor uso: Tercero","categorica","1","Araona"
"persona","p333_idiohab3_cod","33.3. Idiomas o lenguas que habla, según el mayor uso: Tercero","categorica","2","Aymara"
"persona","p333_idiohab3_cod","33.3. Idiomas o lenguas que habla, según el mayor uso: Tercero","categorica","3","Baure"
"persona","p333_idiohab3_cod","33.3. Idiomas o lenguas que habla, según el mayor uso: Tercero","categorica","4","Bésiro"
"persona","p333_idiohab3_cod","33.3. Idiomas o lenguas que habla, según el mayor uso: Tercero","categorica","5","Canichana"
"persona","p333_idiohab3_cod","33.3. Idiomas o lenguas que habla, según el mayor uso: Tercero","categorica","6","Castellano"
"persona","p333_idiohab3_cod","33.3. Idiomas o lenguas que habla, según el mayor uso: Tercero","categorica","7","Kabineña"
"persona","p333_idiohab3_cod","33.3. Idiomas o lenguas que habla, según el mayor uso: Tercero","categorica","8","Cayubaba"
"persona","p333_idiohab3_cod","33.3. Idiomas o lenguas que habla, según el mayor uso: Tercero","categorica","9","Chácobo"
"persona","p333_idiohab3_cod","33.3. Idiomas o lenguas que habla, según el mayor uso: Tercero","categorica","10","Tsimane´"
"persona","p333_idiohab3_cod","33.3. Idiomas o lenguas que habla, según el mayor uso: Tercero","categorica","11","Ese Ejja"
"persona","p333_idiohab3_cod","33.3. Idiomas o lenguas que habla, según el mayor uso: Tercero","categorica","12","Guaraní"
"persona","p333_idiohab3_cod","33.3. Idiomas o lenguas que habla, según el mayor uso: Tercero","categorica","13","Guarasu´we"
"persona","p333_idiohab3_cod","33.3. Idiomas o lenguas que habla, según el mayor uso: Tercero","categorica","14","Gwarayu"
"persona","p333_idiohab3_cod","33.3. Idiomas o lenguas que habla, según el mayor uso: Tercero","categorica","15","Itonama"
"persona","p333_idiohab3_cod","33.3. Idiomas o lenguas que habla, según el mayor uso: Tercero","categorica","16","Leco"
"persona","p333_idiohab3_cod","33.3. Idiomas o lenguas que habla, según el mayor uso: Tercero","categorica","17","Macha´juyay Kallawaya"
"persona","p333_idiohab3_cod","33.3. Idiomas o lenguas que habla, según el mayor uso: Tercero","categorica","18","Machineri"
"persona","p333_idiohab3_cod","33.3. Idiomas o lenguas que habla, según el mayor uso: Tercero","categorica","19","Maropa"
"persona","p333_idiohab3_cod","33.3. Idiomas o lenguas que habla, según el mayor uso: Tercero","categorica","20","Mojeño Ignaciano"
"persona","p333_idiohab3_cod","33.3. Idiomas o lenguas que habla, según el mayor uso: Tercero","categorica","21","Mojeño Trinitario"
"persona","p333_idiohab3_cod","33.3. Idiomas o lenguas que habla, según el mayor uso: Tercero","categorica","22","Moré"
"persona","p333_idiohab3_cod","33.3. Idiomas o lenguas que habla, según el mayor uso: Tercero","categorica","23","Mosetén"
"persona","p333_idiohab3_cod","33.3. Idiomas o lenguas que habla, según el mayor uso: Tercero","categorica","24","Movima"
"persona","p333_idiohab3_cod","33.3. Idiomas o lenguas que habla, según el mayor uso: Tercero","categorica","25","Pacahuara"
"persona","p333_idiohab3_cod","33.3. Idiomas o lenguas que habla, según el mayor uso: Tercero","categorica","26","Puquina"
"persona","p333_idiohab3_cod","33.3. Idiomas o lenguas que habla, según el mayor uso: Tercero","categorica","27","Quechua"
"persona","p333_idiohab3_cod","33.3. Idiomas o lenguas que habla, según el mayor uso: Tercero","categorica","28","Sirionó"
"persona","p333_idiohab3_cod","33.3. Idiomas o lenguas que habla, según el mayor uso: Tercero","categorica","29","Tacana"
"persona","p333_idiohab3_cod","33.3. Idiomas o lenguas que habla, según el mayor uso: Tercero","categorica","30","Tapiete"
"persona","p333_idiohab3_cod","33.3. Idiomas o lenguas que habla, según el mayor uso: Tercero","categorica","31","Toromona"
"persona","p333_idiohab3_cod","33.3. Idiomas o lenguas que habla, según el mayor uso: Tercero","categorica","32","Uru-Chipaya"
"persona","p333_idiohab3_cod","33.3. Idiomas o lenguas que habla, según el mayor uso: Tercero","categorica","33","Weenhayek"
"persona","p333_idiohab3_cod","33.3. Idiomas o lenguas que habla, según el mayor uso: Tercero","categorica","34","Yaminawa"
"persona","p333_idiohab3_cod","33.3. Idiomas o lenguas que habla, según el mayor uso: Tercero","categorica","35","Yuqui"
"persona","p333_idiohab3_cod","33.3. Idiomas o lenguas que habla, según el mayor uso: Tercero","categorica","36","Yurakaré"
"persona","p333_idiohab3_cod","33.3. Idiomas o lenguas que habla, según el mayor uso: Tercero","categorica","37","Zamuco"
"persona","p333_idiohab3_cod","33.3. Idiomas o lenguas que habla, según el mayor uso: Tercero","categorica","40","Albanés"
"persona","p333_idiohab3_cod","33.3. Idiomas o lenguas que habla, según el mayor uso: Tercero","categorica","41","Alemán"
"persona","p333_idiohab3_cod","33.3. Idiomas o lenguas que habla, según el mayor uso: Tercero","categorica","42","Árabe"
"persona","p333_idiohab3_cod","33.3. Idiomas o lenguas que habla, según el mayor uso: Tercero","categorica","43","Búlgaro"
"persona","p333_idiohab3_cod","33.3. Idiomas o lenguas que habla, según el mayor uso: Tercero","categorica","44","Catalán"
"persona","p333_idiohab3_cod","33.3. Idiomas o lenguas que habla, según el mayor uso: Tercero","categorica","45","Chino"
"persona","p333_idiohab3_cod","33.3. Idiomas o lenguas que habla, según el mayor uso: Tercero","categorica","46","Coreano"
"persona","p333_idiohab3_cod","33.3. Idiomas o lenguas que habla, según el mayor uso: Tercero","categorica","47","Croata"
"persona","p333_idiohab3_cod","33.3. Idiomas o lenguas que habla, según el mayor uso: Tercero","categorica","48","Danés"
"persona","p333_idiohab3_cod","33.3. Idiomas o lenguas que habla, según el mayor uso: Tercero","categorica","49","Escocés"
"persona","p333_idiohab3_cod","33.3. Idiomas o lenguas que habla, según el mayor uso: Tercero","categorica","50","Finlandés"
"persona","p333_idiohab3_cod","33.3. Idiomas o lenguas que habla, según el mayor uso: Tercero","categorica","51","Francés"
"persona","p333_idiohab3_cod","33.3. Idiomas o lenguas que habla, según el mayor uso: Tercero","categorica","52","Holandés"
"persona","p333_idiohab3_cod","33.3. Idiomas o lenguas que habla, según el mayor uso: Tercero","categorica","53","Húngaro"
"persona","p333_idiohab3_cod","33.3. Idiomas o lenguas que habla, según el mayor uso: Tercero","categorica","54","Inglés"
"persona","p333_idiohab3_cod","33.3. Idiomas o lenguas que habla, según el mayor uso: Tercero","categorica","55","Italiano"
"persona","p333_idiohab3_cod","33.3. Idiomas o lenguas que habla, según el mayor uso: Tercero","categorica","56","Japonés"
"persona","p333_idiohab3_cod","33.3. Idiomas o lenguas que habla, según el mayor uso: Tercero","categorica","57","Noruego"
"persona","p333_idiohab3_cod","33.3. Idiomas o lenguas que habla, según el mayor uso: Tercero","categorica","58","Portugués"
"persona","p333_idiohab3_cod","33.3. Idiomas o lenguas que habla, según el mayor uso: Tercero","categorica","59","Rumano"
"persona","p333_idiohab3_cod","33.3. Idiomas o lenguas que habla, según el mayor uso: Tercero","categorica","60","Ruso"
"persona","p333_idiohab3_cod","33.3. Idiomas o lenguas que habla, según el mayor uso: Tercero","categorica","61","Serbio"
"persona","p333_idiohab3_cod","33.3. Idiomas o lenguas que habla, según el mayor uso: Tercero","categorica","62","Sueco"
"persona","p333_idiohab3_cod","33.3. Idiomas o lenguas que habla, según el mayor uso: Tercero","categorica","63","Tailandés"
"persona","p333_idiohab3_cod","33.3. Idiomas o lenguas que habla, según el mayor uso: Tercero","categorica","64","Turco"
"persona","p333_idiohab3_cod","33.3. Idiomas o lenguas que habla, según el mayor uso: Tercero","categorica","65","Ucraniano"
"persona","p333_idiohab3_cod","33.3. Idiomas o lenguas que habla, según el mayor uso: Tercero","categorica","66","Vasco"
"persona","p333_idiohab3_cod","33.3. Idiomas o lenguas que habla, según el mayor uso: Tercero","categorica","67","Vietnamés"
"persona","p333_idiohab3_cod","33.3. Idiomas o lenguas que habla, según el mayor uso: Tercero","categorica","81","Hebreo"
"persona","p333_idiohab3_cod","33.3. Idiomas o lenguas que habla, según el mayor uso: Tercero","categorica","82","Polaco"
"persona","p333_idiohab3_cod","33.3. Idiomas o lenguas que habla, según el mayor uso: Tercero","categorica","83","Checo"
"persona","p333_idiohab3_cod","33.3. Idiomas o lenguas que habla, según el mayor uso: Tercero","categorica","84","Griego"
"persona","p333_idiohab3_cod","33.3. Idiomas o lenguas que habla, según el mayor uso: Tercero","categorica","85","Persa"
"persona","p333_idiohab3_cod","33.3. Idiomas o lenguas que habla, según el mayor uso: Tercero","categorica","86","Suizo"
"persona","p333_idiohab3_cod","33.3. Idiomas o lenguas que habla, según el mayor uso: Tercero","categorica","87","Latin"
"persona","p333_idiohab3_cod","33.3. Idiomas o lenguas que habla, según el mayor uso: Tercero","categorica","88","Taiwanés"
"persona","p333_idiohab3_cod","33.3. Idiomas o lenguas que habla, según el mayor uso: Tercero","categorica","89","Africano"
"persona","p333_idiohab3_cod","33.3. Idiomas o lenguas que habla, según el mayor uso: Tercero","categorica","90","Gallego"
"persona","p333_idiohab3_cod","33.3. Idiomas o lenguas que habla, según el mayor uso: Tercero","categorica","91","Valenciano"
"persona","p333_idiohab3_cod","33.3. Idiomas o lenguas que habla, según el mayor uso: Tercero","categorica","92","Quinamaya"
"persona","p333_idiohab3_cod","33.3. Idiomas o lenguas que habla, según el mayor uso: Tercero","categorica","93","Qom (toba)"
"persona","p333_idiohab3_cod","33.3. Idiomas o lenguas que habla, según el mayor uso: Tercero","categorica","94","Afroboliviano"
"persona","p333_idiohab3_cod","33.3. Idiomas o lenguas que habla, según el mayor uso: Tercero","categorica","95","Joaquiniano"
"persona","p333_idiohab3_cod","33.3. Idiomas o lenguas que habla, según el mayor uso: Tercero","categorica","991","Otras declaraciones"
"persona","p333_idiohab3_cod","33.3. Idiomas o lenguas que habla, según el mayor uso: Tercero","categorica","992","Otro idioma extranjero"
"persona","p333_idiohab3_cod","33.3. Idiomas o lenguas que habla, según el mayor uso: Tercero","categorica","994","Lenguaje de señas"
"persona","p333_idiohab3_cod","33.3. Idiomas o lenguas que habla, según el mayor uso: Tercero","categorica","999","Sin especificar"
"persona","p334_idiohab_no","33.4. Idiomas o lenguas que habla, según el mayor uso: No habla","categorica","1","No habla"
"persona","p341_idiomat_cod","34.1. Primer idioma o lengua en el que aprendió a hablar en su niñez","categorica","1","Araona"
"persona","p341_idiomat_cod","34.1. Primer idioma o lengua en el que aprendió a hablar en su niñez","categorica","2","Aymara"
"persona","p341_idiomat_cod","34.1. Primer idioma o lengua en el que aprendió a hablar en su niñez","categorica","3","Baure"
"persona","p341_idiomat_cod","34.1. Primer idioma o lengua en el que aprendió a hablar en su niñez","categorica","4","Bésiro"
"persona","p341_idiomat_cod","34.1. Primer idioma o lengua en el que aprendió a hablar en su niñez","categorica","5","Canichana"
"persona","p341_idiomat_cod","34.1. Primer idioma o lengua en el que aprendió a hablar en su niñez","categorica","6","Castellano"
"persona","p341_idiomat_cod","34.1. Primer idioma o lengua en el que aprendió a hablar en su niñez","categorica","7","Kabineña"
"persona","p341_idiomat_cod","34.1. Primer idioma o lengua en el que aprendió a hablar en su niñez","categorica","8","Cayubaba"
"persona","p341_idiomat_cod","34.1. Primer idioma o lengua en el que aprendió a hablar en su niñez","categorica","9","Chácobo"
"persona","p341_idiomat_cod","34.1. Primer idioma o lengua en el que aprendió a hablar en su niñez","categorica","10","Tsimane´"
"persona","p341_idiomat_cod","34.1. Primer idioma o lengua en el que aprendió a hablar en su niñez","categorica","11","Ese Ejja"
"persona","p341_idiomat_cod","34.1. Primer idioma o lengua en el que aprendió a hablar en su niñez","categorica","12","Guaraní"
"persona","p341_idiomat_cod","34.1. Primer idioma o lengua en el que aprendió a hablar en su niñez","categorica","13","Guarasu´we"
"persona","p341_idiomat_cod","34.1. Primer idioma o lengua en el que aprendió a hablar en su niñez","categorica","14","Gwarayu"
"persona","p341_idiomat_cod","34.1. Primer idioma o lengua en el que aprendió a hablar en su niñez","categorica","15","Itonama"
"persona","p341_idiomat_cod","34.1. Primer idioma o lengua en el que aprendió a hablar en su niñez","categorica","16","Leco"
"persona","p341_idiomat_cod","34.1. Primer idioma o lengua en el que aprendió a hablar en su niñez","categorica","17","Macha´juyay Kallawaya"
"persona","p341_idiomat_cod","34.1. Primer idioma o lengua en el que aprendió a hablar en su niñez","categorica","18","Machineri"
"persona","p341_idiomat_cod","34.1. Primer idioma o lengua en el que aprendió a hablar en su niñez","categorica","19","Maropa"
"persona","p341_idiomat_cod","34.1. Primer idioma o lengua en el que aprendió a hablar en su niñez","categorica","20","Mojeño Ignaciano"
"persona","p341_idiomat_cod","34.1. Primer idioma o lengua en el que aprendió a hablar en su niñez","categorica","21","Mojeño Trinitario"
"persona","p341_idiomat_cod","34.1. Primer idioma o lengua en el que aprendió a hablar en su niñez","categorica","22","Moré"
"persona","p341_idiomat_cod","34.1. Primer idioma o lengua en el que aprendió a hablar en su niñez","categorica","23","Mosetén"
"persona","p341_idiomat_cod","34.1. Primer idioma o lengua en el que aprendió a hablar en su niñez","categorica","24","Movima"
"persona","p341_idiomat_cod","34.1. Primer idioma o lengua en el que aprendió a hablar en su niñez","categorica","25","Pacahuara"
"persona","p341_idiomat_cod","34.1. Primer idioma o lengua en el que aprendió a hablar en su niñez","categorica","26","Puquina"
"persona","p341_idiomat_cod","34.1. Primer idioma o lengua en el que aprendió a hablar en su niñez","categorica","27","Quechua"
"persona","p341_idiomat_cod","34.1. Primer idioma o lengua en el que aprendió a hablar en su niñez","categorica","28","Sirionó"
"persona","p341_idiomat_cod","34.1. Primer idioma o lengua en el que aprendió a hablar en su niñez","categorica","29","Tacana"
"persona","p341_idiomat_cod","34.1. Primer idioma o lengua en el que aprendió a hablar en su niñez","categorica","30","Tapiete"
"persona","p341_idiomat_cod","34.1. Primer idioma o lengua en el que aprendió a hablar en su niñez","categorica","31","Toromona"
"persona","p341_idiomat_cod","34.1. Primer idioma o lengua en el que aprendió a hablar en su niñez","categorica","32","Uru-Chipaya"
"persona","p341_idiomat_cod","34.1. Primer idioma o lengua en el que aprendió a hablar en su niñez","categorica","33","Weenhayek"
"persona","p341_idiomat_cod","34.1. Primer idioma o lengua en el que aprendió a hablar en su niñez","categorica","34","Yaminawa"
"persona","p341_idiomat_cod","34.1. Primer idioma o lengua en el que aprendió a hablar en su niñez","categorica","35","Yuqui"
"persona","p341_idiomat_cod","34.1. Primer idioma o lengua en el que aprendió a hablar en su niñez","categorica","36","Yurakaré"
"persona","p341_idiomat_cod","34.1. Primer idioma o lengua en el que aprendió a hablar en su niñez","categorica","37","Zamuco"
"persona","p341_idiomat_cod","34.1. Primer idioma o lengua en el que aprendió a hablar en su niñez","categorica","40","Albanés"
"persona","p341_idiomat_cod","34.1. Primer idioma o lengua en el que aprendió a hablar en su niñez","categorica","41","Alemán"
"persona","p341_idiomat_cod","34.1. Primer idioma o lengua en el que aprendió a hablar en su niñez","categorica","42","Árabe"
"persona","p341_idiomat_cod","34.1. Primer idioma o lengua en el que aprendió a hablar en su niñez","categorica","43","Búlgaro"
"persona","p341_idiomat_cod","34.1. Primer idioma o lengua en el que aprendió a hablar en su niñez","categorica","44","Catalán"
"persona","p341_idiomat_cod","34.1. Primer idioma o lengua en el que aprendió a hablar en su niñez","categorica","45","Chino"
"persona","p341_idiomat_cod","34.1. Primer idioma o lengua en el que aprendió a hablar en su niñez","categorica","46","Coreano"
"persona","p341_idiomat_cod","34.1. Primer idioma o lengua en el que aprendió a hablar en su niñez","categorica","47","Croata"
"persona","p341_idiomat_cod","34.1. Primer idioma o lengua en el que aprendió a hablar en su niñez","categorica","48","Danés"
"persona","p341_idiomat_cod","34.1. Primer idioma o lengua en el que aprendió a hablar en su niñez","categorica","49","Escocés"
"persona","p341_idiomat_cod","34.1. Primer idioma o lengua en el que aprendió a hablar en su niñez","categorica","50","Finlandés"
"persona","p341_idiomat_cod","34.1. Primer idioma o lengua en el que aprendió a hablar en su niñez","categorica","51","Francés"
"persona","p341_idiomat_cod","34.1. Primer idioma o lengua en el que aprendió a hablar en su niñez","categorica","52","Holandés"
"persona","p341_idiomat_cod","34.1. Primer idioma o lengua en el que aprendió a hablar en su niñez","categorica","53","Húngaro"
"persona","p341_idiomat_cod","34.1. Primer idioma o lengua en el que aprendió a hablar en su niñez","categorica","54","Inglés"
"persona","p341_idiomat_cod","34.1. Primer idioma o lengua en el que aprendió a hablar en su niñez","categorica","55","Italiano"
"persona","p341_idiomat_cod","34.1. Primer idioma o lengua en el que aprendió a hablar en su niñez","categorica","56","Japonés"
"persona","p341_idiomat_cod","34.1. Primer idioma o lengua en el que aprendió a hablar en su niñez","categorica","57","Noruego"
"persona","p341_idiomat_cod","34.1. Primer idioma o lengua en el que aprendió a hablar en su niñez","categorica","58","Portugués"
"persona","p341_idiomat_cod","34.1. Primer idioma o lengua en el que aprendió a hablar en su niñez","categorica","59","Rumano"
"persona","p341_idiomat_cod","34.1. Primer idioma o lengua en el que aprendió a hablar en su niñez","categorica","60","Ruso"
"persona","p341_idiomat_cod","34.1. Primer idioma o lengua en el que aprendió a hablar en su niñez","categorica","61","Serbio"
"persona","p341_idiomat_cod","34.1. Primer idioma o lengua en el que aprendió a hablar en su niñez","categorica","62","Sueco"
"persona","p341_idiomat_cod","34.1. Primer idioma o lengua en el que aprendió a hablar en su niñez","categorica","63","Tailandés"
"persona","p341_idiomat_cod","34.1. Primer idioma o lengua en el que aprendió a hablar en su niñez","categorica","64","Turco"
"persona","p341_idiomat_cod","34.1. Primer idioma o lengua en el que aprendió a hablar en su niñez","categorica","65","Ucraniano"
"persona","p341_idiomat_cod","34.1. Primer idioma o lengua en el que aprendió a hablar en su niñez","categorica","66","Vasco"
"persona","p341_idiomat_cod","34.1. Primer idioma o lengua en el que aprendió a hablar en su niñez","categorica","67","Vietnamés"
"persona","p341_idiomat_cod","34.1. Primer idioma o lengua en el que aprendió a hablar en su niñez","categorica","81","Hebreo"
"persona","p341_idiomat_cod","34.1. Primer idioma o lengua en el que aprendió a hablar en su niñez","categorica","82","Polaco"
"persona","p341_idiomat_cod","34.1. Primer idioma o lengua en el que aprendió a hablar en su niñez","categorica","83","Checo"
"persona","p341_idiomat_cod","34.1. Primer idioma o lengua en el que aprendió a hablar en su niñez","categorica","84","Griego"
"persona","p341_idiomat_cod","34.1. Primer idioma o lengua en el que aprendió a hablar en su niñez","categorica","85","Persa"
"persona","p341_idiomat_cod","34.1. Primer idioma o lengua en el que aprendió a hablar en su niñez","categorica","86","Suizo"
"persona","p341_idiomat_cod","34.1. Primer idioma o lengua en el que aprendió a hablar en su niñez","categorica","87","Latin"
"persona","p341_idiomat_cod","34.1. Primer idioma o lengua en el que aprendió a hablar en su niñez","categorica","88","Taiwanés"
"persona","p341_idiomat_cod","34.1. Primer idioma o lengua en el que aprendió a hablar en su niñez","categorica","89","Africano"
"persona","p341_idiomat_cod","34.1. Primer idioma o lengua en el que aprendió a hablar en su niñez","categorica","90","Gallego"
"persona","p341_idiomat_cod","34.1. Primer idioma o lengua en el que aprendió a hablar en su niñez","categorica","91","Valenciano"
"persona","p341_idiomat_cod","34.1. Primer idioma o lengua en el que aprendió a hablar en su niñez","categorica","92","Quinamaya"
"persona","p341_idiomat_cod","34.1. Primer idioma o lengua en el que aprendió a hablar en su niñez","categorica","93","Qom (toba)"
"persona","p341_idiomat_cod","34.1. Primer idioma o lengua en el que aprendió a hablar en su niñez","categorica","94","Afroboliviano"
"persona","p341_idiomat_cod","34.1. Primer idioma o lengua en el que aprendió a hablar en su niñez","categorica","95","Joaquiniano"
"persona","p341_idiomat_cod","34.1. Primer idioma o lengua en el que aprendió a hablar en su niñez","categorica","991","Otras declaraciones"
"persona","p341_idiomat_cod","34.1. Primer idioma o lengua en el que aprendió a hablar en su niñez","categorica","992","Otro idioma extranjero"
"persona","p341_idiomat_cod","34.1. Primer idioma o lengua en el que aprendió a hablar en su niñez","categorica","994","Lenguaje de señas"
"persona","p341_idiomat_cod","34.1. Primer idioma o lengua en el que aprendió a hablar en su niñez","categorica","999","Sin especificar"
"persona","p342_idiomat_no","34.2.Primer idioma o lengua en el que aprendió a hablar en su niñez : No habla","categorica","1","No habla"
"persona","p35_lugnac","35. Donde nació","categorica","1","Aquí, en este municipio"
"persona","p35_lugnac","35. Donde nació","categorica","2","En otro municipio del país"
"persona","p35_lugnac","35. Donde nació","categorica","3","En otro país"
"persona","p35_lugnac","35. Donde nació","categorica","9","Sin Especificar"
"persona","p35j_deptocod","35.2.A. Departamento de nacimiento","categorica","1","Chuquisaca"
"persona","p35j_deptocod","35.2.A. Departamento de nacimiento","categorica","2","La Paz"
"persona","p35j_deptocod","35.2.A. Departamento de nacimiento","categorica","3","Cochabamba"
"persona","p35j_deptocod","35.2.A. Departamento de nacimiento","categorica","4","Oruro"
"persona","p35j_deptocod","35.2.A. Departamento de nacimiento","categorica","5","Potosí"
"persona","p35j_deptocod","35.2.A. Departamento de nacimiento","categorica","6","Tarija"
"persona","p35j_deptocod","35.2.A. Departamento de nacimiento","categorica","7","Santa Cruz"
"persona","p35j_deptocod","35.2.A. Departamento de nacimiento","categorica","8","Beni"
"persona","p35j_deptocod","35.2.A. Departamento de nacimiento","categorica","9","Pando"
"persona","p35j_deptocod","35.2.A. Departamento de nacimiento","categorica","99","Departamento sin especificar"
"persona","p35h1_provcod","35.2.B. Provincia de nacimiento","numerica",NA,NA
"persona","p35h_muncod","35.2.C. Municipio de nacimiento","numerica",NA,NA
"persona","p354_anllega","35.3. Año que llegó a Bolivia","categorica","9999","Sin especificar"
"persona","p353_paisnac_cod","35.3. País de nacimiento","categorica","4","Afganistán"
"persona","p353_paisnac_cod","35.3. País de nacimiento","categorica","8","Albania"
"persona","p353_paisnac_cod","35.3. País de nacimiento","categorica","12","Argelia"
"persona","p353_paisnac_cod","35.3. País de nacimiento","categorica","16","Samoa Americana"
"persona","p353_paisnac_cod","35.3. País de nacimiento","categorica","20","Andorra"
"persona","p353_paisnac_cod","35.3. País de nacimiento","categorica","24","Angola"
"persona","p353_paisnac_cod","35.3. País de nacimiento","categorica","28","Antigua y Barbuda"
"persona","p353_paisnac_cod","35.3. País de nacimiento","categorica","31","Azerbaiyán"
"persona","p353_paisnac_cod","35.3. País de nacimiento","categorica","32","Argentina"
"persona","p353_paisnac_cod","35.3. País de nacimiento","categorica","36","Australia"
"persona","p353_paisnac_cod","35.3. País de nacimiento","categorica","40","Austria"
"persona","p353_paisnac_cod","35.3. País de nacimiento","categorica","44","Bahamas"
"persona","p353_paisnac_cod","35.3. País de nacimiento","categorica","48","Bahrein"
"persona","p353_paisnac_cod","35.3. País de nacimiento","categorica","50","Bangladesh"
"persona","p353_paisnac_cod","35.3. País de nacimiento","categorica","51","Armenia"
"persona","p353_paisnac_cod","35.3. País de nacimiento","categorica","52","Barbados"
"persona","p353_paisnac_cod","35.3. País de nacimiento","categorica","56","Bélgica"
"persona","p353_paisnac_cod","35.3. País de nacimiento","categorica","60","Bermuda"
"persona","p353_paisnac_cod","35.3. País de nacimiento","categorica","64","Bhután"
"persona","p353_paisnac_cod","35.3. País de nacimiento","categorica","68","Bolivia (Estado Plurinacional de"
"persona","p353_paisnac_cod","35.3. País de nacimiento","categorica","70","Bosnia y Herzegovina"
"persona","p353_paisnac_cod","35.3. País de nacimiento","categorica","72","Botswana"
"persona","p353_paisnac_cod","35.3. País de nacimiento","categorica","76","Brasil"
"persona","p353_paisnac_cod","35.3. País de nacimiento","categorica","84","Belice"
"persona","p353_paisnac_cod","35.3. País de nacimiento","categorica","90","Islas Salomón"
"persona","p353_paisnac_cod","35.3. País de nacimiento","categorica","92","Islas Vírgenes Británicas"
"persona","p353_paisnac_cod","35.3. País de nacimiento","categorica","96","Brunei Darussalam"
"persona","p353_paisnac_cod","35.3. País de nacimiento","categorica","100","Bulgaria"
"persona","p353_paisnac_cod","35.3. País de nacimiento","categorica","104","Myanmar"
"persona","p353_paisnac_cod","35.3. País de nacimiento","categorica","108","Burundi"
"persona","p353_paisnac_cod","35.3. País de nacimiento","categorica","112","Belarús"
"persona","p353_paisnac_cod","35.3. País de nacimiento","categorica","116","Camboya"
"persona","p353_paisnac_cod","35.3. País de nacimiento","categorica","120","Camerún"
"persona","p353_paisnac_cod","35.3. País de nacimiento","categorica","124","Canadá"
"persona","p353_paisnac_cod","35.3. País de nacimiento","categorica","132","Cabo Verde"
"persona","p353_paisnac_cod","35.3. País de nacimiento","categorica","136","Islas Caimán"
"persona","p353_paisnac_cod","35.3. País de nacimiento","categorica","140","República Centroafricana"
"persona","p353_paisnac_cod","35.3. País de nacimiento","categorica","144","Sri Lanka"
"persona","p353_paisnac_cod","35.3. País de nacimiento","categorica","148","Chad"
"persona","p353_paisnac_cod","35.3. País de nacimiento","categorica","152","Chile"
"persona","p353_paisnac_cod","35.3. País de nacimiento","categorica","156","China"
"persona","p353_paisnac_cod","35.3. País de nacimiento","categorica","158","Taiwán (Provincia de China)"
"persona","p353_paisnac_cod","35.3. País de nacimiento","categorica","162","Isla Christmas"
"persona","p353_paisnac_cod","35.3. País de nacimiento","categorica","166","Islas Cocos (Keeling)"
"persona","p353_paisnac_cod","35.3. País de nacimiento","categorica","170","Colombia"
"persona","p353_paisnac_cod","35.3. País de nacimiento","categorica","174","Comoras"
"persona","p353_paisnac_cod","35.3. País de nacimiento","categorica","175","Mayotte"
"persona","p353_paisnac_cod","35.3. País de nacimiento","categorica","178","Congo"
"persona","p353_paisnac_cod","35.3. País de nacimiento","categorica","180","República Democrática del Congo"
"persona","p353_paisnac_cod","35.3. País de nacimiento","categorica","184","Islas Cook"
"persona","p353_paisnac_cod","35.3. País de nacimiento","categorica","188","Costa Rica"
"persona","p353_paisnac_cod","35.3. País de nacimiento","categorica","191","Croacia"
"persona","p353_paisnac_cod","35.3. País de nacimiento","categorica","192","Cuba"
"persona","p353_paisnac_cod","35.3. País de nacimiento","categorica","196","Chipre"
"persona","p353_paisnac_cod","35.3. País de nacimiento","categorica","203","República Checa"
"persona","p353_paisnac_cod","35.3. País de nacimiento","categorica","204","Benin"
"persona","p353_paisnac_cod","35.3. País de nacimiento","categorica","208","Dinamarca"
"persona","p353_paisnac_cod","35.3. País de nacimiento","categorica","212","Dominica"
"persona","p353_paisnac_cod","35.3. País de nacimiento","categorica","214","República Dominicana"
"persona","p353_paisnac_cod","35.3. País de nacimiento","categorica","218","Ecuador"
"persona","p353_paisnac_cod","35.3. País de nacimiento","categorica","222","El Salvador"
"persona","p353_paisnac_cod","35.3. País de nacimiento","categorica","226","Guinea Ecuatorial"
"persona","p353_paisnac_cod","35.3. País de nacimiento","categorica","231","Etiopía"
"persona","p353_paisnac_cod","35.3. País de nacimiento","categorica","232","Eritrea"
"persona","p353_paisnac_cod","35.3. País de nacimiento","categorica","233","Estonia"
"persona","p353_paisnac_cod","35.3. País de nacimiento","categorica","234","Islas Feroe"
"persona","p353_paisnac_cod","35.3. País de nacimiento","categorica","238","Islas Malvinas (Falkland)"
"persona","p353_paisnac_cod","35.3. País de nacimiento","categorica","239","Georgia del Sur y las Islas Sandwich del Sur"
"persona","p353_paisnac_cod","35.3. País de nacimiento","categorica","242","Fiji"
"persona","p353_paisnac_cod","35.3. País de nacimiento","categorica","246","Finlandia"
"persona","p353_paisnac_cod","35.3. País de nacimiento","categorica","248","Islas Åland"
"persona","p353_paisnac_cod","35.3. País de nacimiento","categorica","250","Francia"
"persona","p353_paisnac_cod","35.3. País de nacimiento","categorica","254","Guayana Francesa"
"persona","p353_paisnac_cod","35.3. País de nacimiento","categorica","258","Polinesia Francesa"
"persona","p353_paisnac_cod","35.3. País de nacimiento","categorica","260","Territorio de las Tierras Australes Francesas"
"persona","p353_paisnac_cod","35.3. País de nacimiento","categorica","262","Djibouti"
"persona","p353_paisnac_cod","35.3. País de nacimiento","categorica","266","Gabón"
"persona","p353_paisnac_cod","35.3. País de nacimiento","categorica","268","Georgia"
"persona","p353_paisnac_cod","35.3. País de nacimiento","categorica","270","Gambia"
"persona","p353_paisnac_cod","35.3. País de nacimiento","categorica","275","Estado de Palestina"
"persona","p353_paisnac_cod","35.3. País de nacimiento","categorica","276","Alemania"
"persona","p353_paisnac_cod","35.3. País de nacimiento","categorica","288","Ghana"
"persona","p353_paisnac_cod","35.3. País de nacimiento","categorica","292","Gibraltar"
"persona","p353_paisnac_cod","35.3. País de nacimiento","categorica","296","Kiribati"
"persona","p353_paisnac_cod","35.3. País de nacimiento","categorica","300","Grecia"
"persona","p353_paisnac_cod","35.3. País de nacimiento","categorica","304","Groenlandia"
"persona","p353_paisnac_cod","35.3. País de nacimiento","categorica","308","Granada"
"persona","p353_paisnac_cod","35.3. País de nacimiento","categorica","312","Guadalupe"
"persona","p353_paisnac_cod","35.3. País de nacimiento","categorica","316","Guam"
"persona","p353_paisnac_cod","35.3. País de nacimiento","categorica","320","Guatemala"
"persona","p353_paisnac_cod","35.3. País de nacimiento","categorica","324","Guinea"
"persona","p353_paisnac_cod","35.3. País de nacimiento","categorica","328","Guyana"
"persona","p353_paisnac_cod","35.3. País de nacimiento","categorica","332","Haití"
"persona","p353_paisnac_cod","35.3. País de nacimiento","categorica","336","Santa Sede"
"persona","p353_paisnac_cod","35.3. País de nacimiento","categorica","340","Honduras"
"persona","p353_paisnac_cod","35.3. País de nacimiento","categorica","344","China, región administrativa especial de Hong Kong"
"persona","p353_paisnac_cod","35.3. País de nacimiento","categorica","348","Hungría"
"persona","p353_paisnac_cod","35.3. País de nacimiento","categorica","352","Islandia"
"persona","p353_paisnac_cod","35.3. País de nacimiento","categorica","356","India"
"persona","p353_paisnac_cod","35.3. País de nacimiento","categorica","360","Indonesia"
"persona","p353_paisnac_cod","35.3. País de nacimiento","categorica","364","Irán (República Islámica del)"
"persona","p353_paisnac_cod","35.3. País de nacimiento","categorica","368","Iraq"
"persona","p353_paisnac_cod","35.3. País de nacimiento","categorica","372","Irlanda"
"persona","p353_paisnac_cod","35.3. País de nacimiento","categorica","376","Israel"
"persona","p353_paisnac_cod","35.3. País de nacimiento","categorica","380","Italia"
"persona","p353_paisnac_cod","35.3. País de nacimiento","categorica","384","Costa de Marfil"
"persona","p353_paisnac_cod","35.3. País de nacimiento","categorica","388","Jamaica"
"persona","p353_paisnac_cod","35.3. País de nacimiento","categorica","392","Japón"
"persona","p353_paisnac_cod","35.3. País de nacimiento","categorica","398","Kazajstán"
"persona","p353_paisnac_cod","35.3. País de nacimiento","categorica","400","Jordania"
"persona","p353_paisnac_cod","35.3. País de nacimiento","categorica","404","Kenya"
"persona","p353_paisnac_cod","35.3. País de nacimiento","categorica","408","República Popular Democrática de Corea"
"persona","p353_paisnac_cod","35.3. País de nacimiento","categorica","410","República de Corea"
"persona","p353_paisnac_cod","35.3. País de nacimiento","categorica","414","Kuwait"
"persona","p353_paisnac_cod","35.3. País de nacimiento","categorica","417","Kirguistán"
"persona","p353_paisnac_cod","35.3. País de nacimiento","categorica","418","República Democrática Popular Lao"
"persona","p353_paisnac_cod","35.3. País de nacimiento","categorica","422","Líbano"
"persona","p353_paisnac_cod","35.3. País de nacimiento","categorica","426","Lesotho"
"persona","p353_paisnac_cod","35.3. País de nacimiento","categorica","428","Letonia"
"persona","p353_paisnac_cod","35.3. País de nacimiento","categorica","430","Liberia"
"persona","p353_paisnac_cod","35.3. País de nacimiento","categorica","434","Libia"
"persona","p353_paisnac_cod","35.3. País de nacimiento","categorica","438","Liechtenstein"
"persona","p353_paisnac_cod","35.3. País de nacimiento","categorica","440","Lituania"
"persona","p353_paisnac_cod","35.3. País de nacimiento","categorica","442","Luxemburgo"
"persona","p353_paisnac_cod","35.3. País de nacimiento","categorica","446","China, región administrativa especial de Macao"
"persona","p353_paisnac_cod","35.3. País de nacimiento","categorica","450","Madagascar"
"persona","p353_paisnac_cod","35.3. País de nacimiento","categorica","454","Malawi"
"persona","p353_paisnac_cod","35.3. País de nacimiento","categorica","458","Malasia"
"persona","p353_paisnac_cod","35.3. País de nacimiento","categorica","462","Maldivas"
"persona","p353_paisnac_cod","35.3. País de nacimiento","categorica","466","Malí"
"persona","p353_paisnac_cod","35.3. País de nacimiento","categorica","470","Malta"
"persona","p353_paisnac_cod","35.3. País de nacimiento","categorica","474","Martinica"
"persona","p353_paisnac_cod","35.3. País de nacimiento","categorica","478","Mauritania"
"persona","p353_paisnac_cod","35.3. País de nacimiento","categorica","480","Mauricio"
"persona","p353_paisnac_cod","35.3. País de nacimiento","categorica","484","México"
"persona","p353_paisnac_cod","35.3. País de nacimiento","categorica","492","Mónaco"
"persona","p353_paisnac_cod","35.3. País de nacimiento","categorica","496","Mongolia"
"persona","p353_paisnac_cod","35.3. País de nacimiento","categorica","498","República de Moldova"
"persona","p353_paisnac_cod","35.3. País de nacimiento","categorica","499","Montenegro"
"persona","p353_paisnac_cod","35.3. País de nacimiento","categorica","500","Montserrat"
"persona","p353_paisnac_cod","35.3. País de nacimiento","categorica","504","Marruecos"
"persona","p353_paisnac_cod","35.3. País de nacimiento","categorica","508","Mozambique"
"persona","p353_paisnac_cod","35.3. País de nacimiento","categorica","512","Omán"
"persona","p353_paisnac_cod","35.3. País de nacimiento","categorica","516","Namibia"
"persona","p353_paisnac_cod","35.3. País de nacimiento","categorica","520","Nauru"
"persona","p353_paisnac_cod","35.3. País de nacimiento","categorica","524","Nepal"
"persona","p353_paisnac_cod","35.3. País de nacimiento","categorica","528","Países Bajos"
"persona","p353_paisnac_cod","35.3. País de nacimiento","categorica","531","Curazao"
"persona","p353_paisnac_cod","35.3. País de nacimiento","categorica","533","Aruba"
"persona","p353_paisnac_cod","35.3. País de nacimiento","categorica","534","San Martín (parte Holandesa)"
"persona","p353_paisnac_cod","35.3. País de nacimiento","categorica","535","Bonaire, San Eustaquio y Saba"
"persona","p353_paisnac_cod","35.3. País de nacimiento","categorica","540","Nueva Caledonia"
"persona","p353_paisnac_cod","35.3. País de nacimiento","categorica","548","Vanuatu"
"persona","p353_paisnac_cod","35.3. País de nacimiento","categorica","554","Nueva Zelandia"
"persona","p353_paisnac_cod","35.3. País de nacimiento","categorica","558","Nicaragua"
"persona","p353_paisnac_cod","35.3. País de nacimiento","categorica","562","Níger"
"persona","p353_paisnac_cod","35.3. País de nacimiento","categorica","566","Nigeria"
"persona","p353_paisnac_cod","35.3. País de nacimiento","categorica","570","Niue"
"persona","p353_paisnac_cod","35.3. País de nacimiento","categorica","574","Isla Norfolk"
"persona","p353_paisnac_cod","35.3. País de nacimiento","categorica","578","Noruega"
"persona","p353_paisnac_cod","35.3. País de nacimiento","categorica","580","Islas Marianas Septentrionales"
"persona","p353_paisnac_cod","35.3. País de nacimiento","categorica","583","Micronesia (Estados Federados de)"
"persona","p353_paisnac_cod","35.3. País de nacimiento","categorica","584","Islas Marshall"
"persona","p353_paisnac_cod","35.3. País de nacimiento","categorica","585","Palau"
"persona","p353_paisnac_cod","35.3. País de nacimiento","categorica","586","Pakistán"
"persona","p353_paisnac_cod","35.3. País de nacimiento","categorica","591","Panamá"
"persona","p353_paisnac_cod","35.3. País de nacimiento","categorica","598","Papua Nueva Guinea"
"persona","p353_paisnac_cod","35.3. País de nacimiento","categorica","600","Paraguay"
"persona","p353_paisnac_cod","35.3. País de nacimiento","categorica","604","Perú"
"persona","p353_paisnac_cod","35.3. País de nacimiento","categorica","608","Filipinas"
"persona","p353_paisnac_cod","35.3. País de nacimiento","categorica","612","Pitcairn"
"persona","p353_paisnac_cod","35.3. País de nacimiento","categorica","616","Polonia"
"persona","p353_paisnac_cod","35.3. País de nacimiento","categorica","620","Portugal"
"persona","p353_paisnac_cod","35.3. País de nacimiento","categorica","624","Guinea-Bissau"
"persona","p353_paisnac_cod","35.3. País de nacimiento","categorica","626","Timor-Leste"
"persona","p353_paisnac_cod","35.3. País de nacimiento","categorica","630","Puerto Rico"
"persona","p353_paisnac_cod","35.3. País de nacimiento","categorica","634","Qatar"
"persona","p353_paisnac_cod","35.3. País de nacimiento","categorica","638","Reunión"
"persona","p353_paisnac_cod","35.3. País de nacimiento","categorica","642","Rumania"
"persona","p353_paisnac_cod","35.3. País de nacimiento","categorica","643","Federación de Rusia"
"persona","p353_paisnac_cod","35.3. País de nacimiento","categorica","646","Rwanda"
"persona","p353_paisnac_cod","35.3. País de nacimiento","categorica","652","San Barthélemy"
"persona","p353_paisnac_cod","35.3. País de nacimiento","categorica","654","Santa Elena"
"persona","p353_paisnac_cod","35.3. País de nacimiento","categorica","659","Saint Kitts y Nevis"
"persona","p353_paisnac_cod","35.3. País de nacimiento","categorica","660","Anguila"
"persona","p353_paisnac_cod","35.3. País de nacimiento","categorica","662","Santa Lucía"
"persona","p353_paisnac_cod","35.3. País de nacimiento","categorica","663","San Martín (parte francesa)"
"persona","p353_paisnac_cod","35.3. País de nacimiento","categorica","666","San Pedro y Miquelón"
"persona","p353_paisnac_cod","35.3. País de nacimiento","categorica","670","San Vicente y las Granadinas"
"persona","p353_paisnac_cod","35.3. País de nacimiento","categorica","674","San Marino"
"persona","p353_paisnac_cod","35.3. País de nacimiento","categorica","678","Santo Tomé y Príncipe"
"persona","p353_paisnac_cod","35.3. País de nacimiento","categorica","682","Arabia Saudita"
"persona","p353_paisnac_cod","35.3. País de nacimiento","categorica","686","Senegal"
"persona","p353_paisnac_cod","35.3. País de nacimiento","categorica","688","Serbia"
"persona","p353_paisnac_cod","35.3. País de nacimiento","categorica","689","Kosovo"
"persona","p353_paisnac_cod","35.3. País de nacimiento","categorica","690","Seychelles"
"persona","p353_paisnac_cod","35.3. País de nacimiento","categorica","694","Sierra Leona"
"persona","p353_paisnac_cod","35.3. País de nacimiento","categorica","702","Singapur"
"persona","p353_paisnac_cod","35.3. País de nacimiento","categorica","703","Eslovaquia"
"persona","p353_paisnac_cod","35.3. País de nacimiento","categorica","704","Viet Nam"
"persona","p353_paisnac_cod","35.3. País de nacimiento","categorica","705","Eslovenia"
"persona","p353_paisnac_cod","35.3. País de nacimiento","categorica","706","Somalia"
"persona","p353_paisnac_cod","35.3. País de nacimiento","categorica","710","Sudáfrica"
"persona","p353_paisnac_cod","35.3. País de nacimiento","categorica","716","Zimbabwe"
"persona","p353_paisnac_cod","35.3. País de nacimiento","categorica","724","España"
"persona","p353_paisnac_cod","35.3. País de nacimiento","categorica","728","Sudán del Sur"
"persona","p353_paisnac_cod","35.3. País de nacimiento","categorica","729","Sudán"
"persona","p353_paisnac_cod","35.3. País de nacimiento","categorica","732","Sáhara Occidental"
"persona","p353_paisnac_cod","35.3. País de nacimiento","categorica","740","Suriname"
"persona","p353_paisnac_cod","35.3. País de nacimiento","categorica","744","Islas Svalbard y Jan Mayen"
"persona","p353_paisnac_cod","35.3. País de nacimiento","categorica","748","Eswatini"
"persona","p353_paisnac_cod","35.3. País de nacimiento","categorica","752","Suecia"
"persona","p353_paisnac_cod","35.3. País de nacimiento","categorica","756","Suiza"
"persona","p353_paisnac_cod","35.3. País de nacimiento","categorica","760","República Árabe Siria"
"persona","p353_paisnac_cod","35.3. País de nacimiento","categorica","762","Tayikistán"
"persona","p353_paisnac_cod","35.3. País de nacimiento","categorica","764","Tailandia"
"persona","p353_paisnac_cod","35.3. País de nacimiento","categorica","768","Togo"
"persona","p353_paisnac_cod","35.3. País de nacimiento","categorica","772","Tokelau"
"persona","p353_paisnac_cod","35.3. País de nacimiento","categorica","776","Tonga"
"persona","p353_paisnac_cod","35.3. País de nacimiento","categorica","780","Trinidad y Tobago"
"persona","p353_paisnac_cod","35.3. País de nacimiento","categorica","784","Emiratos Árabes Unidos"
"persona","p353_paisnac_cod","35.3. País de nacimiento","categorica","788","Túnez"
"persona","p353_paisnac_cod","35.3. País de nacimiento","categorica","792","Turquía"
"persona","p353_paisnac_cod","35.3. País de nacimiento","categorica","795","Turkmenistán"
"persona","p353_paisnac_cod","35.3. País de nacimiento","categorica","796","Islas Turcas y Caicos"
"persona","p353_paisnac_cod","35.3. País de nacimiento","categorica","798","Tuvalu"
"persona","p353_paisnac_cod","35.3. País de nacimiento","categorica","800","Uganda"
"persona","p353_paisnac_cod","35.3. País de nacimiento","categorica","804","Ucrania"
"persona","p353_paisnac_cod","35.3. País de nacimiento","categorica","807","Macedonia del Norte"
"persona","p353_paisnac_cod","35.3. País de nacimiento","categorica","818","Egipto"
"persona","p353_paisnac_cod","35.3. País de nacimiento","categorica","826","Reino Unido de Gran Bretaña e Irlanda del Norte"
"persona","p353_paisnac_cod","35.3. País de nacimiento","categorica","831","Guernsey"
"persona","p353_paisnac_cod","35.3. País de nacimiento","categorica","832","Jersey"
"persona","p353_paisnac_cod","35.3. País de nacimiento","categorica","833","Isla de Man"
"persona","p353_paisnac_cod","35.3. País de nacimiento","categorica","834","República Unida de Tanzanía"
"persona","p353_paisnac_cod","35.3. País de nacimiento","categorica","840","Estados Unidos de América"
"persona","p353_paisnac_cod","35.3. País de nacimiento","categorica","850","Islas Vírgenes de los Estados Unidos"
"persona","p353_paisnac_cod","35.3. País de nacimiento","categorica","854","Burkina Faso"
"persona","p353_paisnac_cod","35.3. País de nacimiento","categorica","858","Uruguay"
"persona","p353_paisnac_cod","35.3. País de nacimiento","categorica","860","Uzbekistán"
"persona","p353_paisnac_cod","35.3. País de nacimiento","categorica","862","Venezuela (República Bolivariana de)"
"persona","p353_paisnac_cod","35.3. País de nacimiento","categorica","876","Islas Wallis y Futuna"
"persona","p353_paisnac_cod","35.3. País de nacimiento","categorica","882","Samoa"
"persona","p353_paisnac_cod","35.3. País de nacimiento","categorica","887","Yemen"
"persona","p353_paisnac_cod","35.3. País de nacimiento","categorica","894","Zambia"
"persona","p353_paisnac_cod","35.3. País de nacimiento","categorica","987","Caracteres aleatorios o descripción ilegible"
"persona","p353_paisnac_cod","35.3. País de nacimiento","categorica","988","Otro municipio"
"persona","p353_paisnac_cod","35.3. País de nacimiento","categorica","991","África"
"persona","p353_paisnac_cod","35.3. País de nacimiento","categorica","992","América"
"persona","p353_paisnac_cod","35.3. País de nacimiento","categorica","993","Asia"
"persona","p353_paisnac_cod","35.3. País de nacimiento","categorica","994","Europa"
"persona","p353_paisnac_cod","35.3. País de nacimiento","categorica","995","Oceanía"
"persona","p353_paisnac_cod","35.3. País de nacimiento","categorica","996","Otro país extranjero"
"persona","p353_paisnac_cod","35.3. País de nacimiento","categorica","997","No corresponde a país"
"persona","p353_paisnac_cod","35.3. País de nacimiento","categorica","998","No sabe"
"persona","p353_paisnac_cod","35.3. País de nacimiento","categorica","999","Sin Especificar"
"persona","p36_lugres","36. Donde vive habitualmente","categorica","1","Aquí, en este municipio"
"persona","p36_lugres","36. Donde vive habitualmente","categorica","2","En otro municipio del país"
"persona","p36_lugres","36. Donde vive habitualmente","categorica","3","En otro país"
"persona","p36_lugres","36. Donde vive habitualmente","categorica","9","Sin Especificar"
"persona","p361_anres","36.1. Desde que año reside","categorica","9999","Sin especificar"
"persona","p36j_deptocod","36.2.A. Departamento de residencia habitual","categorica","1","Chuquisaca"
"persona","p36j_deptocod","36.2.A. Departamento de residencia habitual","categorica","2","La Paz"
"persona","p36j_deptocod","36.2.A. Departamento de residencia habitual","categorica","3","Cochabamba"
"persona","p36j_deptocod","36.2.A. Departamento de residencia habitual","categorica","4","Oruro"
"persona","p36j_deptocod","36.2.A. Departamento de residencia habitual","categorica","5","Potosí"
"persona","p36j_deptocod","36.2.A. Departamento de residencia habitual","categorica","6","Tarija"
"persona","p36j_deptocod","36.2.A. Departamento de residencia habitual","categorica","7","Santa Cruz"
"persona","p36j_deptocod","36.2.A. Departamento de residencia habitual","categorica","8","Beni"
"persona","p36j_deptocod","36.2.A. Departamento de residencia habitual","categorica","9","Pando"
"persona","p36j_deptocod","36.2.A. Departamento de residencia habitual","categorica","99","Departamento sin especificar"
"persona","p36h1_provcod","36.2.B. Provincia de residencia habitual","numerica",NA,NA
"persona","p36h_muncod","36.2.C. Municipio de residencia habitual","numerica",NA,NA
"persona","p363_paisres_cod","36.3. País de residencia habitual","categorica","4","Afganistán"
"persona","p363_paisres_cod","36.3. País de residencia habitual","categorica","8","Albania"
"persona","p363_paisres_cod","36.3. País de residencia habitual","categorica","12","Argelia"
"persona","p363_paisres_cod","36.3. País de residencia habitual","categorica","16","Samoa Americana"
"persona","p363_paisres_cod","36.3. País de residencia habitual","categorica","20","Andorra"
"persona","p363_paisres_cod","36.3. País de residencia habitual","categorica","24","Angola"
"persona","p363_paisres_cod","36.3. País de residencia habitual","categorica","28","Antigua y Barbuda"
"persona","p363_paisres_cod","36.3. País de residencia habitual","categorica","31","Azerbaiyán"
"persona","p363_paisres_cod","36.3. País de residencia habitual","categorica","32","Argentina"
"persona","p363_paisres_cod","36.3. País de residencia habitual","categorica","36","Australia"
"persona","p363_paisres_cod","36.3. País de residencia habitual","categorica","40","Austria"
"persona","p363_paisres_cod","36.3. País de residencia habitual","categorica","44","Bahamas"
"persona","p363_paisres_cod","36.3. País de residencia habitual","categorica","48","Bahrein"
"persona","p363_paisres_cod","36.3. País de residencia habitual","categorica","50","Bangladesh"
"persona","p363_paisres_cod","36.3. País de residencia habitual","categorica","51","Armenia"
"persona","p363_paisres_cod","36.3. País de residencia habitual","categorica","52","Barbados"
"persona","p363_paisres_cod","36.3. País de residencia habitual","categorica","56","Bélgica"
"persona","p363_paisres_cod","36.3. País de residencia habitual","categorica","60","Bermuda"
"persona","p363_paisres_cod","36.3. País de residencia habitual","categorica","64","Bhután"
"persona","p363_paisres_cod","36.3. País de residencia habitual","categorica","68","Bolivia (Estado Plurinacional de"
"persona","p363_paisres_cod","36.3. País de residencia habitual","categorica","70","Bosnia y Herzegovina"
"persona","p363_paisres_cod","36.3. País de residencia habitual","categorica","72","Botswana"
"persona","p363_paisres_cod","36.3. País de residencia habitual","categorica","76","Brasil"
"persona","p363_paisres_cod","36.3. País de residencia habitual","categorica","84","Belice"
"persona","p363_paisres_cod","36.3. País de residencia habitual","categorica","90","Islas Salomón"
"persona","p363_paisres_cod","36.3. País de residencia habitual","categorica","92","Islas Vírgenes Británicas"
"persona","p363_paisres_cod","36.3. País de residencia habitual","categorica","96","Brunei Darussalam"
"persona","p363_paisres_cod","36.3. País de residencia habitual","categorica","100","Bulgaria"
"persona","p363_paisres_cod","36.3. País de residencia habitual","categorica","104","Myanmar"
"persona","p363_paisres_cod","36.3. País de residencia habitual","categorica","108","Burundi"
"persona","p363_paisres_cod","36.3. País de residencia habitual","categorica","112","Belarús"
"persona","p363_paisres_cod","36.3. País de residencia habitual","categorica","116","Camboya"
"persona","p363_paisres_cod","36.3. País de residencia habitual","categorica","120","Camerún"
"persona","p363_paisres_cod","36.3. País de residencia habitual","categorica","124","Canadá"
"persona","p363_paisres_cod","36.3. País de residencia habitual","categorica","132","Cabo Verde"
"persona","p363_paisres_cod","36.3. País de residencia habitual","categorica","136","Islas Caimán"
"persona","p363_paisres_cod","36.3. País de residencia habitual","categorica","140","República Centroafricana"
"persona","p363_paisres_cod","36.3. País de residencia habitual","categorica","144","Sri Lanka"
"persona","p363_paisres_cod","36.3. País de residencia habitual","categorica","148","Chad"
"persona","p363_paisres_cod","36.3. País de residencia habitual","categorica","152","Chile"
"persona","p363_paisres_cod","36.3. País de residencia habitual","categorica","156","China"
"persona","p363_paisres_cod","36.3. País de residencia habitual","categorica","158","Taiwán (Provincia de China)"
"persona","p363_paisres_cod","36.3. País de residencia habitual","categorica","162","Isla Christmas"
"persona","p363_paisres_cod","36.3. País de residencia habitual","categorica","166","Islas Cocos (Keeling)"
"persona","p363_paisres_cod","36.3. País de residencia habitual","categorica","170","Colombia"
"persona","p363_paisres_cod","36.3. País de residencia habitual","categorica","174","Comoras"
"persona","p363_paisres_cod","36.3. País de residencia habitual","categorica","175","Mayotte"
"persona","p363_paisres_cod","36.3. País de residencia habitual","categorica","178","Congo"
"persona","p363_paisres_cod","36.3. País de residencia habitual","categorica","180","República Democrática del Congo"
"persona","p363_paisres_cod","36.3. País de residencia habitual","categorica","184","Islas Cook"
"persona","p363_paisres_cod","36.3. País de residencia habitual","categorica","188","Costa Rica"
"persona","p363_paisres_cod","36.3. País de residencia habitual","categorica","191","Croacia"
"persona","p363_paisres_cod","36.3. País de residencia habitual","categorica","192","Cuba"
"persona","p363_paisres_cod","36.3. País de residencia habitual","categorica","196","Chipre"
"persona","p363_paisres_cod","36.3. País de residencia habitual","categorica","203","República Checa"
"persona","p363_paisres_cod","36.3. País de residencia habitual","categorica","204","Benin"
"persona","p363_paisres_cod","36.3. País de residencia habitual","categorica","208","Dinamarca"
"persona","p363_paisres_cod","36.3. País de residencia habitual","categorica","212","Dominica"
"persona","p363_paisres_cod","36.3. País de residencia habitual","categorica","214","República Dominicana"
"persona","p363_paisres_cod","36.3. País de residencia habitual","categorica","218","Ecuador"
"persona","p363_paisres_cod","36.3. País de residencia habitual","categorica","222","El Salvador"
"persona","p363_paisres_cod","36.3. País de residencia habitual","categorica","226","Guinea Ecuatorial"
"persona","p363_paisres_cod","36.3. País de residencia habitual","categorica","231","Etiopía"
"persona","p363_paisres_cod","36.3. País de residencia habitual","categorica","232","Eritrea"
"persona","p363_paisres_cod","36.3. País de residencia habitual","categorica","233","Estonia"
"persona","p363_paisres_cod","36.3. País de residencia habitual","categorica","234","Islas Feroe"
"persona","p363_paisres_cod","36.3. País de residencia habitual","categorica","238","Islas Malvinas (Falkland)"
"persona","p363_paisres_cod","36.3. País de residencia habitual","categorica","239","Georgia del Sur y las Islas Sandwich del Sur"
"persona","p363_paisres_cod","36.3. País de residencia habitual","categorica","242","Fiji"
"persona","p363_paisres_cod","36.3. País de residencia habitual","categorica","246","Finlandia"
"persona","p363_paisres_cod","36.3. País de residencia habitual","categorica","248","Islas Åland"
"persona","p363_paisres_cod","36.3. País de residencia habitual","categorica","250","Francia"
"persona","p363_paisres_cod","36.3. País de residencia habitual","categorica","254","Guayana Francesa"
"persona","p363_paisres_cod","36.3. País de residencia habitual","categorica","258","Polinesia Francesa"
"persona","p363_paisres_cod","36.3. País de residencia habitual","categorica","260","Territorio de las Tierras Australes Francesas"
"persona","p363_paisres_cod","36.3. País de residencia habitual","categorica","262","Djibouti"
"persona","p363_paisres_cod","36.3. País de residencia habitual","categorica","266","Gabón"
"persona","p363_paisres_cod","36.3. País de residencia habitual","categorica","268","Georgia"
"persona","p363_paisres_cod","36.3. País de residencia habitual","categorica","270","Gambia"
"persona","p363_paisres_cod","36.3. País de residencia habitual","categorica","275","Estado de Palestina"
"persona","p363_paisres_cod","36.3. País de residencia habitual","categorica","276","Alemania"
"persona","p363_paisres_cod","36.3. País de residencia habitual","categorica","288","Ghana"
"persona","p363_paisres_cod","36.3. País de residencia habitual","categorica","292","Gibraltar"
"persona","p363_paisres_cod","36.3. País de residencia habitual","categorica","296","Kiribati"
"persona","p363_paisres_cod","36.3. País de residencia habitual","categorica","300","Grecia"
"persona","p363_paisres_cod","36.3. País de residencia habitual","categorica","304","Groenlandia"
"persona","p363_paisres_cod","36.3. País de residencia habitual","categorica","308","Granada"
"persona","p363_paisres_cod","36.3. País de residencia habitual","categorica","312","Guadalupe"
"persona","p363_paisres_cod","36.3. País de residencia habitual","categorica","316","Guam"
"persona","p363_paisres_cod","36.3. País de residencia habitual","categorica","320","Guatemala"
"persona","p363_paisres_cod","36.3. País de residencia habitual","categorica","324","Guinea"
"persona","p363_paisres_cod","36.3. País de residencia habitual","categorica","328","Guyana"
"persona","p363_paisres_cod","36.3. País de residencia habitual","categorica","332","Haití"
"persona","p363_paisres_cod","36.3. País de residencia habitual","categorica","336","Santa Sede"
"persona","p363_paisres_cod","36.3. País de residencia habitual","categorica","340","Honduras"
"persona","p363_paisres_cod","36.3. País de residencia habitual","categorica","344","China, región administrativa especial de Hong Kong"
"persona","p363_paisres_cod","36.3. País de residencia habitual","categorica","348","Hungría"
"persona","p363_paisres_cod","36.3. País de residencia habitual","categorica","352","Islandia"
"persona","p363_paisres_cod","36.3. País de residencia habitual","categorica","356","India"
"persona","p363_paisres_cod","36.3. País de residencia habitual","categorica","360","Indonesia"
"persona","p363_paisres_cod","36.3. País de residencia habitual","categorica","364","Irán (República Islámica del)"
"persona","p363_paisres_cod","36.3. País de residencia habitual","categorica","368","Iraq"
"persona","p363_paisres_cod","36.3. País de residencia habitual","categorica","372","Irlanda"
"persona","p363_paisres_cod","36.3. País de residencia habitual","categorica","376","Israel"
"persona","p363_paisres_cod","36.3. País de residencia habitual","categorica","380","Italia"
"persona","p363_paisres_cod","36.3. País de residencia habitual","categorica","384","Costa de Marfil"
"persona","p363_paisres_cod","36.3. País de residencia habitual","categorica","388","Jamaica"
"persona","p363_paisres_cod","36.3. País de residencia habitual","categorica","392","Japón"
"persona","p363_paisres_cod","36.3. País de residencia habitual","categorica","398","Kazajstán"
"persona","p363_paisres_cod","36.3. País de residencia habitual","categorica","400","Jordania"
"persona","p363_paisres_cod","36.3. País de residencia habitual","categorica","404","Kenya"
"persona","p363_paisres_cod","36.3. País de residencia habitual","categorica","408","República Popular Democrática de Corea"
"persona","p363_paisres_cod","36.3. País de residencia habitual","categorica","410","República de Corea"
"persona","p363_paisres_cod","36.3. País de residencia habitual","categorica","414","Kuwait"
"persona","p363_paisres_cod","36.3. País de residencia habitual","categorica","417","Kirguistán"
"persona","p363_paisres_cod","36.3. País de residencia habitual","categorica","418","República Democrática Popular Lao"
"persona","p363_paisres_cod","36.3. País de residencia habitual","categorica","422","Líbano"
"persona","p363_paisres_cod","36.3. País de residencia habitual","categorica","426","Lesotho"
"persona","p363_paisres_cod","36.3. País de residencia habitual","categorica","428","Letonia"
"persona","p363_paisres_cod","36.3. País de residencia habitual","categorica","430","Liberia"
"persona","p363_paisres_cod","36.3. País de residencia habitual","categorica","434","Libia"
"persona","p363_paisres_cod","36.3. País de residencia habitual","categorica","438","Liechtenstein"
"persona","p363_paisres_cod","36.3. País de residencia habitual","categorica","440","Lituania"
"persona","p363_paisres_cod","36.3. País de residencia habitual","categorica","442","Luxemburgo"
"persona","p363_paisres_cod","36.3. País de residencia habitual","categorica","446","China, región administrativa especial de Macao"
"persona","p363_paisres_cod","36.3. País de residencia habitual","categorica","450","Madagascar"
"persona","p363_paisres_cod","36.3. País de residencia habitual","categorica","454","Malawi"
"persona","p363_paisres_cod","36.3. País de residencia habitual","categorica","458","Malasia"
"persona","p363_paisres_cod","36.3. País de residencia habitual","categorica","462","Maldivas"
"persona","p363_paisres_cod","36.3. País de residencia habitual","categorica","466","Malí"
"persona","p363_paisres_cod","36.3. País de residencia habitual","categorica","470","Malta"
"persona","p363_paisres_cod","36.3. País de residencia habitual","categorica","474","Martinica"
"persona","p363_paisres_cod","36.3. País de residencia habitual","categorica","478","Mauritania"
"persona","p363_paisres_cod","36.3. País de residencia habitual","categorica","480","Mauricio"
"persona","p363_paisres_cod","36.3. País de residencia habitual","categorica","484","México"
"persona","p363_paisres_cod","36.3. País de residencia habitual","categorica","492","Mónaco"
"persona","p363_paisres_cod","36.3. País de residencia habitual","categorica","496","Mongolia"
"persona","p363_paisres_cod","36.3. País de residencia habitual","categorica","498","República de Moldova"
"persona","p363_paisres_cod","36.3. País de residencia habitual","categorica","499","Montenegro"
"persona","p363_paisres_cod","36.3. País de residencia habitual","categorica","500","Montserrat"
"persona","p363_paisres_cod","36.3. País de residencia habitual","categorica","504","Marruecos"
"persona","p363_paisres_cod","36.3. País de residencia habitual","categorica","508","Mozambique"
"persona","p363_paisres_cod","36.3. País de residencia habitual","categorica","512","Omán"
"persona","p363_paisres_cod","36.3. País de residencia habitual","categorica","516","Namibia"
"persona","p363_paisres_cod","36.3. País de residencia habitual","categorica","520","Nauru"
"persona","p363_paisres_cod","36.3. País de residencia habitual","categorica","524","Nepal"
"persona","p363_paisres_cod","36.3. País de residencia habitual","categorica","528","Países Bajos"
"persona","p363_paisres_cod","36.3. País de residencia habitual","categorica","531","Curazao"
"persona","p363_paisres_cod","36.3. País de residencia habitual","categorica","533","Aruba"
"persona","p363_paisres_cod","36.3. País de residencia habitual","categorica","534","San Martín (parte Holandesa)"
"persona","p363_paisres_cod","36.3. País de residencia habitual","categorica","535","Bonaire, San Eustaquio y Saba"
"persona","p363_paisres_cod","36.3. País de residencia habitual","categorica","540","Nueva Caledonia"
"persona","p363_paisres_cod","36.3. País de residencia habitual","categorica","548","Vanuatu"
"persona","p363_paisres_cod","36.3. País de residencia habitual","categorica","554","Nueva Zelandia"
"persona","p363_paisres_cod","36.3. País de residencia habitual","categorica","558","Nicaragua"
"persona","p363_paisres_cod","36.3. País de residencia habitual","categorica","562","Níger"
"persona","p363_paisres_cod","36.3. País de residencia habitual","categorica","566","Nigeria"
"persona","p363_paisres_cod","36.3. País de residencia habitual","categorica","570","Niue"
"persona","p363_paisres_cod","36.3. País de residencia habitual","categorica","574","Isla Norfolk"
"persona","p363_paisres_cod","36.3. País de residencia habitual","categorica","578","Noruega"
"persona","p363_paisres_cod","36.3. País de residencia habitual","categorica","580","Islas Marianas Septentrionales"
"persona","p363_paisres_cod","36.3. País de residencia habitual","categorica","583","Micronesia (Estados Federados de)"
"persona","p363_paisres_cod","36.3. País de residencia habitual","categorica","584","Islas Marshall"
"persona","p363_paisres_cod","36.3. País de residencia habitual","categorica","585","Palau"
"persona","p363_paisres_cod","36.3. País de residencia habitual","categorica","586","Pakistán"
"persona","p363_paisres_cod","36.3. País de residencia habitual","categorica","591","Panamá"
"persona","p363_paisres_cod","36.3. País de residencia habitual","categorica","598","Papua Nueva Guinea"
"persona","p363_paisres_cod","36.3. País de residencia habitual","categorica","600","Paraguay"
"persona","p363_paisres_cod","36.3. País de residencia habitual","categorica","604","Perú"
"persona","p363_paisres_cod","36.3. País de residencia habitual","categorica","608","Filipinas"
"persona","p363_paisres_cod","36.3. País de residencia habitual","categorica","612","Pitcairn"
"persona","p363_paisres_cod","36.3. País de residencia habitual","categorica","616","Polonia"
"persona","p363_paisres_cod","36.3. País de residencia habitual","categorica","620","Portugal"
"persona","p363_paisres_cod","36.3. País de residencia habitual","categorica","624","Guinea-Bissau"
"persona","p363_paisres_cod","36.3. País de residencia habitual","categorica","626","Timor-Leste"
"persona","p363_paisres_cod","36.3. País de residencia habitual","categorica","630","Puerto Rico"
"persona","p363_paisres_cod","36.3. País de residencia habitual","categorica","634","Qatar"
"persona","p363_paisres_cod","36.3. País de residencia habitual","categorica","638","Reunión"
"persona","p363_paisres_cod","36.3. País de residencia habitual","categorica","642","Rumania"
"persona","p363_paisres_cod","36.3. País de residencia habitual","categorica","643","Federación de Rusia"
"persona","p363_paisres_cod","36.3. País de residencia habitual","categorica","646","Rwanda"
"persona","p363_paisres_cod","36.3. País de residencia habitual","categorica","652","San Barthélemy"
"persona","p363_paisres_cod","36.3. País de residencia habitual","categorica","654","Santa Elena"
"persona","p363_paisres_cod","36.3. País de residencia habitual","categorica","659","Saint Kitts y Nevis"
"persona","p363_paisres_cod","36.3. País de residencia habitual","categorica","660","Anguila"
"persona","p363_paisres_cod","36.3. País de residencia habitual","categorica","662","Santa Lucía"
"persona","p363_paisres_cod","36.3. País de residencia habitual","categorica","663","San Martín (parte francesa)"
"persona","p363_paisres_cod","36.3. País de residencia habitual","categorica","666","San Pedro y Miquelón"
"persona","p363_paisres_cod","36.3. País de residencia habitual","categorica","670","San Vicente y las Granadinas"
"persona","p363_paisres_cod","36.3. País de residencia habitual","categorica","674","San Marino"
"persona","p363_paisres_cod","36.3. País de residencia habitual","categorica","678","Santo Tomé y Príncipe"
"persona","p363_paisres_cod","36.3. País de residencia habitual","categorica","682","Arabia Saudita"
"persona","p363_paisres_cod","36.3. País de residencia habitual","categorica","686","Senegal"
"persona","p363_paisres_cod","36.3. País de residencia habitual","categorica","688","Serbia"
"persona","p363_paisres_cod","36.3. País de residencia habitual","categorica","689","Kosovo"
"persona","p363_paisres_cod","36.3. País de residencia habitual","categorica","690","Seychelles"
"persona","p363_paisres_cod","36.3. País de residencia habitual","categorica","694","Sierra Leona"
"persona","p363_paisres_cod","36.3. País de residencia habitual","categorica","702","Singapur"
"persona","p363_paisres_cod","36.3. País de residencia habitual","categorica","703","Eslovaquia"
"persona","p363_paisres_cod","36.3. País de residencia habitual","categorica","704","Viet Nam"
"persona","p363_paisres_cod","36.3. País de residencia habitual","categorica","705","Eslovenia"
"persona","p363_paisres_cod","36.3. País de residencia habitual","categorica","706","Somalia"
"persona","p363_paisres_cod","36.3. País de residencia habitual","categorica","710","Sudáfrica"
"persona","p363_paisres_cod","36.3. País de residencia habitual","categorica","716","Zimbabwe"
"persona","p363_paisres_cod","36.3. País de residencia habitual","categorica","724","España"
"persona","p363_paisres_cod","36.3. País de residencia habitual","categorica","728","Sudán del Sur"
"persona","p363_paisres_cod","36.3. País de residencia habitual","categorica","729","Sudán"
"persona","p363_paisres_cod","36.3. País de residencia habitual","categorica","732","Sáhara Occidental"
"persona","p363_paisres_cod","36.3. País de residencia habitual","categorica","740","Suriname"
"persona","p363_paisres_cod","36.3. País de residencia habitual","categorica","744","Islas Svalbard y Jan Mayen"
"persona","p363_paisres_cod","36.3. País de residencia habitual","categorica","748","Eswatini"
"persona","p363_paisres_cod","36.3. País de residencia habitual","categorica","752","Suecia"
"persona","p363_paisres_cod","36.3. País de residencia habitual","categorica","756","Suiza"
"persona","p363_paisres_cod","36.3. País de residencia habitual","categorica","760","República Árabe Siria"
"persona","p363_paisres_cod","36.3. País de residencia habitual","categorica","762","Tayikistán"
"persona","p363_paisres_cod","36.3. País de residencia habitual","categorica","764","Tailandia"
"persona","p363_paisres_cod","36.3. País de residencia habitual","categorica","768","Togo"
"persona","p363_paisres_cod","36.3. País de residencia habitual","categorica","772","Tokelau"
"persona","p363_paisres_cod","36.3. País de residencia habitual","categorica","776","Tonga"
"persona","p363_paisres_cod","36.3. País de residencia habitual","categorica","780","Trinidad y Tobago"
"persona","p363_paisres_cod","36.3. País de residencia habitual","categorica","784","Emiratos Árabes Unidos"
"persona","p363_paisres_cod","36.3. País de residencia habitual","categorica","788","Túnez"
"persona","p363_paisres_cod","36.3. País de residencia habitual","categorica","792","Turquía"
"persona","p363_paisres_cod","36.3. País de residencia habitual","categorica","795","Turkmenistán"
"persona","p363_paisres_cod","36.3. País de residencia habitual","categorica","796","Islas Turcas y Caicos"
"persona","p363_paisres_cod","36.3. País de residencia habitual","categorica","798","Tuvalu"
"persona","p363_paisres_cod","36.3. País de residencia habitual","categorica","800","Uganda"
"persona","p363_paisres_cod","36.3. País de residencia habitual","categorica","804","Ucrania"
"persona","p363_paisres_cod","36.3. País de residencia habitual","categorica","807","Macedonia del Norte"
"persona","p363_paisres_cod","36.3. País de residencia habitual","categorica","818","Egipto"
"persona","p363_paisres_cod","36.3. País de residencia habitual","categorica","826","Reino Unido de Gran Bretaña e Irlanda del Norte"
"persona","p363_paisres_cod","36.3. País de residencia habitual","categorica","831","Guernsey"
"persona","p363_paisres_cod","36.3. País de residencia habitual","categorica","832","Jersey"
"persona","p363_paisres_cod","36.3. País de residencia habitual","categorica","833","Isla de Man"
"persona","p363_paisres_cod","36.3. País de residencia habitual","categorica","834","República Unida de Tanzanía"
"persona","p363_paisres_cod","36.3. País de residencia habitual","categorica","840","Estados Unidos de América"
"persona","p363_paisres_cod","36.3. País de residencia habitual","categorica","850","Islas Vírgenes de los Estados Unidos"
"persona","p363_paisres_cod","36.3. País de residencia habitual","categorica","854","Burkina Faso"
"persona","p363_paisres_cod","36.3. País de residencia habitual","categorica","858","Uruguay"
"persona","p363_paisres_cod","36.3. País de residencia habitual","categorica","860","Uzbekistán"
"persona","p363_paisres_cod","36.3. País de residencia habitual","categorica","862","Venezuela (República Bolivariana de)"
"persona","p363_paisres_cod","36.3. País de residencia habitual","categorica","876","Islas Wallis y Futuna"
"persona","p363_paisres_cod","36.3. País de residencia habitual","categorica","882","Samoa"
"persona","p363_paisres_cod","36.3. País de residencia habitual","categorica","887","Yemen"
"persona","p363_paisres_cod","36.3. País de residencia habitual","categorica","894","Zambia"
"persona","p363_paisres_cod","36.3. País de residencia habitual","categorica","987","Caracteres aleatorios o descripción ilegible"
"persona","p363_paisres_cod","36.3. País de residencia habitual","categorica","988","Otro municipio"
"persona","p363_paisres_cod","36.3. País de residencia habitual","categorica","991","África"
"persona","p363_paisres_cod","36.3. País de residencia habitual","categorica","992","América"
"persona","p363_paisres_cod","36.3. País de residencia habitual","categorica","993","Asia"
"persona","p363_paisres_cod","36.3. País de residencia habitual","categorica","994","Europa"
"persona","p363_paisres_cod","36.3. País de residencia habitual","categorica","995","Oceanía"
"persona","p363_paisres_cod","36.3. País de residencia habitual","categorica","996","Otro país extranjero"
"persona","p363_paisres_cod","36.3. País de residencia habitual","categorica","997","No corresponde a país"
"persona","p363_paisres_cod","36.3. País de residencia habitual","categorica","998","No sabe"
"persona","p363_paisres_cod","36.3. País de residencia habitual","categorica","999","Sin Especificar"
"persona","p37_lugres5","37. Donde vivía el año 2019","categorica","1","Aquí, en este municipio"
"persona","p37_lugres5","37. Donde vivía el año 2019","categorica","2","En otro municipio del país"
"persona","p37_lugres5","37. Donde vivía el año 2019","categorica","3","En otro país"
"persona","p37_lugres5","37. Donde vivía el año 2019","categorica","4","Aún no había nacido"
"persona","p37_lugres5","37. Donde vivía el año 2019","categorica","9","Sin Especificar"
"persona","p37j_deptocod","37.2.A. Departamento donde vivía el año 2019","categorica","1","Chuquisaca"
"persona","p37j_deptocod","37.2.A. Departamento donde vivía el año 2019","categorica","2","La Paz"
"persona","p37j_deptocod","37.2.A. Departamento donde vivía el año 2019","categorica","3","Cochabamba"
"persona","p37j_deptocod","37.2.A. Departamento donde vivía el año 2019","categorica","4","Oruro"
"persona","p37j_deptocod","37.2.A. Departamento donde vivía el año 2019","categorica","5","Potosí"
"persona","p37j_deptocod","37.2.A. Departamento donde vivía el año 2019","categorica","6","Tarija"
"persona","p37j_deptocod","37.2.A. Departamento donde vivía el año 2019","categorica","7","Santa Cruz"
"persona","p37j_deptocod","37.2.A. Departamento donde vivía el año 2019","categorica","8","Beni"
"persona","p37j_deptocod","37.2.A. Departamento donde vivía el año 2019","categorica","9","Pando"
"persona","p37j_deptocod","37.2.A. Departamento donde vivía el año 2019","categorica","99","Departamento sin especificar"
"persona","p37h1_provcod","37.2.B. Provincia donde vivía el año 2019","numerica",NA,NA
"persona","p37h_muncod","37.2.C. Municipio donde vivía el año 2019","numerica",NA,NA
"persona","p373_paisres5_cod","37.3. País donde vivía el año 2019","categorica","4","Afganistán"
"persona","p373_paisres5_cod","37.3. País donde vivía el año 2019","categorica","8","Albania"
"persona","p373_paisres5_cod","37.3. País donde vivía el año 2019","categorica","12","Argelia"
"persona","p373_paisres5_cod","37.3. País donde vivía el año 2019","categorica","16","Samoa Americana"
"persona","p373_paisres5_cod","37.3. País donde vivía el año 2019","categorica","20","Andorra"
"persona","p373_paisres5_cod","37.3. País donde vivía el año 2019","categorica","24","Angola"
"persona","p373_paisres5_cod","37.3. País donde vivía el año 2019","categorica","28","Antigua y Barbuda"
"persona","p373_paisres5_cod","37.3. País donde vivía el año 2019","categorica","31","Azerbaiyán"
"persona","p373_paisres5_cod","37.3. País donde vivía el año 2019","categorica","32","Argentina"
"persona","p373_paisres5_cod","37.3. País donde vivía el año 2019","categorica","36","Australia"
"persona","p373_paisres5_cod","37.3. País donde vivía el año 2019","categorica","40","Austria"
"persona","p373_paisres5_cod","37.3. País donde vivía el año 2019","categorica","44","Bahamas"
"persona","p373_paisres5_cod","37.3. País donde vivía el año 2019","categorica","48","Bahrein"
"persona","p373_paisres5_cod","37.3. País donde vivía el año 2019","categorica","50","Bangladesh"
"persona","p373_paisres5_cod","37.3. País donde vivía el año 2019","categorica","51","Armenia"
"persona","p373_paisres5_cod","37.3. País donde vivía el año 2019","categorica","52","Barbados"
"persona","p373_paisres5_cod","37.3. País donde vivía el año 2019","categorica","56","Bélgica"
"persona","p373_paisres5_cod","37.3. País donde vivía el año 2019","categorica","60","Bermuda"
"persona","p373_paisres5_cod","37.3. País donde vivía el año 2019","categorica","64","Bhután"
"persona","p373_paisres5_cod","37.3. País donde vivía el año 2019","categorica","68","Bolivia (Estado Plurinacional de"
"persona","p373_paisres5_cod","37.3. País donde vivía el año 2019","categorica","70","Bosnia y Herzegovina"
"persona","p373_paisres5_cod","37.3. País donde vivía el año 2019","categorica","72","Botswana"
"persona","p373_paisres5_cod","37.3. País donde vivía el año 2019","categorica","76","Brasil"
"persona","p373_paisres5_cod","37.3. País donde vivía el año 2019","categorica","84","Belice"
"persona","p373_paisres5_cod","37.3. País donde vivía el año 2019","categorica","90","Islas Salomón"
"persona","p373_paisres5_cod","37.3. País donde vivía el año 2019","categorica","92","Islas Vírgenes Británicas"
"persona","p373_paisres5_cod","37.3. País donde vivía el año 2019","categorica","96","Brunei Darussalam"
"persona","p373_paisres5_cod","37.3. País donde vivía el año 2019","categorica","100","Bulgaria"
"persona","p373_paisres5_cod","37.3. País donde vivía el año 2019","categorica","104","Myanmar"
"persona","p373_paisres5_cod","37.3. País donde vivía el año 2019","categorica","108","Burundi"
"persona","p373_paisres5_cod","37.3. País donde vivía el año 2019","categorica","112","Belarús"
"persona","p373_paisres5_cod","37.3. País donde vivía el año 2019","categorica","116","Camboya"
"persona","p373_paisres5_cod","37.3. País donde vivía el año 2019","categorica","120","Camerún"
"persona","p373_paisres5_cod","37.3. País donde vivía el año 2019","categorica","124","Canadá"
"persona","p373_paisres5_cod","37.3. País donde vivía el año 2019","categorica","132","Cabo Verde"
"persona","p373_paisres5_cod","37.3. País donde vivía el año 2019","categorica","136","Islas Caimán"
"persona","p373_paisres5_cod","37.3. País donde vivía el año 2019","categorica","140","República Centroafricana"
"persona","p373_paisres5_cod","37.3. País donde vivía el año 2019","categorica","144","Sri Lanka"
"persona","p373_paisres5_cod","37.3. País donde vivía el año 2019","categorica","148","Chad"
"persona","p373_paisres5_cod","37.3. País donde vivía el año 2019","categorica","152","Chile"
"persona","p373_paisres5_cod","37.3. País donde vivía el año 2019","categorica","156","China"
"persona","p373_paisres5_cod","37.3. País donde vivía el año 2019","categorica","158","Taiwán (Provincia de China)"
"persona","p373_paisres5_cod","37.3. País donde vivía el año 2019","categorica","162","Isla Christmas"
"persona","p373_paisres5_cod","37.3. País donde vivía el año 2019","categorica","166","Islas Cocos (Keeling)"
"persona","p373_paisres5_cod","37.3. País donde vivía el año 2019","categorica","170","Colombia"
"persona","p373_paisres5_cod","37.3. País donde vivía el año 2019","categorica","174","Comoras"
"persona","p373_paisres5_cod","37.3. País donde vivía el año 2019","categorica","175","Mayotte"
"persona","p373_paisres5_cod","37.3. País donde vivía el año 2019","categorica","178","Congo"
"persona","p373_paisres5_cod","37.3. País donde vivía el año 2019","categorica","180","República Democrática del Congo"
"persona","p373_paisres5_cod","37.3. País donde vivía el año 2019","categorica","184","Islas Cook"
"persona","p373_paisres5_cod","37.3. País donde vivía el año 2019","categorica","188","Costa Rica"
"persona","p373_paisres5_cod","37.3. País donde vivía el año 2019","categorica","191","Croacia"
"persona","p373_paisres5_cod","37.3. País donde vivía el año 2019","categorica","192","Cuba"
"persona","p373_paisres5_cod","37.3. País donde vivía el año 2019","categorica","196","Chipre"
"persona","p373_paisres5_cod","37.3. País donde vivía el año 2019","categorica","203","República Checa"
"persona","p373_paisres5_cod","37.3. País donde vivía el año 2019","categorica","204","Benin"
"persona","p373_paisres5_cod","37.3. País donde vivía el año 2019","categorica","208","Dinamarca"
"persona","p373_paisres5_cod","37.3. País donde vivía el año 2019","categorica","212","Dominica"
"persona","p373_paisres5_cod","37.3. País donde vivía el año 2019","categorica","214","República Dominicana"
"persona","p373_paisres5_cod","37.3. País donde vivía el año 2019","categorica","218","Ecuador"
"persona","p373_paisres5_cod","37.3. País donde vivía el año 2019","categorica","222","El Salvador"
"persona","p373_paisres5_cod","37.3. País donde vivía el año 2019","categorica","226","Guinea Ecuatorial"
"persona","p373_paisres5_cod","37.3. País donde vivía el año 2019","categorica","231","Etiopía"
"persona","p373_paisres5_cod","37.3. País donde vivía el año 2019","categorica","232","Eritrea"
"persona","p373_paisres5_cod","37.3. País donde vivía el año 2019","categorica","233","Estonia"
"persona","p373_paisres5_cod","37.3. País donde vivía el año 2019","categorica","234","Islas Feroe"
"persona","p373_paisres5_cod","37.3. País donde vivía el año 2019","categorica","238","Islas Malvinas (Falkland)"
"persona","p373_paisres5_cod","37.3. País donde vivía el año 2019","categorica","239","Georgia del Sur y las Islas Sandwich del Sur"
"persona","p373_paisres5_cod","37.3. País donde vivía el año 2019","categorica","242","Fiji"
"persona","p373_paisres5_cod","37.3. País donde vivía el año 2019","categorica","246","Finlandia"
"persona","p373_paisres5_cod","37.3. País donde vivía el año 2019","categorica","248","Islas Åland"
"persona","p373_paisres5_cod","37.3. País donde vivía el año 2019","categorica","250","Francia"
"persona","p373_paisres5_cod","37.3. País donde vivía el año 2019","categorica","254","Guayana Francesa"
"persona","p373_paisres5_cod","37.3. País donde vivía el año 2019","categorica","258","Polinesia Francesa"
"persona","p373_paisres5_cod","37.3. País donde vivía el año 2019","categorica","260","Territorio de las Tierras Australes Francesas"
"persona","p373_paisres5_cod","37.3. País donde vivía el año 2019","categorica","262","Djibouti"
"persona","p373_paisres5_cod","37.3. País donde vivía el año 2019","categorica","266","Gabón"
"persona","p373_paisres5_cod","37.3. País donde vivía el año 2019","categorica","268","Georgia"
"persona","p373_paisres5_cod","37.3. País donde vivía el año 2019","categorica","270","Gambia"
"persona","p373_paisres5_cod","37.3. País donde vivía el año 2019","categorica","275","Estado de Palestina"
"persona","p373_paisres5_cod","37.3. País donde vivía el año 2019","categorica","276","Alemania"
"persona","p373_paisres5_cod","37.3. País donde vivía el año 2019","categorica","288","Ghana"
"persona","p373_paisres5_cod","37.3. País donde vivía el año 2019","categorica","292","Gibraltar"
"persona","p373_paisres5_cod","37.3. País donde vivía el año 2019","categorica","296","Kiribati"
"persona","p373_paisres5_cod","37.3. País donde vivía el año 2019","categorica","300","Grecia"
"persona","p373_paisres5_cod","37.3. País donde vivía el año 2019","categorica","304","Groenlandia"
"persona","p373_paisres5_cod","37.3. País donde vivía el año 2019","categorica","308","Granada"
"persona","p373_paisres5_cod","37.3. País donde vivía el año 2019","categorica","312","Guadalupe"
"persona","p373_paisres5_cod","37.3. País donde vivía el año 2019","categorica","316","Guam"
"persona","p373_paisres5_cod","37.3. País donde vivía el año 2019","categorica","320","Guatemala"
"persona","p373_paisres5_cod","37.3. País donde vivía el año 2019","categorica","324","Guinea"
"persona","p373_paisres5_cod","37.3. País donde vivía el año 2019","categorica","328","Guyana"
"persona","p373_paisres5_cod","37.3. País donde vivía el año 2019","categorica","332","Haití"
"persona","p373_paisres5_cod","37.3. País donde vivía el año 2019","categorica","336","Santa Sede"
"persona","p373_paisres5_cod","37.3. País donde vivía el año 2019","categorica","340","Honduras"
"persona","p373_paisres5_cod","37.3. País donde vivía el año 2019","categorica","344","China, región administrativa especial de Hong Kong"
"persona","p373_paisres5_cod","37.3. País donde vivía el año 2019","categorica","348","Hungría"
"persona","p373_paisres5_cod","37.3. País donde vivía el año 2019","categorica","352","Islandia"
"persona","p373_paisres5_cod","37.3. País donde vivía el año 2019","categorica","356","India"
"persona","p373_paisres5_cod","37.3. País donde vivía el año 2019","categorica","360","Indonesia"
"persona","p373_paisres5_cod","37.3. País donde vivía el año 2019","categorica","364","Irán (República Islámica del)"
"persona","p373_paisres5_cod","37.3. País donde vivía el año 2019","categorica","368","Iraq"
"persona","p373_paisres5_cod","37.3. País donde vivía el año 2019","categorica","372","Irlanda"
"persona","p373_paisres5_cod","37.3. País donde vivía el año 2019","categorica","376","Israel"
"persona","p373_paisres5_cod","37.3. País donde vivía el año 2019","categorica","380","Italia"
"persona","p373_paisres5_cod","37.3. País donde vivía el año 2019","categorica","384","Costa de Marfil"
"persona","p373_paisres5_cod","37.3. País donde vivía el año 2019","categorica","388","Jamaica"
"persona","p373_paisres5_cod","37.3. País donde vivía el año 2019","categorica","392","Japón"
"persona","p373_paisres5_cod","37.3. País donde vivía el año 2019","categorica","398","Kazajstán"
"persona","p373_paisres5_cod","37.3. País donde vivía el año 2019","categorica","400","Jordania"
"persona","p373_paisres5_cod","37.3. País donde vivía el año 2019","categorica","404","Kenya"
"persona","p373_paisres5_cod","37.3. País donde vivía el año 2019","categorica","408","República Popular Democrática de Corea"
"persona","p373_paisres5_cod","37.3. País donde vivía el año 2019","categorica","410","República de Corea"
"persona","p373_paisres5_cod","37.3. País donde vivía el año 2019","categorica","414","Kuwait"
"persona","p373_paisres5_cod","37.3. País donde vivía el año 2019","categorica","417","Kirguistán"
"persona","p373_paisres5_cod","37.3. País donde vivía el año 2019","categorica","418","República Democrática Popular Lao"
"persona","p373_paisres5_cod","37.3. País donde vivía el año 2019","categorica","422","Líbano"
"persona","p373_paisres5_cod","37.3. País donde vivía el año 2019","categorica","426","Lesotho"
"persona","p373_paisres5_cod","37.3. País donde vivía el año 2019","categorica","428","Letonia"
"persona","p373_paisres5_cod","37.3. País donde vivía el año 2019","categorica","430","Liberia"
"persona","p373_paisres5_cod","37.3. País donde vivía el año 2019","categorica","434","Libia"
"persona","p373_paisres5_cod","37.3. País donde vivía el año 2019","categorica","438","Liechtenstein"
"persona","p373_paisres5_cod","37.3. País donde vivía el año 2019","categorica","440","Lituania"
"persona","p373_paisres5_cod","37.3. País donde vivía el año 2019","categorica","442","Luxemburgo"
"persona","p373_paisres5_cod","37.3. País donde vivía el año 2019","categorica","446","China, región administrativa especial de Macao"
"persona","p373_paisres5_cod","37.3. País donde vivía el año 2019","categorica","450","Madagascar"
"persona","p373_paisres5_cod","37.3. País donde vivía el año 2019","categorica","454","Malawi"
"persona","p373_paisres5_cod","37.3. País donde vivía el año 2019","categorica","458","Malasia"
"persona","p373_paisres5_cod","37.3. País donde vivía el año 2019","categorica","462","Maldivas"
"persona","p373_paisres5_cod","37.3. País donde vivía el año 2019","categorica","466","Malí"
"persona","p373_paisres5_cod","37.3. País donde vivía el año 2019","categorica","470","Malta"
"persona","p373_paisres5_cod","37.3. País donde vivía el año 2019","categorica","474","Martinica"
"persona","p373_paisres5_cod","37.3. País donde vivía el año 2019","categorica","478","Mauritania"
"persona","p373_paisres5_cod","37.3. País donde vivía el año 2019","categorica","480","Mauricio"
"persona","p373_paisres5_cod","37.3. País donde vivía el año 2019","categorica","484","México"
"persona","p373_paisres5_cod","37.3. País donde vivía el año 2019","categorica","492","Mónaco"
"persona","p373_paisres5_cod","37.3. País donde vivía el año 2019","categorica","496","Mongolia"
"persona","p373_paisres5_cod","37.3. País donde vivía el año 2019","categorica","498","República de Moldova"
"persona","p373_paisres5_cod","37.3. País donde vivía el año 2019","categorica","499","Montenegro"
"persona","p373_paisres5_cod","37.3. País donde vivía el año 2019","categorica","500","Montserrat"
"persona","p373_paisres5_cod","37.3. País donde vivía el año 2019","categorica","504","Marruecos"
"persona","p373_paisres5_cod","37.3. País donde vivía el año 2019","categorica","508","Mozambique"
"persona","p373_paisres5_cod","37.3. País donde vivía el año 2019","categorica","512","Omán"
"persona","p373_paisres5_cod","37.3. País donde vivía el año 2019","categorica","516","Namibia"
"persona","p373_paisres5_cod","37.3. País donde vivía el año 2019","categorica","520","Nauru"
"persona","p373_paisres5_cod","37.3. País donde vivía el año 2019","categorica","524","Nepal"
"persona","p373_paisres5_cod","37.3. País donde vivía el año 2019","categorica","528","Países Bajos"
"persona","p373_paisres5_cod","37.3. País donde vivía el año 2019","categorica","531","Curazao"
"persona","p373_paisres5_cod","37.3. País donde vivía el año 2019","categorica","533","Aruba"
"persona","p373_paisres5_cod","37.3. País donde vivía el año 2019","categorica","534","San Martín (parte Holandesa)"
"persona","p373_paisres5_cod","37.3. País donde vivía el año 2019","categorica","535","Bonaire, San Eustaquio y Saba"
"persona","p373_paisres5_cod","37.3. País donde vivía el año 2019","categorica","540","Nueva Caledonia"
"persona","p373_paisres5_cod","37.3. País donde vivía el año 2019","categorica","548","Vanuatu"
"persona","p373_paisres5_cod","37.3. País donde vivía el año 2019","categorica","554","Nueva Zelandia"
"persona","p373_paisres5_cod","37.3. País donde vivía el año 2019","categorica","558","Nicaragua"
"persona","p373_paisres5_cod","37.3. País donde vivía el año 2019","categorica","562","Níger"
"persona","p373_paisres5_cod","37.3. País donde vivía el año 2019","categorica","566","Nigeria"
"persona","p373_paisres5_cod","37.3. País donde vivía el año 2019","categorica","570","Niue"
"persona","p373_paisres5_cod","37.3. País donde vivía el año 2019","categorica","574","Isla Norfolk"
"persona","p373_paisres5_cod","37.3. País donde vivía el año 2019","categorica","578","Noruega"
"persona","p373_paisres5_cod","37.3. País donde vivía el año 2019","categorica","580","Islas Marianas Septentrionales"
"persona","p373_paisres5_cod","37.3. País donde vivía el año 2019","categorica","583","Micronesia (Estados Federados de)"
"persona","p373_paisres5_cod","37.3. País donde vivía el año 2019","categorica","584","Islas Marshall"
"persona","p373_paisres5_cod","37.3. País donde vivía el año 2019","categorica","585","Palau"
"persona","p373_paisres5_cod","37.3. País donde vivía el año 2019","categorica","586","Pakistán"
"persona","p373_paisres5_cod","37.3. País donde vivía el año 2019","categorica","591","Panamá"
"persona","p373_paisres5_cod","37.3. País donde vivía el año 2019","categorica","598","Papua Nueva Guinea"
"persona","p373_paisres5_cod","37.3. País donde vivía el año 2019","categorica","600","Paraguay"
"persona","p373_paisres5_cod","37.3. País donde vivía el año 2019","categorica","604","Perú"
"persona","p373_paisres5_cod","37.3. País donde vivía el año 2019","categorica","608","Filipinas"
"persona","p373_paisres5_cod","37.3. País donde vivía el año 2019","categorica","612","Pitcairn"
"persona","p373_paisres5_cod","37.3. País donde vivía el año 2019","categorica","616","Polonia"
"persona","p373_paisres5_cod","37.3. País donde vivía el año 2019","categorica","620","Portugal"
"persona","p373_paisres5_cod","37.3. País donde vivía el año 2019","categorica","624","Guinea-Bissau"
"persona","p373_paisres5_cod","37.3. País donde vivía el año 2019","categorica","626","Timor-Leste"
"persona","p373_paisres5_cod","37.3. País donde vivía el año 2019","categorica","630","Puerto Rico"
"persona","p373_paisres5_cod","37.3. País donde vivía el año 2019","categorica","634","Qatar"
"persona","p373_paisres5_cod","37.3. País donde vivía el año 2019","categorica","638","Reunión"
"persona","p373_paisres5_cod","37.3. País donde vivía el año 2019","categorica","642","Rumania"
"persona","p373_paisres5_cod","37.3. País donde vivía el año 2019","categorica","643","Federación de Rusia"
"persona","p373_paisres5_cod","37.3. País donde vivía el año 2019","categorica","646","Rwanda"
"persona","p373_paisres5_cod","37.3. País donde vivía el año 2019","categorica","652","San Barthélemy"
"persona","p373_paisres5_cod","37.3. País donde vivía el año 2019","categorica","654","Santa Elena"
"persona","p373_paisres5_cod","37.3. País donde vivía el año 2019","categorica","659","Saint Kitts y Nevis"
"persona","p373_paisres5_cod","37.3. País donde vivía el año 2019","categorica","660","Anguila"
"persona","p373_paisres5_cod","37.3. País donde vivía el año 2019","categorica","662","Santa Lucía"
"persona","p373_paisres5_cod","37.3. País donde vivía el año 2019","categorica","663","San Martín (parte francesa)"
"persona","p373_paisres5_cod","37.3. País donde vivía el año 2019","categorica","666","San Pedro y Miquelón"
"persona","p373_paisres5_cod","37.3. País donde vivía el año 2019","categorica","670","San Vicente y las Granadinas"
"persona","p373_paisres5_cod","37.3. País donde vivía el año 2019","categorica","674","San Marino"
"persona","p373_paisres5_cod","37.3. País donde vivía el año 2019","categorica","678","Santo Tomé y Príncipe"
"persona","p373_paisres5_cod","37.3. País donde vivía el año 2019","categorica","682","Arabia Saudita"
"persona","p373_paisres5_cod","37.3. País donde vivía el año 2019","categorica","686","Senegal"
"persona","p373_paisres5_cod","37.3. País donde vivía el año 2019","categorica","688","Serbia"
"persona","p373_paisres5_cod","37.3. País donde vivía el año 2019","categorica","689","Kosovo"
"persona","p373_paisres5_cod","37.3. País donde vivía el año 2019","categorica","690","Seychelles"
"persona","p373_paisres5_cod","37.3. País donde vivía el año 2019","categorica","694","Sierra Leona"
"persona","p373_paisres5_cod","37.3. País donde vivía el año 2019","categorica","702","Singapur"
"persona","p373_paisres5_cod","37.3. País donde vivía el año 2019","categorica","703","Eslovaquia"
"persona","p373_paisres5_cod","37.3. País donde vivía el año 2019","categorica","704","Viet Nam"
"persona","p373_paisres5_cod","37.3. País donde vivía el año 2019","categorica","705","Eslovenia"
"persona","p373_paisres5_cod","37.3. País donde vivía el año 2019","categorica","706","Somalia"
"persona","p373_paisres5_cod","37.3. País donde vivía el año 2019","categorica","710","Sudáfrica"
"persona","p373_paisres5_cod","37.3. País donde vivía el año 2019","categorica","716","Zimbabwe"
"persona","p373_paisres5_cod","37.3. País donde vivía el año 2019","categorica","724","España"
"persona","p373_paisres5_cod","37.3. País donde vivía el año 2019","categorica","728","Sudán del Sur"
"persona","p373_paisres5_cod","37.3. País donde vivía el año 2019","categorica","729","Sudán"
"persona","p373_paisres5_cod","37.3. País donde vivía el año 2019","categorica","732","Sáhara Occidental"
"persona","p373_paisres5_cod","37.3. País donde vivía el año 2019","categorica","740","Suriname"
"persona","p373_paisres5_cod","37.3. País donde vivía el año 2019","categorica","744","Islas Svalbard y Jan Mayen"
"persona","p373_paisres5_cod","37.3. País donde vivía el año 2019","categorica","748","Eswatini"
"persona","p373_paisres5_cod","37.3. País donde vivía el año 2019","categorica","752","Suecia"
"persona","p373_paisres5_cod","37.3. País donde vivía el año 2019","categorica","756","Suiza"
"persona","p373_paisres5_cod","37.3. País donde vivía el año 2019","categorica","760","República Árabe Siria"
"persona","p373_paisres5_cod","37.3. País donde vivía el año 2019","categorica","762","Tayikistán"
"persona","p373_paisres5_cod","37.3. País donde vivía el año 2019","categorica","764","Tailandia"
"persona","p373_paisres5_cod","37.3. País donde vivía el año 2019","categorica","768","Togo"
"persona","p373_paisres5_cod","37.3. País donde vivía el año 2019","categorica","772","Tokelau"
"persona","p373_paisres5_cod","37.3. País donde vivía el año 2019","categorica","776","Tonga"
"persona","p373_paisres5_cod","37.3. País donde vivía el año 2019","categorica","780","Trinidad y Tobago"
"persona","p373_paisres5_cod","37.3. País donde vivía el año 2019","categorica","784","Emiratos Árabes Unidos"
"persona","p373_paisres5_cod","37.3. País donde vivía el año 2019","categorica","788","Túnez"
"persona","p373_paisres5_cod","37.3. País donde vivía el año 2019","categorica","792","Turquía"
"persona","p373_paisres5_cod","37.3. País donde vivía el año 2019","categorica","795","Turkmenistán"
"persona","p373_paisres5_cod","37.3. País donde vivía el año 2019","categorica","796","Islas Turcas y Caicos"
"persona","p373_paisres5_cod","37.3. País donde vivía el año 2019","categorica","798","Tuvalu"
"persona","p373_paisres5_cod","37.3. País donde vivía el año 2019","categorica","800","Uganda"
"persona","p373_paisres5_cod","37.3. País donde vivía el año 2019","categorica","804","Ucrania"
"persona","p373_paisres5_cod","37.3. País donde vivía el año 2019","categorica","807","Macedonia del Norte"
"persona","p373_paisres5_cod","37.3. País donde vivía el año 2019","categorica","818","Egipto"
"persona","p373_paisres5_cod","37.3. País donde vivía el año 2019","categorica","826","Reino Unido de Gran Bretaña e Irlanda del Norte"
"persona","p373_paisres5_cod","37.3. País donde vivía el año 2019","categorica","831","Guernsey"
"persona","p373_paisres5_cod","37.3. País donde vivía el año 2019","categorica","832","Jersey"
"persona","p373_paisres5_cod","37.3. País donde vivía el año 2019","categorica","833","Isla de Man"
"persona","p373_paisres5_cod","37.3. País donde vivía el año 2019","categorica","834","República Unida de Tanzanía"
"persona","p373_paisres5_cod","37.3. País donde vivía el año 2019","categorica","840","Estados Unidos de América"
"persona","p373_paisres5_cod","37.3. País donde vivía el año 2019","categorica","850","Islas Vírgenes de los Estados Unidos"
"persona","p373_paisres5_cod","37.3. País donde vivía el año 2019","categorica","854","Burkina Faso"
"persona","p373_paisres5_cod","37.3. País donde vivía el año 2019","categorica","858","Uruguay"
"persona","p373_paisres5_cod","37.3. País donde vivía el año 2019","categorica","860","Uzbekistán"
"persona","p373_paisres5_cod","37.3. País donde vivía el año 2019","categorica","862","Venezuela (República Bolivariana de)"
"persona","p373_paisres5_cod","37.3. País donde vivía el año 2019","categorica","876","Islas Wallis y Futuna"
"persona","p373_paisres5_cod","37.3. País donde vivía el año 2019","categorica","882","Samoa"
"persona","p373_paisres5_cod","37.3. País donde vivía el año 2019","categorica","887","Yemen"
"persona","p373_paisres5_cod","37.3. País donde vivía el año 2019","categorica","894","Zambia"
"persona","p373_paisres5_cod","37.3. País donde vivía el año 2019","categorica","987","Caracteres aleatorios o descripción ilegible"
"persona","p373_paisres5_cod","37.3. País donde vivía el año 2019","categorica","988","Otro municipio"
"persona","p373_paisres5_cod","37.3. País donde vivía el año 2019","categorica","991","África"
"persona","p373_paisres5_cod","37.3. País donde vivía el año 2019","categorica","992","América"
"persona","p373_paisres5_cod","37.3. País donde vivía el año 2019","categorica","993","Asia"
"persona","p373_paisres5_cod","37.3. País donde vivía el año 2019","categorica","994","Europa"
"persona","p373_paisres5_cod","37.3. País donde vivía el año 2019","categorica","995","Oceanía"
"persona","p373_paisres5_cod","37.3. País donde vivía el año 2019","categorica","996","Otro país extranjero"
"persona","p373_paisres5_cod","37.3. País donde vivía el año 2019","categorica","997","No corresponde a país"
"persona","p373_paisres5_cod","37.3. País donde vivía el año 2019","categorica","998","No sabe"
"persona","p373_paisres5_cod","37.3. País donde vivía el año 2019","categorica","999","Sin Especificar"
"persona","p38_asiste","38. Actualmente, asiste como estudiante a:","categorica","1","Curso de alfabetización o post alfabetización"
"persona","p38_asiste","38. Actualmente, asiste como estudiante a:","categorica","2","Centro de Educación Alternativa (CEA)"
"persona","p38_asiste","38. Actualmente, asiste como estudiante a:","categorica","3","Centro de Educación Especial"
"persona","p38_asiste","38. Actualmente, asiste como estudiante a:","categorica","4","Guardería o centro infantil"
"persona","p38_asiste","38. Actualmente, asiste como estudiante a:","categorica","5","Pre kínder, kínder, escuela o colegio"
"persona","p38_asiste","38. Actualmente, asiste como estudiante a:","categorica","6","Instituto de Formación Técnica Profesional"
"persona","p38_asiste","38. Actualmente, asiste como estudiante a:","categorica","7","Universidades, UNIPOL, UNIMIL, Escuela Superior de Formación de Maestros"
"persona","p38_asiste","38. Actualmente, asiste como estudiante a:","categorica","8","No asiste"
"persona","p38_asiste","38. Actualmente, asiste como estudiante a:","categorica","9","Sin especificar"
"persona","p39_tipoest","39. El centro o establecimiento educativo al que asiste es:","categorica","1","Público o de convenio"
"persona","p39_tipoest","39. El centro o establecimiento educativo al que asiste es:","categorica","2","Privado"
"persona","p39_tipoest","39. El centro o establecimiento educativo al que asiste es:","categorica","9","Sin especificar"
"persona","p40_lee","40. Sabe leer y escribir","categorica","1","Sí"
"persona","p40_lee","40. Sabe leer y escribir","categorica","2","No"
"persona","p40_lee","40. Sabe leer y escribir","categorica","9","Sin especificar"
"persona","p41a_nivel","41.A. Cuál es el último curso o año que aprobó y en que nivel educativo (Nivel)","categorica","1","Ninguno"
"persona","p41a_nivel","41.A. Cuál es el último curso o año que aprobó y en que nivel educativo (Nivel)","categorica","2","Curso de alfabetización"
"persona","p41a_nivel","41.A. Cuál es el último curso o año que aprobó y en que nivel educativo (Nivel)","categorica","3","Inicial (Pre kínder, kínder)"
"persona","p41a_nivel","41.A. Cuál es el último curso o año que aprobó y en que nivel educativo (Nivel)","categorica","4","Básico"
"persona","p41a_nivel","41.A. Cuál es el último curso o año que aprobó y en que nivel educativo (Nivel)","categorica","5","Intermedio"
"persona","p41a_nivel","41.A. Cuál es el último curso o año que aprobó y en que nivel educativo (Nivel)","categorica","6","Medio"
"persona","p41a_nivel","41.A. Cuál es el último curso o año que aprobó y en que nivel educativo (Nivel)","categorica","7","Primaria"
"persona","p41a_nivel","41.A. Cuál es el último curso o año que aprobó y en que nivel educativo (Nivel)","categorica","8","Secundaria"
"persona","p41a_nivel","41.A. Cuál es el último curso o año que aprobó y en que nivel educativo (Nivel)","categorica","9","Técnico Medio"
"persona","p41a_nivel","41.A. Cuál es el último curso o año que aprobó y en que nivel educativo (Nivel)","categorica","10","Técnico Superior"
"persona","p41a_nivel","41.A. Cuál es el último curso o año que aprobó y en que nivel educativo (Nivel)","categorica","11","Licenciatura"
"persona","p41a_nivel","41.A. Cuál es el último curso o año que aprobó y en que nivel educativo (Nivel)","categorica","12","Maestría"
"persona","p41a_nivel","41.A. Cuál es el último curso o año que aprobó y en que nivel educativo (Nivel)","categorica","13","Doctorado"
"persona","p41a_nivel","41.A. Cuál es el último curso o año que aprobó y en que nivel educativo (Nivel)","categorica","99","Sin especificar"
"persona","p41b_curso","41.B. Cuál es el último curso o año que aprobó y en que nivel educativo (Curso o Año)","categorica","9","Sin especificar"
"persona","p42a_ver","42.A Tiene dificultad permanente para ver incluso cuando usa lentes","categorica","1","Ninguna"
"persona","p42a_ver","42.A Tiene dificultad permanente para ver incluso cuando usa lentes","categorica","2","Algo"
"persona","p42a_ver","42.A Tiene dificultad permanente para ver incluso cuando usa lentes","categorica","3","Mucha"
"persona","p42a_ver","42.A Tiene dificultad permanente para ver incluso cuando usa lentes","categorica","4","Total dificultad"
"persona","p42a_ver","42.A Tiene dificultad permanente para ver incluso cuando usa lentes","categorica","9","Sin especificar"
"persona","p42b_oir","42.B. Tiene dificultad permanente para oír, incluso cuando usa audífonos","categorica","1","Ninguna"
"persona","p42b_oir","42.B. Tiene dificultad permanente para oír, incluso cuando usa audífonos","categorica","2","Algo"
"persona","p42b_oir","42.B. Tiene dificultad permanente para oír, incluso cuando usa audífonos","categorica","3","Mucha"
"persona","p42b_oir","42.B. Tiene dificultad permanente para oír, incluso cuando usa audífonos","categorica","4","Total dificultad"
"persona","p42b_oir","42.B. Tiene dificultad permanente para oír, incluso cuando usa audífonos","categorica","9","Sin especificar"
"persona","p42c_camina","42.C. Tiene dificultad permanente para caminar o subir gradas o usar brazos o manos","categorica","1","Ninguna"
"persona","p42c_camina","42.C. Tiene dificultad permanente para caminar o subir gradas o usar brazos o manos","categorica","2","Algo"
"persona","p42c_camina","42.C. Tiene dificultad permanente para caminar o subir gradas o usar brazos o manos","categorica","3","Mucha"
"persona","p42c_camina","42.C. Tiene dificultad permanente para caminar o subir gradas o usar brazos o manos","categorica","4","Total dificultad"
"persona","p42c_camina","42.C. Tiene dificultad permanente para caminar o subir gradas o usar brazos o manos","categorica","9","Sin especificar"
"persona","p42d_comuni","42.D. Tiene dificultad permanente para comunicarse, aprender, concentrarse o razonar","categorica","1","Ninguna"
"persona","p42d_comuni","42.D. Tiene dificultad permanente para comunicarse, aprender, concentrarse o razonar","categorica","2","Algo"
"persona","p42d_comuni","42.D. Tiene dificultad permanente para comunicarse, aprender, concentrarse o razonar","categorica","3","Mucha"
"persona","p42d_comuni","42.D. Tiene dificultad permanente para comunicarse, aprender, concentrarse o razonar","categorica","4","Total dificultad"
"persona","p42d_comuni","42.D. Tiene dificultad permanente para comunicarse, aprender, concentrarse o razonar","categorica","9","Sin especificar"
"persona","p43_pago","43. La semana pasada, trabajó por un pago o ingreso","categorica","1","Sí"
"persona","p43_pago","43. La semana pasada, trabajó por un pago o ingreso","categorica","2","No"
"persona","p43_pago","43. La semana pasada, trabajó por un pago o ingreso","categorica","9","Sin especificar"
"persona","p44_nego","44. La semana pasada, ayudó o trabajó en un negocio propio o familiar","categorica","1","Sí"
"persona","p44_nego","44. La semana pasada, ayudó o trabajó en un negocio propio o familiar","categorica","2","No"
"persona","p44_nego","44. La semana pasada, ayudó o trabajó en un negocio propio o familiar","categorica","9","Sin especificar"
"persona","p45_agro","45. La semana pasada, atendió cultivos agrícolas o cría de animales","categorica","1","Sí"
"persona","p45_agro","45. La semana pasada, atendió cultivos agrícolas o cría de animales","categorica","2","No"
"persona","p45_agro","45. La semana pasada, atendió cultivos agrícolas o cría de animales","categorica","9","Sin especificar"
"persona","p46_dest","46. Los cultivos agrícolas o cría de animales son destinados:","categorica","1","La mayor parte para la venta"
"persona","p46_dest","46. Los cultivos agrícolas o cría de animales son destinados:","categorica","2","La mayor parte para consumo de su familia"
"persona","p46_dest","46. Los cultivos agrícolas o cría de animales son destinados:","categorica","9","Sin especificar"
"persona","p47_otro","47. La semana pasada: (Otra actividad la semana pasada)","categorica","1","Realizó alguna otra actividad ocasional por un pago o ingreso"
"persona","p47_otro","47. La semana pasada: (Otra actividad la semana pasada)","categorica","2","Tenía algún trabajo, pero no trabajó por licencia, vacación, enfermedad o falta de materiales"
"persona","p47_otro","47. La semana pasada: (Otra actividad la semana pasada)","categorica","3","No trabajó"
"persona","p47_otro","47. La semana pasada: (Otra actividad la semana pasada)","categorica","9","Sin especificar"
"persona","p48_nocu","48.A. Las últimas 4 semanas: (Condición de inactividad en las últimas 4 semanas)","categorica","1","Buscó trabajo por primera vez"
"persona","p48_nocu","48.A. Las últimas 4 semanas: (Condición de inactividad en las últimas 4 semanas)","categorica","2","Buscó trabajo habiendo trabajado antes"
"persona","p48_nocu","48.A. Las últimas 4 semanas: (Condición de inactividad en las últimas 4 semanas)","categorica","3","Estuvo como pasante o aprendiz sin recibir pago"
"persona","p48_nocu","48.A. Las últimas 4 semanas: (Condición de inactividad en las últimas 4 semanas)","categorica","4","Estuvo estudiando"
"persona","p48_nocu","48.A. Las últimas 4 semanas: (Condición de inactividad en las últimas 4 semanas)","categorica","5","Esta jubilada(o), es pensionista o rentista"
"persona","p48_nocu","48.A. Las últimas 4 semanas: (Condición de inactividad en las últimas 4 semanas)","categorica","6","Realizó labores de su casa o cuidado de los miembros de su hogar"
"persona","p48_nocu","48.A. Las últimas 4 semanas: (Condición de inactividad en las últimas 4 semanas)","categorica","7","Otro (especifique)"
"persona","p48_nocu","48.A. Las últimas 4 semanas: (Condición de inactividad en las últimas 4 semanas)","categorica","9","Sin especificar"
"persona","p49_ocu_1d","49. Cuál es (era) su trabajo, ocupación u oficio principal (COB gran grupo)","categorica","0","Ocupaciones Militares"
"persona","p49_ocu_1d","49. Cuál es (era) su trabajo, ocupación u oficio principal (COB gran grupo)","categorica","1","Directores y Gerentes"
"persona","p49_ocu_1d","49. Cuál es (era) su trabajo, ocupación u oficio principal (COB gran grupo)","categorica","2","Profesionales científicos e intelectuales"
"persona","p49_ocu_1d","49. Cuál es (era) su trabajo, ocupación u oficio principal (COB gran grupo)","categorica","3","Técnicos de nivel medio"
"persona","p49_ocu_1d","49. Cuál es (era) su trabajo, ocupación u oficio principal (COB gran grupo)","categorica","4","Personal de apoyo administrativo"
"persona","p49_ocu_1d","49. Cuál es (era) su trabajo, ocupación u oficio principal (COB gran grupo)","categorica","5","Trabajadores de los servicios y vendedores"
"persona","p49_ocu_1d","49. Cuál es (era) su trabajo, ocupación u oficio principal (COB gran grupo)","categorica","6","Agricultores, pecuarios, agropecuarios, forestales, acuicultores y pesqueros"
"persona","p49_ocu_1d","49. Cuál es (era) su trabajo, ocupación u oficio principal (COB gran grupo)","categorica","7","Trabajadores de la construcción, industria manufacturera y otros oficios"
"persona","p49_ocu_1d","49. Cuál es (era) su trabajo, ocupación u oficio principal (COB gran grupo)","categorica","8","Operadores de instalaciones y maquinarias y ensambladores"
"persona","p49_ocu_1d","49. Cuál es (era) su trabajo, ocupación u oficio principal (COB gran grupo)","categorica","9","Trabajadores no calificados"
"persona","p49_ocu_1d","49. Cuál es (era) su trabajo, ocupación u oficio principal (COB gran grupo)","categorica","97","Descripciones incompletas"
"persona","p49_ocu_1d","49. Cuál es (era) su trabajo, ocupación u oficio principal (COB gran grupo)","categorica","99","Sin Especificar"
"persona","ocu_1d_19","Grupo ocupacional (19° CIET) - (residentes en el país que respondieron a las preguntas de condición de actividad) COB gran grupo","categorica","0","Ocupaciones Militares"
"persona","ocu_1d_19","Grupo ocupacional (19° CIET) - (residentes en el país que respondieron a las preguntas de condición de actividad) COB gran grupo","categorica","1","Directores y Gerentes"
"persona","ocu_1d_19","Grupo ocupacional (19° CIET) - (residentes en el país que respondieron a las preguntas de condición de actividad) COB gran grupo","categorica","2","Profesionales científicos e intelectuales"
"persona","ocu_1d_19","Grupo ocupacional (19° CIET) - (residentes en el país que respondieron a las preguntas de condición de actividad) COB gran grupo","categorica","3","Técnicos de nivel medio"
"persona","ocu_1d_19","Grupo ocupacional (19° CIET) - (residentes en el país que respondieron a las preguntas de condición de actividad) COB gran grupo","categorica","4","Personal de apoyo administrativo"
"persona","ocu_1d_19","Grupo ocupacional (19° CIET) - (residentes en el país que respondieron a las preguntas de condición de actividad) COB gran grupo","categorica","5","Trabajadores de los servicios y vendedores"
"persona","ocu_1d_19","Grupo ocupacional (19° CIET) - (residentes en el país que respondieron a las preguntas de condición de actividad) COB gran grupo","categorica","6","Agricultores, pecuarios, agropecuarios, forestales, acuicultores y pesqueros"
"persona","ocu_1d_19","Grupo ocupacional (19° CIET) - (residentes en el país que respondieron a las preguntas de condición de actividad) COB gran grupo","categorica","7","Trabajadores de la construcción, industria manufacturera y otros oficios"
"persona","ocu_1d_19","Grupo ocupacional (19° CIET) - (residentes en el país que respondieron a las preguntas de condición de actividad) COB gran grupo","categorica","8","Operadores de instalaciones y máquinas y ensambladores"
"persona","ocu_1d_19","Grupo ocupacional (19° CIET) - (residentes en el país que respondieron a las preguntas de condición de actividad) COB gran grupo","categorica","9","Trabajadores no calificados"
"persona","ocu_1d_19","Grupo ocupacional (19° CIET) - (residentes en el país que respondieron a las preguntas de condición de actividad) COB gran grupo","categorica","97","Descripciones incompletas"
"persona","ocu_1d_19","Grupo ocupacional (19° CIET) - (residentes en el país que respondieron a las preguntas de condición de actividad) COB gran grupo","categorica","99","Sin Especificar"
"persona","p50_semp","50. En ese trabajó es (era):","categorica","1","Trabajadora(or) por cuenta propia"
"persona","p50_semp","50. En ese trabajó es (era):","categorica","2","Empleada(o) u obrera(o)"
"persona","p50_semp","50. En ese trabajó es (era):","categorica","3","Empleadora(or) o socia(o)"
"persona","p50_semp","50. En ese trabajó es (era):","categorica","4","Trabajadora(or) familiar sin renumeración"
"persona","p50_semp","50. En ese trabajó es (era):","categorica","5","Trabajadora(or) del hogar"
"persona","p50_semp","50. En ese trabajó es (era):","categorica","6","Cooperativista de producción"
"persona","p50_semp","50. En ese trabajó es (era):","categorica","9","Sin especificar"
"persona","p51_actec_2d","51. Principalmente, que produce, vende o a que actividad económica se dedica el lugar o establecimiento donde trabaja (CAEB sección)","categorica","1","A: Agricultura, ganadería, silvicultura y pesca"
"persona","p51_actec_2d","51. Principalmente, que produce, vende o a que actividad económica se dedica el lugar o establecimiento donde trabaja (CAEB sección)","categorica","2","B: Explotación de minas y canteras"
"persona","p51_actec_2d","51. Principalmente, que produce, vende o a que actividad económica se dedica el lugar o establecimiento donde trabaja (CAEB sección)","categorica","3","C: Industrias manufactureras"
"persona","p51_actec_2d","51. Principalmente, que produce, vende o a que actividad económica se dedica el lugar o establecimiento donde trabaja (CAEB sección)","categorica","4","D: Suministro de electricidad, gas, vapor y aire acondicionado"
"persona","p51_actec_2d","51. Principalmente, que produce, vende o a que actividad económica se dedica el lugar o establecimiento donde trabaja (CAEB sección)","categorica","5","E: Suministro de agua; evacuación de aguas residuales, gestión de desechos y descontaminación"
"persona","p51_actec_2d","51. Principalmente, que produce, vende o a que actividad económica se dedica el lugar o establecimiento donde trabaja (CAEB sección)","categorica","6","F: Construcción"
"persona","p51_actec_2d","51. Principalmente, que produce, vende o a que actividad económica se dedica el lugar o establecimiento donde trabaja (CAEB sección)","categorica","7","G: Comercio al por mayor y al por menor, reparación de vehículos automotores y motocicletas"
"persona","p51_actec_2d","51. Principalmente, que produce, vende o a que actividad económica se dedica el lugar o establecimiento donde trabaja (CAEB sección)","categorica","8","H: Transporte y almacenamiento"
"persona","p51_actec_2d","51. Principalmente, que produce, vende o a que actividad económica se dedica el lugar o establecimiento donde trabaja (CAEB sección)","categorica","9","I: Actividades de alojamiento y de servicio de comidas"
"persona","p51_actec_2d","51. Principalmente, que produce, vende o a que actividad económica se dedica el lugar o establecimiento donde trabaja (CAEB sección)","categorica","10","J: Información y comunicaciones"
"persona","p51_actec_2d","51. Principalmente, que produce, vende o a que actividad económica se dedica el lugar o establecimiento donde trabaja (CAEB sección)","categorica","11","K: Actividades financieras y de seguros"
"persona","p51_actec_2d","51. Principalmente, que produce, vende o a que actividad económica se dedica el lugar o establecimiento donde trabaja (CAEB sección)","categorica","12","L: Actividades inmobiliarias"
"persona","p51_actec_2d","51. Principalmente, que produce, vende o a que actividad económica se dedica el lugar o establecimiento donde trabaja (CAEB sección)","categorica","13","M: Actividades profesionales, científicas y técnicas"
"persona","p51_actec_2d","51. Principalmente, que produce, vende o a que actividad económica se dedica el lugar o establecimiento donde trabaja (CAEB sección)","categorica","14","N: Actividades de servicios administrativos y de apoyo"
"persona","p51_actec_2d","51. Principalmente, que produce, vende o a que actividad económica se dedica el lugar o establecimiento donde trabaja (CAEB sección)","categorica","15","O: Administración pública y defensa; planes de seguridad social de afiliación obligatoria"
"persona","p51_actec_2d","51. Principalmente, que produce, vende o a que actividad económica se dedica el lugar o establecimiento donde trabaja (CAEB sección)","categorica","16","P: Enseñanza"
"persona","p51_actec_2d","51. Principalmente, que produce, vende o a que actividad económica se dedica el lugar o establecimiento donde trabaja (CAEB sección)","categorica","17","Q: Actividades de atención de la salud humana y de asistencia social"
"persona","p51_actec_2d","51. Principalmente, que produce, vende o a que actividad económica se dedica el lugar o establecimiento donde trabaja (CAEB sección)","categorica","18","R: Actividades artísticas, de entretenimiento y recreativas"
"persona","p51_actec_2d","51. Principalmente, que produce, vende o a que actividad económica se dedica el lugar o establecimiento donde trabaja (CAEB sección)","categorica","19","S: Otras actividades de servicios"
"persona","p51_actec_2d","51. Principalmente, que produce, vende o a que actividad económica se dedica el lugar o establecimiento donde trabaja (CAEB sección)","categorica","20","T: Actividades de los hogares como empleadores; actividades no diferenciadas de los hogares como productores de bienes y servicios como uso propio"
"persona","p51_actec_2d","51. Principalmente, que produce, vende o a que actividad económica se dedica el lugar o establecimiento donde trabaja (CAEB sección)","categorica","21","U: Actividades de organizaciones y órganos extraterritoriales"
"persona","p51_actec_2d","51. Principalmente, que produce, vende o a que actividad económica se dedica el lugar o establecimiento donde trabaja (CAEB sección)","categorica","97","Descripciones incompletas"
"persona","p51_actec_2d","51. Principalmente, que produce, vende o a que actividad económica se dedica el lugar o establecimiento donde trabaja (CAEB sección)","categorica","99","Sin especificar"
"persona","act_eco_2d_19","Actividad económica (19° CIET) - (residentes en el país que respondieron a las preguntas de condición de actividad) CAEB sección","categorica","1","A. Agricultura, ganadería, silvicultura y pesca"
"persona","act_eco_2d_19","Actividad económica (19° CIET) - (residentes en el país que respondieron a las preguntas de condición de actividad) CAEB sección","categorica","2","B. Explotación de minas y canteras"
"persona","act_eco_2d_19","Actividad económica (19° CIET) - (residentes en el país que respondieron a las preguntas de condición de actividad) CAEB sección","categorica","3","C. Industrias manufactureras"
"persona","act_eco_2d_19","Actividad económica (19° CIET) - (residentes en el país que respondieron a las preguntas de condición de actividad) CAEB sección","categorica","4","D. Suministro de electricidad, gas, vapor y aire acondicionado"
"persona","act_eco_2d_19","Actividad económica (19° CIET) - (residentes en el país que respondieron a las preguntas de condición de actividad) CAEB sección","categorica","5","E. Suministro de agua; evacuación de aguas residuales, gestión de desechos y descontaminación"
"persona","act_eco_2d_19","Actividad económica (19° CIET) - (residentes en el país que respondieron a las preguntas de condición de actividad) CAEB sección","categorica","6","F. Construcción"
"persona","act_eco_2d_19","Actividad económica (19° CIET) - (residentes en el país que respondieron a las preguntas de condición de actividad) CAEB sección","categorica","7","G. Comercio al por mayor y al por menor, reparación de vehículos automotores y motocicletas"
"persona","act_eco_2d_19","Actividad económica (19° CIET) - (residentes en el país que respondieron a las preguntas de condición de actividad) CAEB sección","categorica","8","H. Transporte y almacenamiento"
"persona","act_eco_2d_19","Actividad económica (19° CIET) - (residentes en el país que respondieron a las preguntas de condición de actividad) CAEB sección","categorica","9","I. Actividades de alojamiento y de servicio de comidas"
"persona","act_eco_2d_19","Actividad económica (19° CIET) - (residentes en el país que respondieron a las preguntas de condición de actividad) CAEB sección","categorica","10","J. Información y comunicaciones"
"persona","act_eco_2d_19","Actividad económica (19° CIET) - (residentes en el país que respondieron a las preguntas de condición de actividad) CAEB sección","categorica","11","K. Actividades financieras y de seguros"
"persona","act_eco_2d_19","Actividad económica (19° CIET) - (residentes en el país que respondieron a las preguntas de condición de actividad) CAEB sección","categorica","12","L. Actividades inmobiliarias"
"persona","act_eco_2d_19","Actividad económica (19° CIET) - (residentes en el país que respondieron a las preguntas de condición de actividad) CAEB sección","categorica","13","M. Actividades profesionales, científicas y técnicas"
"persona","act_eco_2d_19","Actividad económica (19° CIET) - (residentes en el país que respondieron a las preguntas de condición de actividad) CAEB sección","categorica","14","N. Actividades de servicios administrativos y de apoyo"
"persona","act_eco_2d_19","Actividad económica (19° CIET) - (residentes en el país que respondieron a las preguntas de condición de actividad) CAEB sección","categorica","15","O. Administración pública y defensa; planes de seguridad social de afiliación obligatoria"
"persona","act_eco_2d_19","Actividad económica (19° CIET) - (residentes en el país que respondieron a las preguntas de condición de actividad) CAEB sección","categorica","16","P. Enseñanza"
"persona","act_eco_2d_19","Actividad económica (19° CIET) - (residentes en el país que respondieron a las preguntas de condición de actividad) CAEB sección","categorica","17","Q. Actividades de atención de la salud humana y de asistencia social"
"persona","act_eco_2d_19","Actividad económica (19° CIET) - (residentes en el país que respondieron a las preguntas de condición de actividad) CAEB sección","categorica","18","R. Actividades artísticas, de entretenimiento y recreativas"
"persona","act_eco_2d_19","Actividad económica (19° CIET) - (residentes en el país que respondieron a las preguntas de condición de actividad) CAEB sección","categorica","19","S. Otras actividades de servicios"
"persona","act_eco_2d_19","Actividad económica (19° CIET) - (residentes en el país que respondieron a las preguntas de condición de actividad) CAEB sección","categorica","20","T. Actividades de los hogares como empleadores; actividades no diferenciadas de los hogares como productores de bienes y servicios como uso propio"
"persona","act_eco_2d_19","Actividad económica (19° CIET) - (residentes en el país que respondieron a las preguntas de condición de actividad) CAEB sección","categorica","21","U. Actividades de organizaciones y órganos extraterritoriales"
"persona","act_eco_2d_19","Actividad económica (19° CIET) - (residentes en el país que respondieron a las preguntas de condición de actividad) CAEB sección","categorica","97","Descripciones incompletas"
"persona","act_eco_2d_19","Actividad económica (19° CIET) - (residentes en el país que respondieron a las preguntas de condición de actividad) CAEB sección","categorica","99","Sin Especificar"
"persona","p52_mov","52. Principalmente, el lugar donde trabaja está ubicado:","categorica","1","Dentro o junto a esta vivienda"
"persona","p52_mov","52. Principalmente, el lugar donde trabaja está ubicado:","categorica","2","Fuera de la vivienda, pero en el mismo municipio"
"persona","p52_mov","52. Principalmente, el lugar donde trabaja está ubicado:","categorica","3","En otro municipio"
"persona","p52_mov","52. Principalmente, el lugar donde trabaja está ubicado:","categorica","4","En otro país"
"persona","p52_mov","52. Principalmente, el lugar donde trabaja está ubicado:","categorica","9","Sin especificar"
"persona","p52_dep_mov_cod","52.A. Departamento de Movilidad Cotidiana","categorica","1","Chuquisaca"
"persona","p52_dep_mov_cod","52.A. Departamento de Movilidad Cotidiana","categorica","2","La Paz"
"persona","p52_dep_mov_cod","52.A. Departamento de Movilidad Cotidiana","categorica","3","Cochabamba"
"persona","p52_dep_mov_cod","52.A. Departamento de Movilidad Cotidiana","categorica","4","Oruro"
"persona","p52_dep_mov_cod","52.A. Departamento de Movilidad Cotidiana","categorica","5","Potosí"
"persona","p52_dep_mov_cod","52.A. Departamento de Movilidad Cotidiana","categorica","6","Tarija"
"persona","p52_dep_mov_cod","52.A. Departamento de Movilidad Cotidiana","categorica","7","Santa Cruz"
"persona","p52_dep_mov_cod","52.A. Departamento de Movilidad Cotidiana","categorica","8","Beni"
"persona","p52_dep_mov_cod","52.A. Departamento de Movilidad Cotidiana","categorica","9","Pando"
"persona","p52_dep_mov_cod","52.A. Departamento de Movilidad Cotidiana","categorica","99","Sin especificar"
"persona","p52_mun_mov_cod","52.B. Municipio de Movilidad Cotidiana","categorica","1","Chuquisaca sin provincia y municipio especificado"
"persona","p52_mun_mov_cod","52.B. Municipio de Movilidad Cotidiana","categorica","2","La Paz sin provincia y municipio especificado"
"persona","p52_mun_mov_cod","52.B. Municipio de Movilidad Cotidiana","categorica","3","Cochabamba sin provincia y municipio especificado"
"persona","p52_mun_mov_cod","52.B. Municipio de Movilidad Cotidiana","categorica","4","Oruro sin provincia y municipio especificado"
"persona","p52_mun_mov_cod","52.B. Municipio de Movilidad Cotidiana","categorica","5","Potosí sin provincia y municipio especificado"
"persona","p52_mun_mov_cod","52.B. Municipio de Movilidad Cotidiana","categorica","6","Tarija sin provincia y municipio especificado"
"persona","p52_mun_mov_cod","52.B. Municipio de Movilidad Cotidiana","categorica","7","Santa Cruz sin provincia y municipio especificado"
"persona","p52_mun_mov_cod","52.B. Municipio de Movilidad Cotidiana","categorica","8","Beni sin provincia y municipio especificado"
"persona","p52_mun_mov_cod","52.B. Municipio de Movilidad Cotidiana","categorica","9","Pando sin provincia y municipio especificado"
"persona","p52_mun_mov_cod","52.B. Municipio de Movilidad Cotidiana","categorica","101","Oropeza sin municipio especificado"
"persona","p52_mun_mov_cod","52.B. Municipio de Movilidad Cotidiana","categorica","102","Azurduy sin municipio especificado"
"persona","p52_mun_mov_cod","52.B. Municipio de Movilidad Cotidiana","categorica","103","Zudáñez sin municipio especificado"
"persona","p52_mun_mov_cod","52.B. Municipio de Movilidad Cotidiana","categorica","104","Tomina sin municipio especificado"
"persona","p52_mun_mov_cod","52.B. Municipio de Movilidad Cotidiana","categorica","105","Hernando Siles sin municipio especificado"
"persona","p52_mun_mov_cod","52.B. Municipio de Movilidad Cotidiana","categorica","106","Yamparáez sin municipio especificado"
"persona","p52_mun_mov_cod","52.B. Municipio de Movilidad Cotidiana","categorica","107","Nor Cinti sin municipio especificado"
"persona","p52_mun_mov_cod","52.B. Municipio de Movilidad Cotidiana","categorica","108","Belisario Boeto sin municipio especificado"
"persona","p52_mun_mov_cod","52.B. Municipio de Movilidad Cotidiana","categorica","109","Sud Cinti sin municipio especificado"
"persona","p52_mun_mov_cod","52.B. Municipio de Movilidad Cotidiana","categorica","110","Luis Calvo sin municipio especificado"
"persona","p52_mun_mov_cod","52.B. Municipio de Movilidad Cotidiana","categorica","201","Murillo sin municipio especificado"
"persona","p52_mun_mov_cod","52.B. Municipio de Movilidad Cotidiana","categorica","202","Omasuyos sin municipio especificado"
"persona","p52_mun_mov_cod","52.B. Municipio de Movilidad Cotidiana","categorica","203","Pacajes sin municipio especificado"
"persona","p52_mun_mov_cod","52.B. Municipio de Movilidad Cotidiana","categorica","204","Camacho sin municipio especificado"
"persona","p52_mun_mov_cod","52.B. Municipio de Movilidad Cotidiana","categorica","205","Muñecas sin municipio especificado"
"persona","p52_mun_mov_cod","52.B. Municipio de Movilidad Cotidiana","categorica","206","Larecaja sin municipio especificado"
"persona","p52_mun_mov_cod","52.B. Municipio de Movilidad Cotidiana","categorica","207","Franz Tamayo sin municipio especificado"
"persona","p52_mun_mov_cod","52.B. Municipio de Movilidad Cotidiana","categorica","208","Ingavi sin municipio especificado"
"persona","p52_mun_mov_cod","52.B. Municipio de Movilidad Cotidiana","categorica","209","Loayza sin municipio especificado"
"persona","p52_mun_mov_cod","52.B. Municipio de Movilidad Cotidiana","categorica","210","Inquisivi sin municipio especificado"
"persona","p52_mun_mov_cod","52.B. Municipio de Movilidad Cotidiana","categorica","211","Sur Yungas sin municipio especificado"
"persona","p52_mun_mov_cod","52.B. Municipio de Movilidad Cotidiana","categorica","212","Los Andes sin municipio especificado"
"persona","p52_mun_mov_cod","52.B. Municipio de Movilidad Cotidiana","categorica","213","Aroma sin municipio especificado"
"persona","p52_mun_mov_cod","52.B. Municipio de Movilidad Cotidiana","categorica","214","Nor Yungas sin municipio especificado"
"persona","p52_mun_mov_cod","52.B. Municipio de Movilidad Cotidiana","categorica","215","Abel Iturralde sin municipio especificado"
"persona","p52_mun_mov_cod","52.B. Municipio de Movilidad Cotidiana","categorica","216","Bautista Saavedra sin municipio especificado"
"persona","p52_mun_mov_cod","52.B. Municipio de Movilidad Cotidiana","categorica","217","Manco Kapac sin municipio especificado"
"persona","p52_mun_mov_cod","52.B. Municipio de Movilidad Cotidiana","categorica","218","Gualberto Villarroel sin municipio especificado"
"persona","p52_mun_mov_cod","52.B. Municipio de Movilidad Cotidiana","categorica","219","General José Manuel sin municipio especificado"
"persona","p52_mun_mov_cod","52.B. Municipio de Movilidad Cotidiana","categorica","220","Caranavi sin municipio especificado"
"persona","p52_mun_mov_cod","52.B. Municipio de Movilidad Cotidiana","categorica","301","Cercado sin municipio especificado"
"persona","p52_mun_mov_cod","52.B. Municipio de Movilidad Cotidiana","categorica","302","Campero sin municipio especificado"
"persona","p52_mun_mov_cod","52.B. Municipio de Movilidad Cotidiana","categorica","303","Ayopaya sin municipio especificado"
"persona","p52_mun_mov_cod","52.B. Municipio de Movilidad Cotidiana","categorica","304","Esteban Arze sin municipio especificado"
"persona","p52_mun_mov_cod","52.B. Municipio de Movilidad Cotidiana","categorica","305","Arani sin municipio especificado"
"persona","p52_mun_mov_cod","52.B. Municipio de Movilidad Cotidiana","categorica","306","Arque sin municipio especificado"
"persona","p52_mun_mov_cod","52.B. Municipio de Movilidad Cotidiana","categorica","307","Capinota sin municipio especificado"
"persona","p52_mun_mov_cod","52.B. Municipio de Movilidad Cotidiana","categorica","308","Germán Jordán sin municipio especificado"
"persona","p52_mun_mov_cod","52.B. Municipio de Movilidad Cotidiana","categorica","309","Quillacollo sin municipio especificado"
"persona","p52_mun_mov_cod","52.B. Municipio de Movilidad Cotidiana","categorica","310","Chapare sin municipio especificado"
"persona","p52_mun_mov_cod","52.B. Municipio de Movilidad Cotidiana","categorica","311","Tapacarí sin municipio especificado"
"persona","p52_mun_mov_cod","52.B. Municipio de Movilidad Cotidiana","categorica","312","Carrasco sin municipio especificado"
"persona","p52_mun_mov_cod","52.B. Municipio de Movilidad Cotidiana","categorica","313","Mizque sin municipio especificado"
"persona","p52_mun_mov_cod","52.B. Municipio de Movilidad Cotidiana","categorica","314","Punata sin municipio especificado"
"persona","p52_mun_mov_cod","52.B. Municipio de Movilidad Cotidiana","categorica","315","Bolívar sin municipio especificado"
"persona","p52_mun_mov_cod","52.B. Municipio de Movilidad Cotidiana","categorica","316","Tiraque sin municipio especificado"
"persona","p52_mun_mov_cod","52.B. Municipio de Movilidad Cotidiana","categorica","401","Cercado sin municipio especificado"
"persona","p52_mun_mov_cod","52.B. Municipio de Movilidad Cotidiana","categorica","402","Abaroa sin municipio especificado"
"persona","p52_mun_mov_cod","52.B. Municipio de Movilidad Cotidiana","categorica","403","Carangas sin municipio especificado"
"persona","p52_mun_mov_cod","52.B. Municipio de Movilidad Cotidiana","categorica","404","Sajama sin municipio especificado"
"persona","p52_mun_mov_cod","52.B. Municipio de Movilidad Cotidiana","categorica","405","Litoral sin municipio especificado"
"persona","p52_mun_mov_cod","52.B. Municipio de Movilidad Cotidiana","categorica","406","Poopó sin municipio especificado"
"persona","p52_mun_mov_cod","52.B. Municipio de Movilidad Cotidiana","categorica","407","Pantaleón Dalence sin municipio especificado"
"persona","p52_mun_mov_cod","52.B. Municipio de Movilidad Cotidiana","categorica","408","Ladislao Cabrera sin municipio especificado"
"persona","p52_mun_mov_cod","52.B. Municipio de Movilidad Cotidiana","categorica","409","Sabaya sin municipio especificado"
"persona","p52_mun_mov_cod","52.B. Municipio de Movilidad Cotidiana","categorica","410","Saucarí sin municipio especificado"
"persona","p52_mun_mov_cod","52.B. Municipio de Movilidad Cotidiana","categorica","411","Tomás Barrón sin municipio especificado"
"persona","p52_mun_mov_cod","52.B. Municipio de Movilidad Cotidiana","categorica","412","Sur Carangas sin municipio especificado"
"persona","p52_mun_mov_cod","52.B. Municipio de Movilidad Cotidiana","categorica","413","San Pedro de Totora sin municipio especificado"
"persona","p52_mun_mov_cod","52.B. Municipio de Movilidad Cotidiana","categorica","414","Sebastián Pagador sin municipio especificado"
"persona","p52_mun_mov_cod","52.B. Municipio de Movilidad Cotidiana","categorica","415","Mejillones sin municipio especificado"
"persona","p52_mun_mov_cod","52.B. Municipio de Movilidad Cotidiana","categorica","416","Nor Carangas sin municipio especificado"
"persona","p52_mun_mov_cod","52.B. Municipio de Movilidad Cotidiana","categorica","501","Tomás Frías sin municipio especificado"
"persona","p52_mun_mov_cod","52.B. Municipio de Movilidad Cotidiana","categorica","502","Rafael Bustillo sin municipio especificado"
"persona","p52_mun_mov_cod","52.B. Municipio de Movilidad Cotidiana","categorica","503","Cornelio Saavedra sin municipio especificado"
"persona","p52_mun_mov_cod","52.B. Municipio de Movilidad Cotidiana","categorica","504","Chayanta sin municipio especificado"
"persona","p52_mun_mov_cod","52.B. Municipio de Movilidad Cotidiana","categorica","505","Charcas sin municipio especificado"
"persona","p52_mun_mov_cod","52.B. Municipio de Movilidad Cotidiana","categorica","506","Nor Chichas sin municipio especificado"
"persona","p52_mun_mov_cod","52.B. Municipio de Movilidad Cotidiana","categorica","507","Alonso de Ibáñez sin municipio especificado"
"persona","p52_mun_mov_cod","52.B. Municipio de Movilidad Cotidiana","categorica","508","Sur Chichas sin municipio especificado"
"persona","p52_mun_mov_cod","52.B. Municipio de Movilidad Cotidiana","categorica","509","Nor Lípez sin municipio especificado"
"persona","p52_mun_mov_cod","52.B. Municipio de Movilidad Cotidiana","categorica","510","Sur Lípez sin municipio especificado"
"persona","p52_mun_mov_cod","52.B. Municipio de Movilidad Cotidiana","categorica","511","José María Linares sin municipio especificado"
"persona","p52_mun_mov_cod","52.B. Municipio de Movilidad Cotidiana","categorica","512","Antonio Quijarro sin municipio especificado"
"persona","p52_mun_mov_cod","52.B. Municipio de Movilidad Cotidiana","categorica","513","General Bernardino Bilbao sin municipio especificado"
"persona","p52_mun_mov_cod","52.B. Municipio de Movilidad Cotidiana","categorica","514","Daniel Campos sin municipio especificado"
"persona","p52_mun_mov_cod","52.B. Municipio de Movilidad Cotidiana","categorica","515","Modesto Omiste sin municipio especificado"
"persona","p52_mun_mov_cod","52.B. Municipio de Movilidad Cotidiana","categorica","516","Enrique Baldivieso sin municipio especificado"
"persona","p52_mun_mov_cod","52.B. Municipio de Movilidad Cotidiana","categorica","601","Cercado sin municipio especificado"
"persona","p52_mun_mov_cod","52.B. Municipio de Movilidad Cotidiana","categorica","602","Arce sin municipio especificado"
"persona","p52_mun_mov_cod","52.B. Municipio de Movilidad Cotidiana","categorica","603","Gran Chaco sin municipio especificado"
"persona","p52_mun_mov_cod","52.B. Municipio de Movilidad Cotidiana","categorica","604","Avilez sin municipio especificado"
"persona","p52_mun_mov_cod","52.B. Municipio de Movilidad Cotidiana","categorica","605","Méndez sin municipio especificado"
"persona","p52_mun_mov_cod","52.B. Municipio de Movilidad Cotidiana","categorica","606","O'connor sin municipio especificado"
"persona","p52_mun_mov_cod","52.B. Municipio de Movilidad Cotidiana","categorica","701","Andrés Ibáñez sin municipio especificado"
"persona","p52_mun_mov_cod","52.B. Municipio de Movilidad Cotidiana","categorica","702","Warnes sin municipio especificado"
"persona","p52_mun_mov_cod","52.B. Municipio de Movilidad Cotidiana","categorica","703","Velasco sin municipio especificado"
"persona","p52_mun_mov_cod","52.B. Municipio de Movilidad Cotidiana","categorica","704","Ichilo sin municipio especificado"
"persona","p52_mun_mov_cod","52.B. Municipio de Movilidad Cotidiana","categorica","705","Chiquitos sin municipio especificado"
"persona","p52_mun_mov_cod","52.B. Municipio de Movilidad Cotidiana","categorica","706","Sara sin municipio especificado"
"persona","p52_mun_mov_cod","52.B. Municipio de Movilidad Cotidiana","categorica","707","Cordillera sin municipio especificado"
"persona","p52_mun_mov_cod","52.B. Municipio de Movilidad Cotidiana","categorica","708","Valle Grande sin municipio especificado"
"persona","p52_mun_mov_cod","52.B. Municipio de Movilidad Cotidiana","categorica","709","Florida sin municipio especificado"
"persona","p52_mun_mov_cod","52.B. Municipio de Movilidad Cotidiana","categorica","710","Obispo Santisteban sin municipio especificado"
"persona","p52_mun_mov_cod","52.B. Municipio de Movilidad Cotidiana","categorica","711","Ñuflo de Chávez sin municipio especificado"
"persona","p52_mun_mov_cod","52.B. Municipio de Movilidad Cotidiana","categorica","712","Ángel Sandóval sin municipio especificado"
"persona","p52_mun_mov_cod","52.B. Municipio de Movilidad Cotidiana","categorica","713","Manuel María Caballero sin municipio especificado"
"persona","p52_mun_mov_cod","52.B. Municipio de Movilidad Cotidiana","categorica","714","Germán Busch sin municipio especificado"
"persona","p52_mun_mov_cod","52.B. Municipio de Movilidad Cotidiana","categorica","715","Guarayos sin municipio especificado"
"persona","p52_mun_mov_cod","52.B. Municipio de Movilidad Cotidiana","categorica","801","Cercado sin municipio especificado"
"persona","p52_mun_mov_cod","52.B. Municipio de Movilidad Cotidiana","categorica","802","Vaca Diez sin municipio especificado"
"persona","p52_mun_mov_cod","52.B. Municipio de Movilidad Cotidiana","categorica","803","General José Ballivián sin municipio especificado"
"persona","p52_mun_mov_cod","52.B. Municipio de Movilidad Cotidiana","categorica","804","Yacuma sin municipio especificado"
"persona","p52_mun_mov_cod","52.B. Municipio de Movilidad Cotidiana","categorica","805","Moxos sin municipio especificado"
"persona","p52_mun_mov_cod","52.B. Municipio de Movilidad Cotidiana","categorica","806","Marbán sin municipio especificado"
"persona","p52_mun_mov_cod","52.B. Municipio de Movilidad Cotidiana","categorica","807","Mamoré sin municipio especificado"
"persona","p52_mun_mov_cod","52.B. Municipio de Movilidad Cotidiana","categorica","808","Iténez sin municipio especificado"
"persona","p52_mun_mov_cod","52.B. Municipio de Movilidad Cotidiana","categorica","809","Territorio Indígena Multiétnico sin municipio especificado"
"persona","p52_mun_mov_cod","52.B. Municipio de Movilidad Cotidiana","categorica","901","Nicolás Suárez sin municipio especificado"
"persona","p52_mun_mov_cod","52.B. Municipio de Movilidad Cotidiana","categorica","902","Manuripi sin municipio especificado"
"persona","p52_mun_mov_cod","52.B. Municipio de Movilidad Cotidiana","categorica","903","Madre de Dios sin municipio especificado"
"persona","p52_mun_mov_cod","52.B. Municipio de Movilidad Cotidiana","categorica","904","Abuná sin municipio especificado"
"persona","p52_mun_mov_cod","52.B. Municipio de Movilidad Cotidiana","categorica","905","Federico Román sin municipio especificado"
"persona","p52_mun_mov_cod","52.B. Municipio de Movilidad Cotidiana","categorica","10101","Sucre"
"persona","p52_mun_mov_cod","52.B. Municipio de Movilidad Cotidiana","categorica","10102","Yotala"
"persona","p52_mun_mov_cod","52.B. Municipio de Movilidad Cotidiana","categorica","10103","Poroma"
"persona","p52_mun_mov_cod","52.B. Municipio de Movilidad Cotidiana","categorica","10201","Azurduy"
"persona","p52_mun_mov_cod","52.B. Municipio de Movilidad Cotidiana","categorica","10202","Tarvita"
"persona","p52_mun_mov_cod","52.B. Municipio de Movilidad Cotidiana","categorica","10301","Zudáñez"
"persona","p52_mun_mov_cod","52.B. Municipio de Movilidad Cotidiana","categorica","10302","Presto"
"persona","p52_mun_mov_cod","52.B. Municipio de Movilidad Cotidiana","categorica","10303","Mojocoya"
"persona","p52_mun_mov_cod","52.B. Municipio de Movilidad Cotidiana","categorica","10304","Icla"
"persona","p52_mun_mov_cod","52.B. Municipio de Movilidad Cotidiana","categorica","10401","Padilla"
"persona","p52_mun_mov_cod","52.B. Municipio de Movilidad Cotidiana","categorica","10402","Tomina"
"persona","p52_mun_mov_cod","52.B. Municipio de Movilidad Cotidiana","categorica","10403","Sopachuy"
"persona","p52_mun_mov_cod","52.B. Municipio de Movilidad Cotidiana","categorica","10404","Alcalá"
"persona","p52_mun_mov_cod","52.B. Municipio de Movilidad Cotidiana","categorica","10405","El Villar"
"persona","p52_mun_mov_cod","52.B. Municipio de Movilidad Cotidiana","categorica","10501","Monteagudo"
"persona","p52_mun_mov_cod","52.B. Municipio de Movilidad Cotidiana","categorica","10502","Huacareta"
"persona","p52_mun_mov_cod","52.B. Municipio de Movilidad Cotidiana","categorica","10601","Tarabuco"
"persona","p52_mun_mov_cod","52.B. Municipio de Movilidad Cotidiana","categorica","10602","Yamparáez"
"persona","p52_mun_mov_cod","52.B. Municipio de Movilidad Cotidiana","categorica","10701","Camargo"
"persona","p52_mun_mov_cod","52.B. Municipio de Movilidad Cotidiana","categorica","10702","San Lucas"
"persona","p52_mun_mov_cod","52.B. Municipio de Movilidad Cotidiana","categorica","10703","Incahuasi"
"persona","p52_mun_mov_cod","52.B. Municipio de Movilidad Cotidiana","categorica","10704","Villa Charcas"
"persona","p52_mun_mov_cod","52.B. Municipio de Movilidad Cotidiana","categorica","10801","Villa Serrano"
"persona","p52_mun_mov_cod","52.B. Municipio de Movilidad Cotidiana","categorica","10901","Villa Abecia"
"persona","p52_mun_mov_cod","52.B. Municipio de Movilidad Cotidiana","categorica","10902","Culpina"
"persona","p52_mun_mov_cod","52.B. Municipio de Movilidad Cotidiana","categorica","10903","Las Carreras"
"persona","p52_mun_mov_cod","52.B. Municipio de Movilidad Cotidiana","categorica","11001","Villa Vaca Guzmán"
"persona","p52_mun_mov_cod","52.B. Municipio de Movilidad Cotidiana","categorica","11002","Huacaya (Autonomía Guaraní Chaqueño de Huacaya)"
"persona","p52_mun_mov_cod","52.B. Municipio de Movilidad Cotidiana","categorica","11003","Macharetí"
"persona","p52_mun_mov_cod","52.B. Municipio de Movilidad Cotidiana","categorica","20101","Nuestra Señora de La Paz"
"persona","p52_mun_mov_cod","52.B. Municipio de Movilidad Cotidiana","categorica","20102","Palca"
"persona","p52_mun_mov_cod","52.B. Municipio de Movilidad Cotidiana","categorica","20103","Mecapaca"
"persona","p52_mun_mov_cod","52.B. Municipio de Movilidad Cotidiana","categorica","20104","Achocalla"
"persona","p52_mun_mov_cod","52.B. Municipio de Movilidad Cotidiana","categorica","20105","El Alto"
"persona","p52_mun_mov_cod","52.B. Municipio de Movilidad Cotidiana","categorica","20201","Achacachi"
"persona","p52_mun_mov_cod","52.B. Municipio de Movilidad Cotidiana","categorica","20202","Villa Ancoraimes"
"persona","p52_mun_mov_cod","52.B. Municipio de Movilidad Cotidiana","categorica","20203","Huarina"
"persona","p52_mun_mov_cod","52.B. Municipio de Movilidad Cotidiana","categorica","20204","Santiago de Huata"
"persona","p52_mun_mov_cod","52.B. Municipio de Movilidad Cotidiana","categorica","20205","Huatajata"
"persona","p52_mun_mov_cod","52.B. Municipio de Movilidad Cotidiana","categorica","20206","Chua Cocani"
"persona","p52_mun_mov_cod","52.B. Municipio de Movilidad Cotidiana","categorica","20301","Corocoro"
"persona","p52_mun_mov_cod","52.B. Municipio de Movilidad Cotidiana","categorica","20302","Caquiaviri"
"persona","p52_mun_mov_cod","52.B. Municipio de Movilidad Cotidiana","categorica","20303","Calacoto"
"persona","p52_mun_mov_cod","52.B. Municipio de Movilidad Cotidiana","categorica","20304","Comanche"
"persona","p52_mun_mov_cod","52.B. Municipio de Movilidad Cotidiana","categorica","20305","Charaña"
"persona","p52_mun_mov_cod","52.B. Municipio de Movilidad Cotidiana","categorica","20306","Waldo Ballivián"
"persona","p52_mun_mov_cod","52.B. Municipio de Movilidad Cotidiana","categorica","20307","Nazacara de Pacajes"
"persona","p52_mun_mov_cod","52.B. Municipio de Movilidad Cotidiana","categorica","20308","Santiago de Callapa"
"persona","p52_mun_mov_cod","52.B. Municipio de Movilidad Cotidiana","categorica","20401","Puerto Acosta"
"persona","p52_mun_mov_cod","52.B. Municipio de Movilidad Cotidiana","categorica","20402","Mocomoco"
"persona","p52_mun_mov_cod","52.B. Municipio de Movilidad Cotidiana","categorica","20403","Puerto Mayor de Carabuco"
"persona","p52_mun_mov_cod","52.B. Municipio de Movilidad Cotidiana","categorica","20404","Humanata"
"persona","p52_mun_mov_cod","52.B. Municipio de Movilidad Cotidiana","categorica","20405","Escoma"
"persona","p52_mun_mov_cod","52.B. Municipio de Movilidad Cotidiana","categorica","20501","Chuma"
"persona","p52_mun_mov_cod","52.B. Municipio de Movilidad Cotidiana","categorica","20502","Ayata"
"persona","p52_mun_mov_cod","52.B. Municipio de Movilidad Cotidiana","categorica","20503","Aucapata"
"persona","p52_mun_mov_cod","52.B. Municipio de Movilidad Cotidiana","categorica","20601","Sorata"
"persona","p52_mun_mov_cod","52.B. Municipio de Movilidad Cotidiana","categorica","20602","Guanay"
"persona","p52_mun_mov_cod","52.B. Municipio de Movilidad Cotidiana","categorica","20603","Tacacoma"
"persona","p52_mun_mov_cod","52.B. Municipio de Movilidad Cotidiana","categorica","20604","Quiabaya"
"persona","p52_mun_mov_cod","52.B. Municipio de Movilidad Cotidiana","categorica","20605","Combaya"
"persona","p52_mun_mov_cod","52.B. Municipio de Movilidad Cotidiana","categorica","20606","Tipuani"
"persona","p52_mun_mov_cod","52.B. Municipio de Movilidad Cotidiana","categorica","20607","Mapiri"
"persona","p52_mun_mov_cod","52.B. Municipio de Movilidad Cotidiana","categorica","20608","Teoponte"
"persona","p52_mun_mov_cod","52.B. Municipio de Movilidad Cotidiana","categorica","20701","Apolo"
"persona","p52_mun_mov_cod","52.B. Municipio de Movilidad Cotidiana","categorica","20702","Pelechuco"
"persona","p52_mun_mov_cod","52.B. Municipio de Movilidad Cotidiana","categorica","20801","Viacha"
"persona","p52_mun_mov_cod","52.B. Municipio de Movilidad Cotidiana","categorica","20802","Puerto Mayor de Guaqui"
"persona","p52_mun_mov_cod","52.B. Municipio de Movilidad Cotidiana","categorica","20803","Tiahuanacu"
"persona","p52_mun_mov_cod","52.B. Municipio de Movilidad Cotidiana","categorica","20804","Desaguadero"
"persona","p52_mun_mov_cod","52.B. Municipio de Movilidad Cotidiana","categorica","20805","La (Marka) San Andrés de Machaca"
"persona","p52_mun_mov_cod","52.B. Municipio de Movilidad Cotidiana","categorica","20806","Jesús de Machaka"
"persona","p52_mun_mov_cod","52.B. Municipio de Movilidad Cotidiana","categorica","20807","Taraco"
"persona","p52_mun_mov_cod","52.B. Municipio de Movilidad Cotidiana","categorica","20901","Luribay"
"persona","p52_mun_mov_cod","52.B. Municipio de Movilidad Cotidiana","categorica","20902","Sapahaqui"
"persona","p52_mun_mov_cod","52.B. Municipio de Movilidad Cotidiana","categorica","20903","Yaco"
"persona","p52_mun_mov_cod","52.B. Municipio de Movilidad Cotidiana","categorica","20904","Malla"
"persona","p52_mun_mov_cod","52.B. Municipio de Movilidad Cotidiana","categorica","20905","Cairoma"
"persona","p52_mun_mov_cod","52.B. Municipio de Movilidad Cotidiana","categorica","21001","Inquisivi"
"persona","p52_mun_mov_cod","52.B. Municipio de Movilidad Cotidiana","categorica","21002","Quime"
"persona","p52_mun_mov_cod","52.B. Municipio de Movilidad Cotidiana","categorica","21003","Cajuata"
"persona","p52_mun_mov_cod","52.B. Municipio de Movilidad Cotidiana","categorica","21004","Colquiri"
"persona","p52_mun_mov_cod","52.B. Municipio de Movilidad Cotidiana","categorica","21005","Ichoca"
"persona","p52_mun_mov_cod","52.B. Municipio de Movilidad Cotidiana","categorica","21006","Villa Libertad Licoma"
"persona","p52_mun_mov_cod","52.B. Municipio de Movilidad Cotidiana","categorica","21101","Chulumani"
"persona","p52_mun_mov_cod","52.B. Municipio de Movilidad Cotidiana","categorica","21102","Irupana"
"persona","p52_mun_mov_cod","52.B. Municipio de Movilidad Cotidiana","categorica","21103","Yanacachi"
"persona","p52_mun_mov_cod","52.B. Municipio de Movilidad Cotidiana","categorica","21104","Palos Blancos"
"persona","p52_mun_mov_cod","52.B. Municipio de Movilidad Cotidiana","categorica","21105","La Asunta"
"persona","p52_mun_mov_cod","52.B. Municipio de Movilidad Cotidiana","categorica","21201","Pucarani"
"persona","p52_mun_mov_cod","52.B. Municipio de Movilidad Cotidiana","categorica","21202","Laja"
"persona","p52_mun_mov_cod","52.B. Municipio de Movilidad Cotidiana","categorica","21203","Batallas"
"persona","p52_mun_mov_cod","52.B. Municipio de Movilidad Cotidiana","categorica","21204","Puerto Pérez"
"persona","p52_mun_mov_cod","52.B. Municipio de Movilidad Cotidiana","categorica","21301","Sicasica"
"persona","p52_mun_mov_cod","52.B. Municipio de Movilidad Cotidiana","categorica","21302","Umala"
"persona","p52_mun_mov_cod","52.B. Municipio de Movilidad Cotidiana","categorica","21303","Ayo Ayo"
"persona","p52_mun_mov_cod","52.B. Municipio de Movilidad Cotidiana","categorica","21304","Calamarca"
"persona","p52_mun_mov_cod","52.B. Municipio de Movilidad Cotidiana","categorica","21305","Patacamaya"
"persona","p52_mun_mov_cod","52.B. Municipio de Movilidad Cotidiana","categorica","21306","Colquencha"
"persona","p52_mun_mov_cod","52.B. Municipio de Movilidad Cotidiana","categorica","21307","Collana"
"persona","p52_mun_mov_cod","52.B. Municipio de Movilidad Cotidiana","categorica","21401","Coroico"
"persona","p52_mun_mov_cod","52.B. Municipio de Movilidad Cotidiana","categorica","21402","Coripata"
"persona","p52_mun_mov_cod","52.B. Municipio de Movilidad Cotidiana","categorica","21501","Ixiamas"
"persona","p52_mun_mov_cod","52.B. Municipio de Movilidad Cotidiana","categorica","21502","San Buenaventura"
"persona","p52_mun_mov_cod","52.B. Municipio de Movilidad Cotidiana","categorica","21601","Charazani"
"persona","p52_mun_mov_cod","52.B. Municipio de Movilidad Cotidiana","categorica","21602","Curva"
"persona","p52_mun_mov_cod","52.B. Municipio de Movilidad Cotidiana","categorica","21701","Copacabana"
"persona","p52_mun_mov_cod","52.B. Municipio de Movilidad Cotidiana","categorica","21702","San Pedro de Tiquina"
"persona","p52_mun_mov_cod","52.B. Municipio de Movilidad Cotidiana","categorica","21703","Tito Yupanqui"
"persona","p52_mun_mov_cod","52.B. Municipio de Movilidad Cotidiana","categorica","21801","San Pedro de Curahuara"
"persona","p52_mun_mov_cod","52.B. Municipio de Movilidad Cotidiana","categorica","21802","Papel Pampa"
"persona","p52_mun_mov_cod","52.B. Municipio de Movilidad Cotidiana","categorica","21803","Chacarilla"
"persona","p52_mun_mov_cod","52.B. Municipio de Movilidad Cotidiana","categorica","21901","Santiago de Machaca"
"persona","p52_mun_mov_cod","52.B. Municipio de Movilidad Cotidiana","categorica","21902","Catacora"
"persona","p52_mun_mov_cod","52.B. Municipio de Movilidad Cotidiana","categorica","22001","Caranavi"
"persona","p52_mun_mov_cod","52.B. Municipio de Movilidad Cotidiana","categorica","22002","Alto Beni"
"persona","p52_mun_mov_cod","52.B. Municipio de Movilidad Cotidiana","categorica","30101","Cochabamba"
"persona","p52_mun_mov_cod","52.B. Municipio de Movilidad Cotidiana","categorica","30201","Aiquile"
"persona","p52_mun_mov_cod","52.B. Municipio de Movilidad Cotidiana","categorica","30202","Pasorapa"
"persona","p52_mun_mov_cod","52.B. Municipio de Movilidad Cotidiana","categorica","30203","Omereque"
"persona","p52_mun_mov_cod","52.B. Municipio de Movilidad Cotidiana","categorica","30301","Ayopaya"
"persona","p52_mun_mov_cod","52.B. Municipio de Movilidad Cotidiana","categorica","30302","Morochata"
"persona","p52_mun_mov_cod","52.B. Municipio de Movilidad Cotidiana","categorica","30303","Cocapata"
"persona","p52_mun_mov_cod","52.B. Municipio de Movilidad Cotidiana","categorica","30401","Tarata"
"persona","p52_mun_mov_cod","52.B. Municipio de Movilidad Cotidiana","categorica","30402","Anzaldo"
"persona","p52_mun_mov_cod","52.B. Municipio de Movilidad Cotidiana","categorica","30403","Arbieto"
"persona","p52_mun_mov_cod","52.B. Municipio de Movilidad Cotidiana","categorica","30404","Sacabamba"
"persona","p52_mun_mov_cod","52.B. Municipio de Movilidad Cotidiana","categorica","30501","Arani"
"persona","p52_mun_mov_cod","52.B. Municipio de Movilidad Cotidiana","categorica","30502","Vacas"
"persona","p52_mun_mov_cod","52.B. Municipio de Movilidad Cotidiana","categorica","30601","Arque"
"persona","p52_mun_mov_cod","52.B. Municipio de Movilidad Cotidiana","categorica","30602","Tacopaya"
"persona","p52_mun_mov_cod","52.B. Municipio de Movilidad Cotidiana","categorica","30701","Capinota"
"persona","p52_mun_mov_cod","52.B. Municipio de Movilidad Cotidiana","categorica","30702","Santiváñez"
"persona","p52_mun_mov_cod","52.B. Municipio de Movilidad Cotidiana","categorica","30703","Sicaya"
"persona","p52_mun_mov_cod","52.B. Municipio de Movilidad Cotidiana","categorica","30801","Cliza"
"persona","p52_mun_mov_cod","52.B. Municipio de Movilidad Cotidiana","categorica","30802","Toco"
"persona","p52_mun_mov_cod","52.B. Municipio de Movilidad Cotidiana","categorica","30803","Tolata"
"persona","p52_mun_mov_cod","52.B. Municipio de Movilidad Cotidiana","categorica","30901","Quillacollo"
"persona","p52_mun_mov_cod","52.B. Municipio de Movilidad Cotidiana","categorica","30902","Sipesipe"
"persona","p52_mun_mov_cod","52.B. Municipio de Movilidad Cotidiana","categorica","30903","Tiquipaya"
"persona","p52_mun_mov_cod","52.B. Municipio de Movilidad Cotidiana","categorica","30904","Vinto"
"persona","p52_mun_mov_cod","52.B. Municipio de Movilidad Cotidiana","categorica","30905","Colcapirhua"
"persona","p52_mun_mov_cod","52.B. Municipio de Movilidad Cotidiana","categorica","31001","Sacaba"
"persona","p52_mun_mov_cod","52.B. Municipio de Movilidad Cotidiana","categorica","31002","Colomi"
"persona","p52_mun_mov_cod","52.B. Municipio de Movilidad Cotidiana","categorica","31003","Villa Tunari"
"persona","p52_mun_mov_cod","52.B. Municipio de Movilidad Cotidiana","categorica","31101","Tapacarí"
"persona","p52_mun_mov_cod","52.B. Municipio de Movilidad Cotidiana","categorica","31201","Totora"
"persona","p52_mun_mov_cod","52.B. Municipio de Movilidad Cotidiana","categorica","31202","Pojo"
"persona","p52_mun_mov_cod","52.B. Municipio de Movilidad Cotidiana","categorica","31203","Pocona"
"persona","p52_mun_mov_cod","52.B. Municipio de Movilidad Cotidiana","categorica","31204","Chimoré"
"persona","p52_mun_mov_cod","52.B. Municipio de Movilidad Cotidiana","categorica","31205","Puerto Villarroel"
"persona","p52_mun_mov_cod","52.B. Municipio de Movilidad Cotidiana","categorica","31206","Entre Ríos"
"persona","p52_mun_mov_cod","52.B. Municipio de Movilidad Cotidiana","categorica","31301","Mizque"
"persona","p52_mun_mov_cod","52.B. Municipio de Movilidad Cotidiana","categorica","31302","Vila Vila"
"persona","p52_mun_mov_cod","52.B. Municipio de Movilidad Cotidiana","categorica","31303","Alalay"
"persona","p52_mun_mov_cod","52.B. Municipio de Movilidad Cotidiana","categorica","31304","TIOC-Raqaypampa"
"persona","p52_mun_mov_cod","52.B. Municipio de Movilidad Cotidiana","categorica","31401","Punata"
"persona","p52_mun_mov_cod","52.B. Municipio de Movilidad Cotidiana","categorica","31402","Villa Rivero"
"persona","p52_mun_mov_cod","52.B. Municipio de Movilidad Cotidiana","categorica","31403","San Benito"
"persona","p52_mun_mov_cod","52.B. Municipio de Movilidad Cotidiana","categorica","31404","Tacachi"
"persona","p52_mun_mov_cod","52.B. Municipio de Movilidad Cotidiana","categorica","31405","Villa Gualberto Villarroel"
"persona","p52_mun_mov_cod","52.B. Municipio de Movilidad Cotidiana","categorica","31501","Bolívar"
"persona","p52_mun_mov_cod","52.B. Municipio de Movilidad Cotidiana","categorica","31601","Tiraque"
"persona","p52_mun_mov_cod","52.B. Municipio de Movilidad Cotidiana","categorica","31602","Shinahota"
"persona","p52_mun_mov_cod","52.B. Municipio de Movilidad Cotidiana","categorica","40101","Oruro"
"persona","p52_mun_mov_cod","52.B. Municipio de Movilidad Cotidiana","categorica","40102","Caracollo"
"persona","p52_mun_mov_cod","52.B. Municipio de Movilidad Cotidiana","categorica","40103","El Choro"
"persona","p52_mun_mov_cod","52.B. Municipio de Movilidad Cotidiana","categorica","40104","Paria"
"persona","p52_mun_mov_cod","52.B. Municipio de Movilidad Cotidiana","categorica","40201","Challapata"
"persona","p52_mun_mov_cod","52.B. Municipio de Movilidad Cotidiana","categorica","40202","Santuario de Quillacas"
"persona","p52_mun_mov_cod","52.B. Municipio de Movilidad Cotidiana","categorica","40301","Corque"
"persona","p52_mun_mov_cod","52.B. Municipio de Movilidad Cotidiana","categorica","40302","Choquecota"
"persona","p52_mun_mov_cod","52.B. Municipio de Movilidad Cotidiana","categorica","40401","Curahuara de Carangas"
"persona","p52_mun_mov_cod","52.B. Municipio de Movilidad Cotidiana","categorica","40402","Turco"
"persona","p52_mun_mov_cod","52.B. Municipio de Movilidad Cotidiana","categorica","40501","Huachacalla"
"persona","p52_mun_mov_cod","52.B. Municipio de Movilidad Cotidiana","categorica","40502","Escara"
"persona","p52_mun_mov_cod","52.B. Municipio de Movilidad Cotidiana","categorica","40503","Cruz de Machacamarca"
"persona","p52_mun_mov_cod","52.B. Municipio de Movilidad Cotidiana","categorica","40504","Yunguyo del Litoral"
"persona","p52_mun_mov_cod","52.B. Municipio de Movilidad Cotidiana","categorica","40505","Esmeralda"
"persona","p52_mun_mov_cod","52.B. Municipio de Movilidad Cotidiana","categorica","40601","Poopó"
"persona","p52_mun_mov_cod","52.B. Municipio de Movilidad Cotidiana","categorica","40602","Pazña"
"persona","p52_mun_mov_cod","52.B. Municipio de Movilidad Cotidiana","categorica","40603","Antequera"
"persona","p52_mun_mov_cod","52.B. Municipio de Movilidad Cotidiana","categorica","40701","Huanuni"
"persona","p52_mun_mov_cod","52.B. Municipio de Movilidad Cotidiana","categorica","40702","Machacamarca"
"persona","p52_mun_mov_cod","52.B. Municipio de Movilidad Cotidiana","categorica","40801","Salinas de Garci Mendoza (Autonomía Indígena Originario Campesina de Salinas)"
"persona","p52_mun_mov_cod","52.B. Municipio de Movilidad Cotidiana","categorica","40802","Pampa Aullagas"
"persona","p52_mun_mov_cod","52.B. Municipio de Movilidad Cotidiana","categorica","40901","Sabaya"
"persona","p52_mun_mov_cod","52.B. Municipio de Movilidad Cotidiana","categorica","40902","Coipasa"
"persona","p52_mun_mov_cod","52.B. Municipio de Movilidad Cotidiana","categorica","40903","Uru Chipaya (Nación Originaria Uru Chipaya)"
"persona","p52_mun_mov_cod","52.B. Municipio de Movilidad Cotidiana","categorica","41001","Toledo"
"persona","p52_mun_mov_cod","52.B. Municipio de Movilidad Cotidiana","categorica","41101","Eucaliptus"
"persona","p52_mun_mov_cod","52.B. Municipio de Movilidad Cotidiana","categorica","41201","Andamarca"
"persona","p52_mun_mov_cod","52.B. Municipio de Movilidad Cotidiana","categorica","41202","Belén de Andamarca"
"persona","p52_mun_mov_cod","52.B. Municipio de Movilidad Cotidiana","categorica","41301","Totora"
"persona","p52_mun_mov_cod","52.B. Municipio de Movilidad Cotidiana","categorica","41401","Santiago de Huari"
"persona","p52_mun_mov_cod","52.B. Municipio de Movilidad Cotidiana","categorica","41501","La Rivera"
"persona","p52_mun_mov_cod","52.B. Municipio de Movilidad Cotidiana","categorica","41502","Todos Santos"
"persona","p52_mun_mov_cod","52.B. Municipio de Movilidad Cotidiana","categorica","41503","Carangas"
"persona","p52_mun_mov_cod","52.B. Municipio de Movilidad Cotidiana","categorica","41601","Santiago de Huayllamarca"
"persona","p52_mun_mov_cod","52.B. Municipio de Movilidad Cotidiana","categorica","50101","Potosí"
"persona","p52_mun_mov_cod","52.B. Municipio de Movilidad Cotidiana","categorica","50102","Tinguipaya"
"persona","p52_mun_mov_cod","52.B. Municipio de Movilidad Cotidiana","categorica","50103","Yocalla"
"persona","p52_mun_mov_cod","52.B. Municipio de Movilidad Cotidiana","categorica","50104","Urmiri"
"persona","p52_mun_mov_cod","52.B. Municipio de Movilidad Cotidiana","categorica","50201","Uncía"
"persona","p52_mun_mov_cod","52.B. Municipio de Movilidad Cotidiana","categorica","50202","Chayanta"
"persona","p52_mun_mov_cod","52.B. Municipio de Movilidad Cotidiana","categorica","50203","Llallagua"
"persona","p52_mun_mov_cod","52.B. Municipio de Movilidad Cotidiana","categorica","50204","Chuquihuta Ayllu Jucumani"
"persona","p52_mun_mov_cod","52.B. Municipio de Movilidad Cotidiana","categorica","50301","Betanzos"
"persona","p52_mun_mov_cod","52.B. Municipio de Movilidad Cotidiana","categorica","50302","Chaquí"
"persona","p52_mun_mov_cod","52.B. Municipio de Movilidad Cotidiana","categorica","50303","Tacobamba"
"persona","p52_mun_mov_cod","52.B. Municipio de Movilidad Cotidiana","categorica","50401","Colquechaca"
"persona","p52_mun_mov_cod","52.B. Municipio de Movilidad Cotidiana","categorica","50402","Ravelo"
"persona","p52_mun_mov_cod","52.B. Municipio de Movilidad Cotidiana","categorica","50403","Pocoata"
"persona","p52_mun_mov_cod","52.B. Municipio de Movilidad Cotidiana","categorica","50404","Ocurí"
"persona","p52_mun_mov_cod","52.B. Municipio de Movilidad Cotidiana","categorica","50405","San Pedro de Macha"
"persona","p52_mun_mov_cod","52.B. Municipio de Movilidad Cotidiana","categorica","50501","San Pedro"
"persona","p52_mun_mov_cod","52.B. Municipio de Movilidad Cotidiana","categorica","50502","Toro Toro"
"persona","p52_mun_mov_cod","52.B. Municipio de Movilidad Cotidiana","categorica","50601","Cotagaita"
"persona","p52_mun_mov_cod","52.B. Municipio de Movilidad Cotidiana","categorica","50602","Vitichi"
"persona","p52_mun_mov_cod","52.B. Municipio de Movilidad Cotidiana","categorica","50701","Sacaca"
"persona","p52_mun_mov_cod","52.B. Municipio de Movilidad Cotidiana","categorica","50702","Caripuyo"
"persona","p52_mun_mov_cod","52.B. Municipio de Movilidad Cotidiana","categorica","50801","Tupiza"
"persona","p52_mun_mov_cod","52.B. Municipio de Movilidad Cotidiana","categorica","50802","Atocha"
"persona","p52_mun_mov_cod","52.B. Municipio de Movilidad Cotidiana","categorica","50901","Colcha ""K"""
"persona","p52_mun_mov_cod","52.B. Municipio de Movilidad Cotidiana","categorica","50902","San Pedro de Quemes"
"persona","p52_mun_mov_cod","52.B. Municipio de Movilidad Cotidiana","categorica","51001","San Pablo"
"persona","p52_mun_mov_cod","52.B. Municipio de Movilidad Cotidiana","categorica","51002","Mojinete"
"persona","p52_mun_mov_cod","52.B. Municipio de Movilidad Cotidiana","categorica","51003","San Antonio de Esmoruco"
"persona","p52_mun_mov_cod","52.B. Municipio de Movilidad Cotidiana","categorica","51101","Puna"
"persona","p52_mun_mov_cod","52.B. Municipio de Movilidad Cotidiana","categorica","51102","Caiza ""D"""
"persona","p52_mun_mov_cod","52.B. Municipio de Movilidad Cotidiana","categorica","51103","Ckochas"
"persona","p52_mun_mov_cod","52.B. Municipio de Movilidad Cotidiana","categorica","51201","Uyuni"
"persona","p52_mun_mov_cod","52.B. Municipio de Movilidad Cotidiana","categorica","51202","Tomave"
"persona","p52_mun_mov_cod","52.B. Municipio de Movilidad Cotidiana","categorica","51203","Porco"
"persona","p52_mun_mov_cod","52.B. Municipio de Movilidad Cotidiana","categorica","51204","TIOC-Jatun Ayllu Yura"
"persona","p52_mun_mov_cod","52.B. Municipio de Movilidad Cotidiana","categorica","51301","Arampampa"
"persona","p52_mun_mov_cod","52.B. Municipio de Movilidad Cotidiana","categorica","51302","Acasio"
"persona","p52_mun_mov_cod","52.B. Municipio de Movilidad Cotidiana","categorica","51401","Llica"
"persona","p52_mun_mov_cod","52.B. Municipio de Movilidad Cotidiana","categorica","51402","Tahua"
"persona","p52_mun_mov_cod","52.B. Municipio de Movilidad Cotidiana","categorica","51501","Villazón"
"persona","p52_mun_mov_cod","52.B. Municipio de Movilidad Cotidiana","categorica","51601","San Agustín"
"persona","p52_mun_mov_cod","52.B. Municipio de Movilidad Cotidiana","categorica","60101","Tarija"
"persona","p52_mun_mov_cod","52.B. Municipio de Movilidad Cotidiana","categorica","60201","Padcaya"
"persona","p52_mun_mov_cod","52.B. Municipio de Movilidad Cotidiana","categorica","60202","Bermejo"
"persona","p52_mun_mov_cod","52.B. Municipio de Movilidad Cotidiana","categorica","60301","Yacuiba"
"persona","p52_mun_mov_cod","52.B. Municipio de Movilidad Cotidiana","categorica","60302","Caraparí"
"persona","p52_mun_mov_cod","52.B. Municipio de Movilidad Cotidiana","categorica","60303","Villa Montes"
"persona","p52_mun_mov_cod","52.B. Municipio de Movilidad Cotidiana","categorica","60401","Uriondo"
"persona","p52_mun_mov_cod","52.B. Municipio de Movilidad Cotidiana","categorica","60402","Yunchará"
"persona","p52_mun_mov_cod","52.B. Municipio de Movilidad Cotidiana","categorica","60501","San Lorenzo"
"persona","p52_mun_mov_cod","52.B. Municipio de Movilidad Cotidiana","categorica","60502","El Puente"
"persona","p52_mun_mov_cod","52.B. Municipio de Movilidad Cotidiana","categorica","60601","Entre Ríos"
"persona","p52_mun_mov_cod","52.B. Municipio de Movilidad Cotidiana","categorica","70101","Santa Cruz de la Sierra"
"persona","p52_mun_mov_cod","52.B. Municipio de Movilidad Cotidiana","categorica","70102","Cotoca"
"persona","p52_mun_mov_cod","52.B. Municipio de Movilidad Cotidiana","categorica","70103","Porongo"
"persona","p52_mun_mov_cod","52.B. Municipio de Movilidad Cotidiana","categorica","70104","La Guardia"
"persona","p52_mun_mov_cod","52.B. Municipio de Movilidad Cotidiana","categorica","70105","El Torno"
"persona","p52_mun_mov_cod","52.B. Municipio de Movilidad Cotidiana","categorica","70201","Warnes"
"persona","p52_mun_mov_cod","52.B. Municipio de Movilidad Cotidiana","categorica","70202","Okinawa Uno"
"persona","p52_mun_mov_cod","52.B. Municipio de Movilidad Cotidiana","categorica","70301","San Ignacio"
"persona","p52_mun_mov_cod","52.B. Municipio de Movilidad Cotidiana","categorica","70302","San Miguel"
"persona","p52_mun_mov_cod","52.B. Municipio de Movilidad Cotidiana","categorica","70303","San Rafael"
"persona","p52_mun_mov_cod","52.B. Municipio de Movilidad Cotidiana","categorica","70401","Buena Vista"
"persona","p52_mun_mov_cod","52.B. Municipio de Movilidad Cotidiana","categorica","70402","San Carlos"
"persona","p52_mun_mov_cod","52.B. Municipio de Movilidad Cotidiana","categorica","70403","Yapacaní"
"persona","p52_mun_mov_cod","52.B. Municipio de Movilidad Cotidiana","categorica","70404","San Juan"
"persona","p52_mun_mov_cod","52.B. Municipio de Movilidad Cotidiana","categorica","70501","San José"
"persona","p52_mun_mov_cod","52.B. Municipio de Movilidad Cotidiana","categorica","70502","Pailón"
"persona","p52_mun_mov_cod","52.B. Municipio de Movilidad Cotidiana","categorica","70503","Roboré"
"persona","p52_mun_mov_cod","52.B. Municipio de Movilidad Cotidiana","categorica","70601","Portachuelo"
"persona","p52_mun_mov_cod","52.B. Municipio de Movilidad Cotidiana","categorica","70602","Santa Rosa"
"persona","p52_mun_mov_cod","52.B. Municipio de Movilidad Cotidiana","categorica","70603","Colpa Bélgica"
"persona","p52_mun_mov_cod","52.B. Municipio de Movilidad Cotidiana","categorica","70701","Lagunillas"
"persona","p52_mun_mov_cod","52.B. Municipio de Movilidad Cotidiana","categorica","70702","Charagua (Autonomía Guaraní Charagua Iyambae)"
"persona","p52_mun_mov_cod","52.B. Municipio de Movilidad Cotidiana","categorica","70703","Cabezas"
"persona","p52_mun_mov_cod","52.B. Municipio de Movilidad Cotidiana","categorica","70704","Cuevo"
"persona","p52_mun_mov_cod","52.B. Municipio de Movilidad Cotidiana","categorica","70705","Gutiérrez (Autonomía Indígena Kereimba Iyaambae)"
"persona","p52_mun_mov_cod","52.B. Municipio de Movilidad Cotidiana","categorica","70706","Camiri"
"persona","p52_mun_mov_cod","52.B. Municipio de Movilidad Cotidiana","categorica","70707","Boyuibe"
"persona","p52_mun_mov_cod","52.B. Municipio de Movilidad Cotidiana","categorica","70801","Vallegrande"
"persona","p52_mun_mov_cod","52.B. Municipio de Movilidad Cotidiana","categorica","70802","Trigal"
"persona","p52_mun_mov_cod","52.B. Municipio de Movilidad Cotidiana","categorica","70803","Moromoro"
"persona","p52_mun_mov_cod","52.B. Municipio de Movilidad Cotidiana","categorica","70804","Postrervalle"
"persona","p52_mun_mov_cod","52.B. Municipio de Movilidad Cotidiana","categorica","70805","Pucará"
"persona","p52_mun_mov_cod","52.B. Municipio de Movilidad Cotidiana","categorica","70901","Samaipata"
"persona","p52_mun_mov_cod","52.B. Municipio de Movilidad Cotidiana","categorica","70902","Pampagrande"
"persona","p52_mun_mov_cod","52.B. Municipio de Movilidad Cotidiana","categorica","70903","Mairana"
"persona","p52_mun_mov_cod","52.B. Municipio de Movilidad Cotidiana","categorica","70904","Quirusillas"
"persona","p52_mun_mov_cod","52.B. Municipio de Movilidad Cotidiana","categorica","71001","Montero"
"persona","p52_mun_mov_cod","52.B. Municipio de Movilidad Cotidiana","categorica","71002","General Saavedra"
"persona","p52_mun_mov_cod","52.B. Municipio de Movilidad Cotidiana","categorica","71003","Mineros"
"persona","p52_mun_mov_cod","52.B. Municipio de Movilidad Cotidiana","categorica","71004","Fernández Alonso"
"persona","p52_mun_mov_cod","52.B. Municipio de Movilidad Cotidiana","categorica","71005","San Pedro"
"persona","p52_mun_mov_cod","52.B. Municipio de Movilidad Cotidiana","categorica","71101","Concepción"
"persona","p52_mun_mov_cod","52.B. Municipio de Movilidad Cotidiana","categorica","71102","San Javier"
"persona","p52_mun_mov_cod","52.B. Municipio de Movilidad Cotidiana","categorica","71103","San Julián"
"persona","p52_mun_mov_cod","52.B. Municipio de Movilidad Cotidiana","categorica","71104","San Antonio de Lomerio"
"persona","p52_mun_mov_cod","52.B. Municipio de Movilidad Cotidiana","categorica","71105","San Ramón"
"persona","p52_mun_mov_cod","52.B. Municipio de Movilidad Cotidiana","categorica","71106","Cuatro Cañadas"
"persona","p52_mun_mov_cod","52.B. Municipio de Movilidad Cotidiana","categorica","71201","San Matías"
"persona","p52_mun_mov_cod","52.B. Municipio de Movilidad Cotidiana","categorica","71301","Comarapa"
"persona","p52_mun_mov_cod","52.B. Municipio de Movilidad Cotidiana","categorica","71302","Saipina"
"persona","p52_mun_mov_cod","52.B. Municipio de Movilidad Cotidiana","categorica","71401","Puerto Suárez"
"persona","p52_mun_mov_cod","52.B. Municipio de Movilidad Cotidiana","categorica","71402","Puerto Quijarro"
"persona","p52_mun_mov_cod","52.B. Municipio de Movilidad Cotidiana","categorica","71403","El Carmen Rivero Tórrez"
"persona","p52_mun_mov_cod","52.B. Municipio de Movilidad Cotidiana","categorica","71501","Ascención de Guarayos"
"persona","p52_mun_mov_cod","52.B. Municipio de Movilidad Cotidiana","categorica","71502","Urubichá"
"persona","p52_mun_mov_cod","52.B. Municipio de Movilidad Cotidiana","categorica","71503","El Puente"
"persona","p52_mun_mov_cod","52.B. Municipio de Movilidad Cotidiana","categorica","80101","Trinidad"
"persona","p52_mun_mov_cod","52.B. Municipio de Movilidad Cotidiana","categorica","80102","San Javier"
"persona","p52_mun_mov_cod","52.B. Municipio de Movilidad Cotidiana","categorica","80201","Riberalta"
"persona","p52_mun_mov_cod","52.B. Municipio de Movilidad Cotidiana","categorica","80202","Guayaramerín"
"persona","p52_mun_mov_cod","52.B. Municipio de Movilidad Cotidiana","categorica","80301","Reyes"
"persona","p52_mun_mov_cod","52.B. Municipio de Movilidad Cotidiana","categorica","80302","San Borja"
"persona","p52_mun_mov_cod","52.B. Municipio de Movilidad Cotidiana","categorica","80303","Santa Rosa"
"persona","p52_mun_mov_cod","52.B. Municipio de Movilidad Cotidiana","categorica","80304","Puerto Menor de Rurrenabaque"
"persona","p52_mun_mov_cod","52.B. Municipio de Movilidad Cotidiana","categorica","80401","Santa Ana"
"persona","p52_mun_mov_cod","52.B. Municipio de Movilidad Cotidiana","categorica","80402","Exaltación"
"persona","p52_mun_mov_cod","52.B. Municipio de Movilidad Cotidiana","categorica","80501","San Ignacio"
"persona","p52_mun_mov_cod","52.B. Municipio de Movilidad Cotidiana","categorica","80601","Loreto"
"persona","p52_mun_mov_cod","52.B. Municipio de Movilidad Cotidiana","categorica","80602","San Andrés"
"persona","p52_mun_mov_cod","52.B. Municipio de Movilidad Cotidiana","categorica","80701","San Joaquín"
"persona","p52_mun_mov_cod","52.B. Municipio de Movilidad Cotidiana","categorica","80702","San Ramón"
"persona","p52_mun_mov_cod","52.B. Municipio de Movilidad Cotidiana","categorica","80703","Puerto Siles"
"persona","p52_mun_mov_cod","52.B. Municipio de Movilidad Cotidiana","categorica","80801","Magdalena"
"persona","p52_mun_mov_cod","52.B. Municipio de Movilidad Cotidiana","categorica","80802","Baures"
"persona","p52_mun_mov_cod","52.B. Municipio de Movilidad Cotidiana","categorica","80803","Huacaraje"
"persona","p52_mun_mov_cod","52.B. Municipio de Movilidad Cotidiana","categorica","80901","TIOC-Territorio Indígena Multiétnico"
"persona","p52_mun_mov_cod","52.B. Municipio de Movilidad Cotidiana","categorica","90101","Cobija"
"persona","p52_mun_mov_cod","52.B. Municipio de Movilidad Cotidiana","categorica","90102","Porvenir"
"persona","p52_mun_mov_cod","52.B. Municipio de Movilidad Cotidiana","categorica","90103","Bolpebra"
"persona","p52_mun_mov_cod","52.B. Municipio de Movilidad Cotidiana","categorica","90104","Bella Flor"
"persona","p52_mun_mov_cod","52.B. Municipio de Movilidad Cotidiana","categorica","90201","Puerto Rico"
"persona","p52_mun_mov_cod","52.B. Municipio de Movilidad Cotidiana","categorica","90202","San Pedro"
"persona","p52_mun_mov_cod","52.B. Municipio de Movilidad Cotidiana","categorica","90203","Filadelfia"
"persona","p52_mun_mov_cod","52.B. Municipio de Movilidad Cotidiana","categorica","90301","Puerto Gonzalo Moreno"
"persona","p52_mun_mov_cod","52.B. Municipio de Movilidad Cotidiana","categorica","90302","San Lorenzo"
"persona","p52_mun_mov_cod","52.B. Municipio de Movilidad Cotidiana","categorica","90303","Sena"
"persona","p52_mun_mov_cod","52.B. Municipio de Movilidad Cotidiana","categorica","90401","Santa Rosa"
"persona","p52_mun_mov_cod","52.B. Municipio de Movilidad Cotidiana","categorica","90402","Ingavi"
"persona","p52_mun_mov_cod","52.B. Municipio de Movilidad Cotidiana","categorica","90501","Nueva Esperanza"
"persona","p52_mun_mov_cod","52.B. Municipio de Movilidad Cotidiana","categorica","90502","Villa Nueva"
"persona","p52_mun_mov_cod","52.B. Municipio de Movilidad Cotidiana","categorica","90503","Santos Mercado"
"persona","p52_mun_mov_cod","52.B. Municipio de Movilidad Cotidiana","categorica","99999","Sin especificar"
"persona","p52_pais_mov_cod","52.C. País donde trabaja","categorica","4","Afganistán"
"persona","p52_pais_mov_cod","52.C. País donde trabaja","categorica","8","Albania"
"persona","p52_pais_mov_cod","52.C. País donde trabaja","categorica","12","Argelia"
"persona","p52_pais_mov_cod","52.C. País donde trabaja","categorica","16","Samoa Americana"
"persona","p52_pais_mov_cod","52.C. País donde trabaja","categorica","20","Andorra"
"persona","p52_pais_mov_cod","52.C. País donde trabaja","categorica","24","Angola"
"persona","p52_pais_mov_cod","52.C. País donde trabaja","categorica","28","Antigua y Barbuda"
"persona","p52_pais_mov_cod","52.C. País donde trabaja","categorica","31","Azerbaiyán"
"persona","p52_pais_mov_cod","52.C. País donde trabaja","categorica","32","Argentina"
"persona","p52_pais_mov_cod","52.C. País donde trabaja","categorica","36","Australia"
"persona","p52_pais_mov_cod","52.C. País donde trabaja","categorica","40","Austria"
"persona","p52_pais_mov_cod","52.C. País donde trabaja","categorica","44","Bahamas"
"persona","p52_pais_mov_cod","52.C. País donde trabaja","categorica","48","Bahrein"
"persona","p52_pais_mov_cod","52.C. País donde trabaja","categorica","50","Bangladesh"
"persona","p52_pais_mov_cod","52.C. País donde trabaja","categorica","51","Armenia"
"persona","p52_pais_mov_cod","52.C. País donde trabaja","categorica","52","Barbados"
"persona","p52_pais_mov_cod","52.C. País donde trabaja","categorica","56","Bélgica"
"persona","p52_pais_mov_cod","52.C. País donde trabaja","categorica","60","Bermuda"
"persona","p52_pais_mov_cod","52.C. País donde trabaja","categorica","64","Bhután"
"persona","p52_pais_mov_cod","52.C. País donde trabaja","categorica","68","Bolivia (Estado Plurinacional de"
"persona","p52_pais_mov_cod","52.C. País donde trabaja","categorica","70","Bosnia y Herzegovina"
"persona","p52_pais_mov_cod","52.C. País donde trabaja","categorica","72","Botswana"
"persona","p52_pais_mov_cod","52.C. País donde trabaja","categorica","76","Brasil"
"persona","p52_pais_mov_cod","52.C. País donde trabaja","categorica","84","Belice"
"persona","p52_pais_mov_cod","52.C. País donde trabaja","categorica","90","Islas Salomón"
"persona","p52_pais_mov_cod","52.C. País donde trabaja","categorica","92","Islas Vírgenes Británicas"
"persona","p52_pais_mov_cod","52.C. País donde trabaja","categorica","96","Brunei Darussalam"
"persona","p52_pais_mov_cod","52.C. País donde trabaja","categorica","100","Bulgaria"
"persona","p52_pais_mov_cod","52.C. País donde trabaja","categorica","104","Myanmar"
"persona","p52_pais_mov_cod","52.C. País donde trabaja","categorica","108","Burundi"
"persona","p52_pais_mov_cod","52.C. País donde trabaja","categorica","112","Belarús"
"persona","p52_pais_mov_cod","52.C. País donde trabaja","categorica","116","Camboya"
"persona","p52_pais_mov_cod","52.C. País donde trabaja","categorica","120","Camerún"
"persona","p52_pais_mov_cod","52.C. País donde trabaja","categorica","124","Canadá"
"persona","p52_pais_mov_cod","52.C. País donde trabaja","categorica","132","Cabo Verde"
"persona","p52_pais_mov_cod","52.C. País donde trabaja","categorica","136","Islas Caimán"
"persona","p52_pais_mov_cod","52.C. País donde trabaja","categorica","140","República Centroafricana"
"persona","p52_pais_mov_cod","52.C. País donde trabaja","categorica","144","Sri Lanka"
"persona","p52_pais_mov_cod","52.C. País donde trabaja","categorica","148","Chad"
"persona","p52_pais_mov_cod","52.C. País donde trabaja","categorica","152","Chile"
"persona","p52_pais_mov_cod","52.C. País donde trabaja","categorica","156","China"
"persona","p52_pais_mov_cod","52.C. País donde trabaja","categorica","158","Taiwán (Provincia de China)"
"persona","p52_pais_mov_cod","52.C. País donde trabaja","categorica","162","Isla Christmas"
"persona","p52_pais_mov_cod","52.C. País donde trabaja","categorica","166","Islas Cocos (Keeling)"
"persona","p52_pais_mov_cod","52.C. País donde trabaja","categorica","170","Colombia"
"persona","p52_pais_mov_cod","52.C. País donde trabaja","categorica","174","Comoras"
"persona","p52_pais_mov_cod","52.C. País donde trabaja","categorica","175","Mayotte"
"persona","p52_pais_mov_cod","52.C. País donde trabaja","categorica","178","Congo"
"persona","p52_pais_mov_cod","52.C. País donde trabaja","categorica","180","República Democrática del Congo"
"persona","p52_pais_mov_cod","52.C. País donde trabaja","categorica","184","Islas Cook"
"persona","p52_pais_mov_cod","52.C. País donde trabaja","categorica","188","Costa Rica"
"persona","p52_pais_mov_cod","52.C. País donde trabaja","categorica","191","Croacia"
"persona","p52_pais_mov_cod","52.C. País donde trabaja","categorica","192","Cuba"
"persona","p52_pais_mov_cod","52.C. País donde trabaja","categorica","196","Chipre"
"persona","p52_pais_mov_cod","52.C. País donde trabaja","categorica","203","República Checa"
"persona","p52_pais_mov_cod","52.C. País donde trabaja","categorica","204","Benin"
"persona","p52_pais_mov_cod","52.C. País donde trabaja","categorica","208","Dinamarca"
"persona","p52_pais_mov_cod","52.C. País donde trabaja","categorica","212","Dominica"
"persona","p52_pais_mov_cod","52.C. País donde trabaja","categorica","214","República Dominicana"
"persona","p52_pais_mov_cod","52.C. País donde trabaja","categorica","218","Ecuador"
"persona","p52_pais_mov_cod","52.C. País donde trabaja","categorica","222","El Salvador"
"persona","p52_pais_mov_cod","52.C. País donde trabaja","categorica","226","Guinea Ecuatorial"
"persona","p52_pais_mov_cod","52.C. País donde trabaja","categorica","231","Etiopía"
"persona","p52_pais_mov_cod","52.C. País donde trabaja","categorica","232","Eritrea"
"persona","p52_pais_mov_cod","52.C. País donde trabaja","categorica","233","Estonia"
"persona","p52_pais_mov_cod","52.C. País donde trabaja","categorica","234","Islas Feroe"
"persona","p52_pais_mov_cod","52.C. País donde trabaja","categorica","238","Islas Malvinas (Falkland)"
"persona","p52_pais_mov_cod","52.C. País donde trabaja","categorica","239","Georgia del Sur y las Islas Sandwich del Sur"
"persona","p52_pais_mov_cod","52.C. País donde trabaja","categorica","242","Fiji"
"persona","p52_pais_mov_cod","52.C. País donde trabaja","categorica","246","Finlandia"
"persona","p52_pais_mov_cod","52.C. País donde trabaja","categorica","248","Islas Åland"
"persona","p52_pais_mov_cod","52.C. País donde trabaja","categorica","250","Francia"
"persona","p52_pais_mov_cod","52.C. País donde trabaja","categorica","254","Guayana Francesa"
"persona","p52_pais_mov_cod","52.C. País donde trabaja","categorica","258","Polinesia Francesa"
"persona","p52_pais_mov_cod","52.C. País donde trabaja","categorica","260","Territorio de las Tierras Australes Francesas"
"persona","p52_pais_mov_cod","52.C. País donde trabaja","categorica","262","Djibouti"
"persona","p52_pais_mov_cod","52.C. País donde trabaja","categorica","266","Gabón"
"persona","p52_pais_mov_cod","52.C. País donde trabaja","categorica","268","Georgia"
"persona","p52_pais_mov_cod","52.C. País donde trabaja","categorica","270","Gambia"
"persona","p52_pais_mov_cod","52.C. País donde trabaja","categorica","275","Estado de Palestina"
"persona","p52_pais_mov_cod","52.C. País donde trabaja","categorica","276","Alemania"
"persona","p52_pais_mov_cod","52.C. País donde trabaja","categorica","288","Ghana"
"persona","p52_pais_mov_cod","52.C. País donde trabaja","categorica","292","Gibraltar"
"persona","p52_pais_mov_cod","52.C. País donde trabaja","categorica","296","Kiribati"
"persona","p52_pais_mov_cod","52.C. País donde trabaja","categorica","300","Grecia"
"persona","p52_pais_mov_cod","52.C. País donde trabaja","categorica","304","Groenlandia"
"persona","p52_pais_mov_cod","52.C. País donde trabaja","categorica","308","Granada"
"persona","p52_pais_mov_cod","52.C. País donde trabaja","categorica","312","Guadalupe"
"persona","p52_pais_mov_cod","52.C. País donde trabaja","categorica","316","Guam"
"persona","p52_pais_mov_cod","52.C. País donde trabaja","categorica","320","Guatemala"
"persona","p52_pais_mov_cod","52.C. País donde trabaja","categorica","324","Guinea"
"persona","p52_pais_mov_cod","52.C. País donde trabaja","categorica","328","Guyana"
"persona","p52_pais_mov_cod","52.C. País donde trabaja","categorica","332","Haití"
"persona","p52_pais_mov_cod","52.C. País donde trabaja","categorica","336","Santa Sede"
"persona","p52_pais_mov_cod","52.C. País donde trabaja","categorica","340","Honduras"
"persona","p52_pais_mov_cod","52.C. País donde trabaja","categorica","344","China, región administrativa especial de Hong Kong"
"persona","p52_pais_mov_cod","52.C. País donde trabaja","categorica","348","Hungría"
"persona","p52_pais_mov_cod","52.C. País donde trabaja","categorica","352","Islandia"
"persona","p52_pais_mov_cod","52.C. País donde trabaja","categorica","356","India"
"persona","p52_pais_mov_cod","52.C. País donde trabaja","categorica","360","Indonesia"
"persona","p52_pais_mov_cod","52.C. País donde trabaja","categorica","364","Irán (República Islámica del)"
"persona","p52_pais_mov_cod","52.C. País donde trabaja","categorica","368","Iraq"
"persona","p52_pais_mov_cod","52.C. País donde trabaja","categorica","372","Irlanda"
"persona","p52_pais_mov_cod","52.C. País donde trabaja","categorica","376","Israel"
"persona","p52_pais_mov_cod","52.C. País donde trabaja","categorica","380","Italia"
"persona","p52_pais_mov_cod","52.C. País donde trabaja","categorica","384","Costa de Marfil"
"persona","p52_pais_mov_cod","52.C. País donde trabaja","categorica","388","Jamaica"
"persona","p52_pais_mov_cod","52.C. País donde trabaja","categorica","392","Japón"
"persona","p52_pais_mov_cod","52.C. País donde trabaja","categorica","398","Kazajstán"
"persona","p52_pais_mov_cod","52.C. País donde trabaja","categorica","400","Jordania"
"persona","p52_pais_mov_cod","52.C. País donde trabaja","categorica","404","Kenya"
"persona","p52_pais_mov_cod","52.C. País donde trabaja","categorica","408","República Popular Democrática de Corea"
"persona","p52_pais_mov_cod","52.C. País donde trabaja","categorica","410","República de Corea"
"persona","p52_pais_mov_cod","52.C. País donde trabaja","categorica","414","Kuwait"
"persona","p52_pais_mov_cod","52.C. País donde trabaja","categorica","417","Kirguistán"
"persona","p52_pais_mov_cod","52.C. País donde trabaja","categorica","418","República Democrática Popular Lao"
"persona","p52_pais_mov_cod","52.C. País donde trabaja","categorica","422","Líbano"
"persona","p52_pais_mov_cod","52.C. País donde trabaja","categorica","426","Lesotho"
"persona","p52_pais_mov_cod","52.C. País donde trabaja","categorica","428","Letonia"
"persona","p52_pais_mov_cod","52.C. País donde trabaja","categorica","430","Liberia"
"persona","p52_pais_mov_cod","52.C. País donde trabaja","categorica","434","Libia"
"persona","p52_pais_mov_cod","52.C. País donde trabaja","categorica","438","Liechtenstein"
"persona","p52_pais_mov_cod","52.C. País donde trabaja","categorica","440","Lituania"
"persona","p52_pais_mov_cod","52.C. País donde trabaja","categorica","442","Luxemburgo"
"persona","p52_pais_mov_cod","52.C. País donde trabaja","categorica","446","China, región administrativa especial de Macao"
"persona","p52_pais_mov_cod","52.C. País donde trabaja","categorica","450","Madagascar"
"persona","p52_pais_mov_cod","52.C. País donde trabaja","categorica","454","Malawi"
"persona","p52_pais_mov_cod","52.C. País donde trabaja","categorica","458","Malasia"
"persona","p52_pais_mov_cod","52.C. País donde trabaja","categorica","462","Maldivas"
"persona","p52_pais_mov_cod","52.C. País donde trabaja","categorica","466","Malí"
"persona","p52_pais_mov_cod","52.C. País donde trabaja","categorica","470","Malta"
"persona","p52_pais_mov_cod","52.C. País donde trabaja","categorica","474","Martinica"
"persona","p52_pais_mov_cod","52.C. País donde trabaja","categorica","478","Mauritania"
"persona","p52_pais_mov_cod","52.C. País donde trabaja","categorica","480","Mauricio"
"persona","p52_pais_mov_cod","52.C. País donde trabaja","categorica","484","México"
"persona","p52_pais_mov_cod","52.C. País donde trabaja","categorica","492","Mónaco"
"persona","p52_pais_mov_cod","52.C. País donde trabaja","categorica","496","Mongolia"
"persona","p52_pais_mov_cod","52.C. País donde trabaja","categorica","498","República de Moldova"
"persona","p52_pais_mov_cod","52.C. País donde trabaja","categorica","499","Montenegro"
"persona","p52_pais_mov_cod","52.C. País donde trabaja","categorica","500","Montserrat"
"persona","p52_pais_mov_cod","52.C. País donde trabaja","categorica","504","Marruecos"
"persona","p52_pais_mov_cod","52.C. País donde trabaja","categorica","508","Mozambique"
"persona","p52_pais_mov_cod","52.C. País donde trabaja","categorica","512","Omán"
"persona","p52_pais_mov_cod","52.C. País donde trabaja","categorica","516","Namibia"
"persona","p52_pais_mov_cod","52.C. País donde trabaja","categorica","520","Nauru"
"persona","p52_pais_mov_cod","52.C. País donde trabaja","categorica","524","Nepal"
"persona","p52_pais_mov_cod","52.C. País donde trabaja","categorica","528","Países Bajos"
"persona","p52_pais_mov_cod","52.C. País donde trabaja","categorica","531","Curazao"
"persona","p52_pais_mov_cod","52.C. País donde trabaja","categorica","533","Aruba"
"persona","p52_pais_mov_cod","52.C. País donde trabaja","categorica","534","San Martín (parte Holandesa)"
"persona","p52_pais_mov_cod","52.C. País donde trabaja","categorica","535","Bonaire, San Eustaquio y Saba"
"persona","p52_pais_mov_cod","52.C. País donde trabaja","categorica","540","Nueva Caledonia"
"persona","p52_pais_mov_cod","52.C. País donde trabaja","categorica","548","Vanuatu"
"persona","p52_pais_mov_cod","52.C. País donde trabaja","categorica","554","Nueva Zelandia"
"persona","p52_pais_mov_cod","52.C. País donde trabaja","categorica","558","Nicaragua"
"persona","p52_pais_mov_cod","52.C. País donde trabaja","categorica","562","Níger"
"persona","p52_pais_mov_cod","52.C. País donde trabaja","categorica","566","Nigeria"
"persona","p52_pais_mov_cod","52.C. País donde trabaja","categorica","570","Niue"
"persona","p52_pais_mov_cod","52.C. País donde trabaja","categorica","574","Isla Norfolk"
"persona","p52_pais_mov_cod","52.C. País donde trabaja","categorica","578","Noruega"
"persona","p52_pais_mov_cod","52.C. País donde trabaja","categorica","580","Islas Marianas Septentrionales"
"persona","p52_pais_mov_cod","52.C. País donde trabaja","categorica","583","Micronesia (Estados Federados de)"
"persona","p52_pais_mov_cod","52.C. País donde trabaja","categorica","584","Islas Marshall"
"persona","p52_pais_mov_cod","52.C. País donde trabaja","categorica","585","Palau"
"persona","p52_pais_mov_cod","52.C. País donde trabaja","categorica","586","Pakistán"
"persona","p52_pais_mov_cod","52.C. País donde trabaja","categorica","591","Panamá"
"persona","p52_pais_mov_cod","52.C. País donde trabaja","categorica","598","Papua Nueva Guinea"
"persona","p52_pais_mov_cod","52.C. País donde trabaja","categorica","600","Paraguay"
"persona","p52_pais_mov_cod","52.C. País donde trabaja","categorica","604","Perú"
"persona","p52_pais_mov_cod","52.C. País donde trabaja","categorica","608","Filipinas"
"persona","p52_pais_mov_cod","52.C. País donde trabaja","categorica","612","Pitcairn"
"persona","p52_pais_mov_cod","52.C. País donde trabaja","categorica","616","Polonia"
"persona","p52_pais_mov_cod","52.C. País donde trabaja","categorica","620","Portugal"
"persona","p52_pais_mov_cod","52.C. País donde trabaja","categorica","624","Guinea-Bissau"
"persona","p52_pais_mov_cod","52.C. País donde trabaja","categorica","626","Timor-Leste"
"persona","p52_pais_mov_cod","52.C. País donde trabaja","categorica","630","Puerto Rico"
"persona","p52_pais_mov_cod","52.C. País donde trabaja","categorica","634","Qatar"
"persona","p52_pais_mov_cod","52.C. País donde trabaja","categorica","638","Reunión"
"persona","p52_pais_mov_cod","52.C. País donde trabaja","categorica","642","Rumania"
"persona","p52_pais_mov_cod","52.C. País donde trabaja","categorica","643","Federación de Rusia"
"persona","p52_pais_mov_cod","52.C. País donde trabaja","categorica","646","Rwanda"
"persona","p52_pais_mov_cod","52.C. País donde trabaja","categorica","652","San Barthélemy"
"persona","p52_pais_mov_cod","52.C. País donde trabaja","categorica","654","Santa Elena"
"persona","p52_pais_mov_cod","52.C. País donde trabaja","categorica","659","Saint Kitts y Nevis"
"persona","p52_pais_mov_cod","52.C. País donde trabaja","categorica","660","Anguila"
"persona","p52_pais_mov_cod","52.C. País donde trabaja","categorica","662","Santa Lucía"
"persona","p52_pais_mov_cod","52.C. País donde trabaja","categorica","663","San Martín (parte francesa)"
"persona","p52_pais_mov_cod","52.C. País donde trabaja","categorica","666","San Pedro y Miquelón"
"persona","p52_pais_mov_cod","52.C. País donde trabaja","categorica","670","San Vicente y las Granadinas"
"persona","p52_pais_mov_cod","52.C. País donde trabaja","categorica","674","San Marino"
"persona","p52_pais_mov_cod","52.C. País donde trabaja","categorica","678","Santo Tomé y Príncipe"
"persona","p52_pais_mov_cod","52.C. País donde trabaja","categorica","682","Arabia Saudita"
"persona","p52_pais_mov_cod","52.C. País donde trabaja","categorica","686","Senegal"
"persona","p52_pais_mov_cod","52.C. País donde trabaja","categorica","688","Serbia"
"persona","p52_pais_mov_cod","52.C. País donde trabaja","categorica","689","Kosovo"
"persona","p52_pais_mov_cod","52.C. País donde trabaja","categorica","690","Seychelles"
"persona","p52_pais_mov_cod","52.C. País donde trabaja","categorica","694","Sierra Leona"
"persona","p52_pais_mov_cod","52.C. País donde trabaja","categorica","702","Singapur"
"persona","p52_pais_mov_cod","52.C. País donde trabaja","categorica","703","Eslovaquia"
"persona","p52_pais_mov_cod","52.C. País donde trabaja","categorica","704","Viet Nam"
"persona","p52_pais_mov_cod","52.C. País donde trabaja","categorica","705","Eslovenia"
"persona","p52_pais_mov_cod","52.C. País donde trabaja","categorica","706","Somalia"
"persona","p52_pais_mov_cod","52.C. País donde trabaja","categorica","710","Sudáfrica"
"persona","p52_pais_mov_cod","52.C. País donde trabaja","categorica","716","Zimbabwe"
"persona","p52_pais_mov_cod","52.C. País donde trabaja","categorica","724","España"
"persona","p52_pais_mov_cod","52.C. País donde trabaja","categorica","728","Sudán del Sur"
"persona","p52_pais_mov_cod","52.C. País donde trabaja","categorica","729","Sudán"
"persona","p52_pais_mov_cod","52.C. País donde trabaja","categorica","732","Sáhara Occidental"
"persona","p52_pais_mov_cod","52.C. País donde trabaja","categorica","740","Suriname"
"persona","p52_pais_mov_cod","52.C. País donde trabaja","categorica","744","Islas Svalbard y Jan Mayen"
"persona","p52_pais_mov_cod","52.C. País donde trabaja","categorica","748","Eswatini"
"persona","p52_pais_mov_cod","52.C. País donde trabaja","categorica","752","Suecia"
"persona","p52_pais_mov_cod","52.C. País donde trabaja","categorica","756","Suiza"
"persona","p52_pais_mov_cod","52.C. País donde trabaja","categorica","760","República Árabe Siria"
"persona","p52_pais_mov_cod","52.C. País donde trabaja","categorica","762","Tayikistán"
"persona","p52_pais_mov_cod","52.C. País donde trabaja","categorica","764","Tailandia"
"persona","p52_pais_mov_cod","52.C. País donde trabaja","categorica","768","Togo"
"persona","p52_pais_mov_cod","52.C. País donde trabaja","categorica","772","Tokelau"
"persona","p52_pais_mov_cod","52.C. País donde trabaja","categorica","776","Tonga"
"persona","p52_pais_mov_cod","52.C. País donde trabaja","categorica","780","Trinidad y Tobago"
"persona","p52_pais_mov_cod","52.C. País donde trabaja","categorica","784","Emiratos Árabes Unidos"
"persona","p52_pais_mov_cod","52.C. País donde trabaja","categorica","788","Túnez"
"persona","p52_pais_mov_cod","52.C. País donde trabaja","categorica","792","Turquía"
"persona","p52_pais_mov_cod","52.C. País donde trabaja","categorica","795","Turkmenistán"
"persona","p52_pais_mov_cod","52.C. País donde trabaja","categorica","796","Islas Turcas y Caicos"
"persona","p52_pais_mov_cod","52.C. País donde trabaja","categorica","798","Tuvalu"
"persona","p52_pais_mov_cod","52.C. País donde trabaja","categorica","800","Uganda"
"persona","p52_pais_mov_cod","52.C. País donde trabaja","categorica","804","Ucrania"
"persona","p52_pais_mov_cod","52.C. País donde trabaja","categorica","807","Macedonia del Norte"
"persona","p52_pais_mov_cod","52.C. País donde trabaja","categorica","818","Egipto"
"persona","p52_pais_mov_cod","52.C. País donde trabaja","categorica","826","Reino Unido de Gran Bretaña e Irlanda del Norte"
"persona","p52_pais_mov_cod","52.C. País donde trabaja","categorica","831","Guernsey"
"persona","p52_pais_mov_cod","52.C. País donde trabaja","categorica","832","Jersey"
"persona","p52_pais_mov_cod","52.C. País donde trabaja","categorica","833","Isla de Man"
"persona","p52_pais_mov_cod","52.C. País donde trabaja","categorica","834","República Unida de Tanzanía"
"persona","p52_pais_mov_cod","52.C. País donde trabaja","categorica","840","Estados Unidos de América"
"persona","p52_pais_mov_cod","52.C. País donde trabaja","categorica","850","Islas Vírgenes de los Estados Unidos"
"persona","p52_pais_mov_cod","52.C. País donde trabaja","categorica","854","Burkina Faso"
"persona","p52_pais_mov_cod","52.C. País donde trabaja","categorica","858","Uruguay"
"persona","p52_pais_mov_cod","52.C. País donde trabaja","categorica","860","Uzbekistán"
"persona","p52_pais_mov_cod","52.C. País donde trabaja","categorica","862","Venezuela (República Bolivariana de)"
"persona","p52_pais_mov_cod","52.C. País donde trabaja","categorica","876","Islas Wallis y Futuna"
"persona","p52_pais_mov_cod","52.C. País donde trabaja","categorica","882","Samoa"
"persona","p52_pais_mov_cod","52.C. País donde trabaja","categorica","887","Yemen"
"persona","p52_pais_mov_cod","52.C. País donde trabaja","categorica","894","Zambia"
"persona","p52_pais_mov_cod","52.C. País donde trabaja","categorica","987","Caracteres aleatorios o descripción ilegible"
"persona","p52_pais_mov_cod","52.C. País donde trabaja","categorica","988","Otro municipio"
"persona","p52_pais_mov_cod","52.C. País donde trabaja","categorica","991","África"
"persona","p52_pais_mov_cod","52.C. País donde trabaja","categorica","992","América"
"persona","p52_pais_mov_cod","52.C. País donde trabaja","categorica","993","Asia"
"persona","p52_pais_mov_cod","52.C. País donde trabaja","categorica","994","Europa"
"persona","p52_pais_mov_cod","52.C. País donde trabaja","categorica","995","Oceanía"
"persona","p52_pais_mov_cod","52.C. País donde trabaja","categorica","996","Otro país extranjero"
"persona","p52_pais_mov_cod","52.C. País donde trabaja","categorica","997","No corresponde a país"
"persona","p52_pais_mov_cod","52.C. País donde trabaja","categorica","998","No sabe"
"persona","p52_pais_mov_cod","52.C. País donde trabaja","categorica","999","Sin Especificar"
"persona","p53_ecivil","53. Cuál es su estado civil o conyugal","categorica","1","Casada(o)"
"persona","p53_ecivil","53. Cuál es su estado civil o conyugal","categorica","2","Conviviente o concubina(o)"
"persona","p53_ecivil","53. Cuál es su estado civil o conyugal","categorica","3","Separada(o)"
"persona","p53_ecivil","53. Cuál es su estado civil o conyugal","categorica","4","Divorciada(o)"
"persona","p53_ecivil","53. Cuál es su estado civil o conyugal","categorica","5","Viuda(o)"
"persona","p53_ecivil","53. Cuál es su estado civil o conyugal","categorica","6","Soltera(o)"
"persona","p53_ecivil","53. Cuál es su estado civil o conyugal","categorica","9","Sin especificar"
"persona","p54_hvtot","54. En total, Cuántas hijas e hijos nacidos vivos ha tenido, incluyendo a los que no vivan con usted o hayan fallecido después de nacer (Total)","categorica","98","Omisión en P54 y con dato en P55"
"persona","p54_hvtot","54. En total, Cuántas hijas e hijos nacidos vivos ha tenido, incluyendo a los que no vivan con usted o hayan fallecido después de nacer (Total)","categorica","99","Sin especificar"
"persona","p54a_hvtot_muj","54.A. En total, Cuántas hijas e hijos nacidos vivos ha tenido, incluyendo a los que no vivan con usted o hayan fallecido después de nacer (Mujeres)","categorica","99","Sin especificar"
"persona","p54b_hvtot_hom","54.B. En total, Cuántas hijas e hijos nacidos vivos ha tenido, incluyendo a los que no vivan con usted o hayan fallecido después de nacer (Hombres)","categorica","99","Sin especificar"
"persona","p55_hstot","55. De las hijas e hijos que ha tenido, Cuántos viven actualmente (Total)","categorica","98","Omisión en P55 y con dato en P54"
"persona","p55_hstot","55. De las hijas e hijos que ha tenido, Cuántos viven actualmente (Total)","categorica","99","Sin especificar"
"persona","p55a_hstot_muj","55.A. De las hijas e hijos que ha tenido, Cuántos viven actualmente (Mujeres)","categorica","99","Sin especificar"
"persona","p55b_hstot_hom","55.B. De las hijas e hijos que ha tenido, Cuántos viven actualmente (Hombres)","categorica","99","Sin especificar"
"persona","p56_edadmad","56. A qué edad tuvo su primer hija o hijo nacido vivo","categorica","999","Sin especificar"
"persona","p57a_uhnacmes","57.A. En qué mes y año nació su última hija o hijo nacido vivo (Mes)","categorica","1","Enero"
"persona","p57a_uhnacmes","57.A. En qué mes y año nació su última hija o hijo nacido vivo (Mes)","categorica","2","Febrero"
"persona","p57a_uhnacmes","57.A. En qué mes y año nació su última hija o hijo nacido vivo (Mes)","categorica","3","Marzo"
"persona","p57a_uhnacmes","57.A. En qué mes y año nació su última hija o hijo nacido vivo (Mes)","categorica","4","Abril"
"persona","p57a_uhnacmes","57.A. En qué mes y año nació su última hija o hijo nacido vivo (Mes)","categorica","5","Mayo"
"persona","p57a_uhnacmes","57.A. En qué mes y año nació su última hija o hijo nacido vivo (Mes)","categorica","6","Junio"
"persona","p57a_uhnacmes","57.A. En qué mes y año nació su última hija o hijo nacido vivo (Mes)","categorica","7","Julio"
"persona","p57a_uhnacmes","57.A. En qué mes y año nació su última hija o hijo nacido vivo (Mes)","categorica","8","Agosto"
"persona","p57a_uhnacmes","57.A. En qué mes y año nació su última hija o hijo nacido vivo (Mes)","categorica","9","Septiembre"
"persona","p57a_uhnacmes","57.A. En qué mes y año nació su última hija o hijo nacido vivo (Mes)","categorica","10","Octubre"
"persona","p57a_uhnacmes","57.A. En qué mes y año nació su última hija o hijo nacido vivo (Mes)","categorica","11","Noviembre"
"persona","p57a_uhnacmes","57.A. En qué mes y año nació su última hija o hijo nacido vivo (Mes)","categorica","12","Diciembre"
"persona","p57a_uhnacmes","57.A. En qué mes y año nació su última hija o hijo nacido vivo (Mes)","categorica","88","Sin Especificar"
"persona","p57b_uhnacan","57.B. En qué mes y año nació su última hija o hijo nacido vivo (Año)","categorica","9999","Sin Especificar"
"persona","p58_uhsobre","58. Su última hija o hijo, vive actualmente","categorica","1","Sí"
"persona","p58_uhsobre","58. Su última hija o hijo, vive actualmente","categorica","2","No"
"persona","p58_uhsobre","58. Su última hija o hijo, vive actualmente","categorica","9","Sin especificar"
"persona","p59_atparto","59. Quién atendió su último parto","categorica","1","Médica(o)"
"persona","p59_atparto","59. Quién atendió su último parto","categorica","2","Enfermera(o)"
"persona","p59_atparto","59. Quién atendió su último parto","categorica","3","Auxiliar de enfermería"
"persona","p59_atparto","59. Quién atendió su último parto","categorica","4","Partera(o)"
"persona","p59_atparto","59. Quién atendió su último parto","categorica","5","Atención conjunta (con medicina tradicional)"
"persona","p59_atparto","59. Quién atendió su último parto","categorica","6","Cónyuge o familiar"
"persona","p59_atparto","59. Quién atendió su último parto","categorica","7","Otra persona"
"persona","p59_atparto","59. Quién atendió su último parto","categorica","8","Usted misma"
"persona","p59_atparto","59. Quién atendió su último parto","categorica","9","Sin especificar"
"persona","edad_qui","Edad quinquenal","categorica","1","0 - 4"
"persona","edad_qui","Edad quinquenal","categorica","2","5 - 9"
"persona","edad_qui","Edad quinquenal","categorica","3","10 - 14"
"persona","edad_qui","Edad quinquenal","categorica","4","15 - 19"
"persona","edad_qui","Edad quinquenal","categorica","5","20 - 24"
"persona","edad_qui","Edad quinquenal","categorica","6","25 - 29"
"persona","edad_qui","Edad quinquenal","categorica","7","30 - 34"
"persona","edad_qui","Edad quinquenal","categorica","8","35 - 39"
"persona","edad_qui","Edad quinquenal","categorica","9","40 - 44"
"persona","edad_qui","Edad quinquenal","categorica","10","45 - 49"
"persona","edad_qui","Edad quinquenal","categorica","11","50 - 54"
"persona","edad_qui","Edad quinquenal","categorica","12","55 - 59"
"persona","edad_qui","Edad quinquenal","categorica","13","60 - 64"
"persona","edad_qui","Edad quinquenal","categorica","14","65 - 69"
"persona","edad_qui","Edad quinquenal","categorica","15","70 - 74"
"persona","edad_qui","Edad quinquenal","categorica","16","75 - 79"
"persona","edad_qui","Edad quinquenal","categorica","17","80 - 84"
"persona","edad_qui","Edad quinquenal","categorica","18","85 - 89"
"persona","edad_qui","Edad quinquenal","categorica","19","90 - 94"
"persona","edad_qui","Edad quinquenal","categorica","20","95 y más"
"persona","g_edad","Grandes grupos de edad","categorica","1","0 - 14"
"persona","g_edad","Grandes grupos de edad","categorica","2","15 - 64"
"persona","g_edad","Grandes grupos de edad","categorica","3","65 y más"
"persona","g_edad_bol","Grandes grupos de edad en Bolivia","categorica","1","0 - 14"
"persona","g_edad_bol","Grandes grupos de edad en Bolivia","categorica","2","15 - 59"
"persona","g_edad_bol","Grandes grupos de edad en Bolivia","categorica","3","60 y más"
"persona","p31_cobersalud","Cobertura de salud (residentes habituales y que respondieron a la pregunta)","categorica","1","Tiene"
"persona","p31_cobersalud","Cobertura de salud (residentes habituales y que respondieron a la pregunta)","categorica","2","No tiene"
"persona","p41a_nivel_act","Nivel educativo alcanzado: sistema actual (5 o más años de edad)","categorica","1","Ninguno"
"persona","p41a_nivel_act","Nivel educativo alcanzado: sistema actual (5 o más años de edad)","categorica","2","Curso de Alfabetización"
"persona","p41a_nivel_act","Nivel educativo alcanzado: sistema actual (5 o más años de edad)","categorica","3","Inicial (Pre kínder, kínder)"
"persona","p41a_nivel_act","Nivel educativo alcanzado: sistema actual (5 o más años de edad)","categorica","7","Primaria"
"persona","p41a_nivel_act","Nivel educativo alcanzado: sistema actual (5 o más años de edad)","categorica","8","Secundaria"
"persona","p41a_nivel_act","Nivel educativo alcanzado: sistema actual (5 o más años de edad)","categorica","9","Técnico Medio"
"persona","p41a_nivel_act","Nivel educativo alcanzado: sistema actual (5 o más años de edad)","categorica","10","Técnico Superior"
"persona","p41a_nivel_act","Nivel educativo alcanzado: sistema actual (5 o más años de edad)","categorica","11","Licenciatura"
"persona","p41a_nivel_act","Nivel educativo alcanzado: sistema actual (5 o más años de edad)","categorica","12","Maestría"
"persona","p41a_nivel_act","Nivel educativo alcanzado: sistema actual (5 o más años de edad)","categorica","13","Doctorado"
"persona","p41a_nivel_act","Nivel educativo alcanzado: sistema actual (5 o más años de edad)","categorica","99","Sin especificar"
"persona","p41b_curso_act","Curso o año aprobado: sistema actual (5 o más años de edad)","categorica","9","Sin especificar"
"persona","nivel_edu","Nivel educativo alcanzado agrupado (19 o más años de edad, residentes en el país y que respondieron a la pregunta)","categorica","1","Ninguno"
"persona","nivel_edu","Nivel educativo alcanzado agrupado (19 o más años de edad, residentes en el país y que respondieron a la pregunta)","categorica","2","Primaria"
"persona","nivel_edu","Nivel educativo alcanzado agrupado (19 o más años de edad, residentes en el país y que respondieron a la pregunta)","categorica","3","Secundaria"
"persona","nivel_edu","Nivel educativo alcanzado agrupado (19 o más años de edad, residentes en el país y que respondieron a la pregunta)","categorica","4","Superior"
"persona","aestudio","Años de estudio (19 o más años de edad, residentes en el país y que respondieron a la pregunta)","numerica",NA,NA
"persona","asiste","Asistencia educativa (residentes en el país y que respondieron a la pregunta)","categorica","1","Sí"
"persona","asiste","Asistencia educativa (residentes en el país y que respondieron a la pregunta)","categorica","2","No"
"persona","gedadedu","Grupo de edad según asistencia educativa (residentes en el país y que respondieron a la pregunta)","categorica","1","0 - 3"
"persona","gedadedu","Grupo de edad según asistencia educativa (residentes en el país y que respondieron a la pregunta)","categorica","2","4 - 5"
"persona","gedadedu","Grupo de edad según asistencia educativa (residentes en el país y que respondieron a la pregunta)","categorica","3","6 - 11"
"persona","gedadedu","Grupo de edad según asistencia educativa (residentes en el país y que respondieron a la pregunta)","categorica","4","12 - 17"
"persona","gedadedu","Grupo de edad según asistencia educativa (residentes en el país y que respondieron a la pregunta)","categorica","5","18 - 24"
"persona","gedadedu","Grupo de edad según asistencia educativa (residentes en el país y que respondieron a la pregunta)","categorica","6","25 - 59"
"persona","gedadedu","Grupo de edad según asistencia educativa (residentes en el país y que respondieron a la pregunta)","categorica","7","60 o más"
"persona","idioma_mayor_uso","Idioma de mayor uso (personas que respondieron a la pregunta)","categorica","1","Araona"
"persona","idioma_mayor_uso","Idioma de mayor uso (personas que respondieron a la pregunta)","categorica","2","Aymara"
"persona","idioma_mayor_uso","Idioma de mayor uso (personas que respondieron a la pregunta)","categorica","3","Baure"
"persona","idioma_mayor_uso","Idioma de mayor uso (personas que respondieron a la pregunta)","categorica","4","Bésiro"
"persona","idioma_mayor_uso","Idioma de mayor uso (personas que respondieron a la pregunta)","categorica","5","Canichana"
"persona","idioma_mayor_uso","Idioma de mayor uso (personas que respondieron a la pregunta)","categorica","6","Castellano"
"persona","idioma_mayor_uso","Idioma de mayor uso (personas que respondieron a la pregunta)","categorica","7","Kabineña"
"persona","idioma_mayor_uso","Idioma de mayor uso (personas que respondieron a la pregunta)","categorica","8","Cayubaba"
"persona","idioma_mayor_uso","Idioma de mayor uso (personas que respondieron a la pregunta)","categorica","9","Chácobo"
"persona","idioma_mayor_uso","Idioma de mayor uso (personas que respondieron a la pregunta)","categorica","10","Tsimane´"
"persona","idioma_mayor_uso","Idioma de mayor uso (personas que respondieron a la pregunta)","categorica","11","Ese Ejja"
"persona","idioma_mayor_uso","Idioma de mayor uso (personas que respondieron a la pregunta)","categorica","12","Guaraní"
"persona","idioma_mayor_uso","Idioma de mayor uso (personas que respondieron a la pregunta)","categorica","13","Guarasu´we"
"persona","idioma_mayor_uso","Idioma de mayor uso (personas que respondieron a la pregunta)","categorica","14","Gwarayu"
"persona","idioma_mayor_uso","Idioma de mayor uso (personas que respondieron a la pregunta)","categorica","15","Itonama"
"persona","idioma_mayor_uso","Idioma de mayor uso (personas que respondieron a la pregunta)","categorica","16","Leco"
"persona","idioma_mayor_uso","Idioma de mayor uso (personas que respondieron a la pregunta)","categorica","17","Macha´juyay Kallawaya"
"persona","idioma_mayor_uso","Idioma de mayor uso (personas que respondieron a la pregunta)","categorica","18","Machineri"
"persona","idioma_mayor_uso","Idioma de mayor uso (personas que respondieron a la pregunta)","categorica","19","Maropa"
"persona","idioma_mayor_uso","Idioma de mayor uso (personas que respondieron a la pregunta)","categorica","20","Mojeño Ignaciano"
"persona","idioma_mayor_uso","Idioma de mayor uso (personas que respondieron a la pregunta)","categorica","21","Mojeño Trinitario"
"persona","idioma_mayor_uso","Idioma de mayor uso (personas que respondieron a la pregunta)","categorica","22","Moré"
"persona","idioma_mayor_uso","Idioma de mayor uso (personas que respondieron a la pregunta)","categorica","23","Mosetén"
"persona","idioma_mayor_uso","Idioma de mayor uso (personas que respondieron a la pregunta)","categorica","24","Movima"
"persona","idioma_mayor_uso","Idioma de mayor uso (personas que respondieron a la pregunta)","categorica","25","Pacahuara"
"persona","idioma_mayor_uso","Idioma de mayor uso (personas que respondieron a la pregunta)","categorica","26","Puquina"
"persona","idioma_mayor_uso","Idioma de mayor uso (personas que respondieron a la pregunta)","categorica","27","Quechua"
"persona","idioma_mayor_uso","Idioma de mayor uso (personas que respondieron a la pregunta)","categorica","28","Sirionó"
"persona","idioma_mayor_uso","Idioma de mayor uso (personas que respondieron a la pregunta)","categorica","29","Tacana"
"persona","idioma_mayor_uso","Idioma de mayor uso (personas que respondieron a la pregunta)","categorica","30","Tapiete"
"persona","idioma_mayor_uso","Idioma de mayor uso (personas que respondieron a la pregunta)","categorica","32","Uru-Chipaya"
"persona","idioma_mayor_uso","Idioma de mayor uso (personas que respondieron a la pregunta)","categorica","33","Weenhayek"
"persona","idioma_mayor_uso","Idioma de mayor uso (personas que respondieron a la pregunta)","categorica","34","Yaminawa"
"persona","idioma_mayor_uso","Idioma de mayor uso (personas que respondieron a la pregunta)","categorica","35","Yuqui"
"persona","idioma_mayor_uso","Idioma de mayor uso (personas que respondieron a la pregunta)","categorica","36","Yurakaré"
"persona","idioma_mayor_uso","Idioma de mayor uso (personas que respondieron a la pregunta)","categorica","37","Zamuco"
"persona","idioma_mayor_uso","Idioma de mayor uso (personas que respondieron a la pregunta)","categorica","40","Albanés"
"persona","idioma_mayor_uso","Idioma de mayor uso (personas que respondieron a la pregunta)","categorica","41","Alemán"
"persona","idioma_mayor_uso","Idioma de mayor uso (personas que respondieron a la pregunta)","categorica","42","Árabe"
"persona","idioma_mayor_uso","Idioma de mayor uso (personas que respondieron a la pregunta)","categorica","43","Búlgaro"
"persona","idioma_mayor_uso","Idioma de mayor uso (personas que respondieron a la pregunta)","categorica","44","Catalán"
"persona","idioma_mayor_uso","Idioma de mayor uso (personas que respondieron a la pregunta)","categorica","45","Chino"
"persona","idioma_mayor_uso","Idioma de mayor uso (personas que respondieron a la pregunta)","categorica","46","Coreano"
"persona","idioma_mayor_uso","Idioma de mayor uso (personas que respondieron a la pregunta)","categorica","47","Croata"
"persona","idioma_mayor_uso","Idioma de mayor uso (personas que respondieron a la pregunta)","categorica","48","Danés"
"persona","idioma_mayor_uso","Idioma de mayor uso (personas que respondieron a la pregunta)","categorica","49","Escocés"
"persona","idioma_mayor_uso","Idioma de mayor uso (personas que respondieron a la pregunta)","categorica","50","Finlandés"
"persona","idioma_mayor_uso","Idioma de mayor uso (personas que respondieron a la pregunta)","categorica","51","Francés"
"persona","idioma_mayor_uso","Idioma de mayor uso (personas que respondieron a la pregunta)","categorica","52","Holandés"
"persona","idioma_mayor_uso","Idioma de mayor uso (personas que respondieron a la pregunta)","categorica","53","Húngaro"
"persona","idioma_mayor_uso","Idioma de mayor uso (personas que respondieron a la pregunta)","categorica","54","Inglés"
"persona","idioma_mayor_uso","Idioma de mayor uso (personas que respondieron a la pregunta)","categorica","55","Italiano"
"persona","idioma_mayor_uso","Idioma de mayor uso (personas que respondieron a la pregunta)","categorica","56","Japonés"
"persona","idioma_mayor_uso","Idioma de mayor uso (personas que respondieron a la pregunta)","categorica","57","Noruego"
"persona","idioma_mayor_uso","Idioma de mayor uso (personas que respondieron a la pregunta)","categorica","58","Portugués"
"persona","idioma_mayor_uso","Idioma de mayor uso (personas que respondieron a la pregunta)","categorica","59","Rumano"
"persona","idioma_mayor_uso","Idioma de mayor uso (personas que respondieron a la pregunta)","categorica","60","Ruso"
"persona","idioma_mayor_uso","Idioma de mayor uso (personas que respondieron a la pregunta)","categorica","61","Serbio"
"persona","idioma_mayor_uso","Idioma de mayor uso (personas que respondieron a la pregunta)","categorica","62","Sueco"
"persona","idioma_mayor_uso","Idioma de mayor uso (personas que respondieron a la pregunta)","categorica","63","Tailandés"
"persona","idioma_mayor_uso","Idioma de mayor uso (personas que respondieron a la pregunta)","categorica","64","Turco"
"persona","idioma_mayor_uso","Idioma de mayor uso (personas que respondieron a la pregunta)","categorica","65","Ucraniano"
"persona","idioma_mayor_uso","Idioma de mayor uso (personas que respondieron a la pregunta)","categorica","66","Vasco"
"persona","idioma_mayor_uso","Idioma de mayor uso (personas que respondieron a la pregunta)","categorica","67","Vietnamés"
"persona","idioma_mayor_uso","Idioma de mayor uso (personas que respondieron a la pregunta)","categorica","81","Hebreo"
"persona","idioma_mayor_uso","Idioma de mayor uso (personas que respondieron a la pregunta)","categorica","82","Polaco"
"persona","idioma_mayor_uso","Idioma de mayor uso (personas que respondieron a la pregunta)","categorica","83","Checo"
"persona","idioma_mayor_uso","Idioma de mayor uso (personas que respondieron a la pregunta)","categorica","84","Griego"
"persona","idioma_mayor_uso","Idioma de mayor uso (personas que respondieron a la pregunta)","categorica","85","Persa"
"persona","idioma_mayor_uso","Idioma de mayor uso (personas que respondieron a la pregunta)","categorica","86","Suizo"
"persona","idioma_mayor_uso","Idioma de mayor uso (personas que respondieron a la pregunta)","categorica","87","Latin"
"persona","idioma_mayor_uso","Idioma de mayor uso (personas que respondieron a la pregunta)","categorica","88","Taiwanés"
"persona","idioma_mayor_uso","Idioma de mayor uso (personas que respondieron a la pregunta)","categorica","89","Africano"
"persona","idioma_mayor_uso","Idioma de mayor uso (personas que respondieron a la pregunta)","categorica","90","Gallego"
"persona","idioma_mayor_uso","Idioma de mayor uso (personas que respondieron a la pregunta)","categorica","91","Valenciano"
"persona","idioma_mayor_uso","Idioma de mayor uso (personas que respondieron a la pregunta)","categorica","92","Quinamaya"
"persona","idioma_mayor_uso","Idioma de mayor uso (personas que respondieron a la pregunta)","categorica","93","Qom (toba)"
"persona","idioma_mayor_uso","Idioma de mayor uso (personas que respondieron a la pregunta)","categorica","94","Afroboliviano"
"persona","idioma_mayor_uso","Idioma de mayor uso (personas que respondieron a la pregunta)","categorica","95","Joaquiniano"
"persona","idioma_mayor_uso","Idioma de mayor uso (personas que respondieron a la pregunta)","categorica","991","Otras declaraciones"
"persona","idioma_mayor_uso","Idioma de mayor uso (personas que respondieron a la pregunta)","categorica","992","Otro idioma extranjero"
"persona","idioma_mayor_uso","Idioma de mayor uso (personas que respondieron a la pregunta)","categorica","994","Lenguaje de señas"
"persona","idioma_mayor_uso","Idioma de mayor uso (personas que respondieron a la pregunta)","categorica","998","No habla"
"persona","idioma_mat","Idioma materno (personas que respondieron a la pregunta)","categorica","1","Araona"
"persona","idioma_mat","Idioma materno (personas que respondieron a la pregunta)","categorica","2","Aymara"
"persona","idioma_mat","Idioma materno (personas que respondieron a la pregunta)","categorica","3","Baure"
"persona","idioma_mat","Idioma materno (personas que respondieron a la pregunta)","categorica","4","Bésiro"
"persona","idioma_mat","Idioma materno (personas que respondieron a la pregunta)","categorica","5","Canichana"
"persona","idioma_mat","Idioma materno (personas que respondieron a la pregunta)","categorica","6","Castellano"
"persona","idioma_mat","Idioma materno (personas que respondieron a la pregunta)","categorica","7","Kabineña"
"persona","idioma_mat","Idioma materno (personas que respondieron a la pregunta)","categorica","8","Cayubaba"
"persona","idioma_mat","Idioma materno (personas que respondieron a la pregunta)","categorica","9","Chácobo"
"persona","idioma_mat","Idioma materno (personas que respondieron a la pregunta)","categorica","10","Tsimane´"
"persona","idioma_mat","Idioma materno (personas que respondieron a la pregunta)","categorica","11","Ese Ejja"
"persona","idioma_mat","Idioma materno (personas que respondieron a la pregunta)","categorica","12","Guaraní"
"persona","idioma_mat","Idioma materno (personas que respondieron a la pregunta)","categorica","13","Guarasu´we"
"persona","idioma_mat","Idioma materno (personas que respondieron a la pregunta)","categorica","14","Gwarayu"
"persona","idioma_mat","Idioma materno (personas que respondieron a la pregunta)","categorica","15","Itonama"
"persona","idioma_mat","Idioma materno (personas que respondieron a la pregunta)","categorica","16","Leco"
"persona","idioma_mat","Idioma materno (personas que respondieron a la pregunta)","categorica","17","Macha´juyay Kallawaya"
"persona","idioma_mat","Idioma materno (personas que respondieron a la pregunta)","categorica","18","Machineri"
"persona","idioma_mat","Idioma materno (personas que respondieron a la pregunta)","categorica","19","Maropa"
"persona","idioma_mat","Idioma materno (personas que respondieron a la pregunta)","categorica","20","Mojeño Ignaciano"
"persona","idioma_mat","Idioma materno (personas que respondieron a la pregunta)","categorica","21","Mojeño Trinitario"
"persona","idioma_mat","Idioma materno (personas que respondieron a la pregunta)","categorica","22","Moré"
"persona","idioma_mat","Idioma materno (personas que respondieron a la pregunta)","categorica","23","Mosetén"
"persona","idioma_mat","Idioma materno (personas que respondieron a la pregunta)","categorica","24","Movima"
"persona","idioma_mat","Idioma materno (personas que respondieron a la pregunta)","categorica","25","Pacahuara"
"persona","idioma_mat","Idioma materno (personas que respondieron a la pregunta)","categorica","26","Puquina"
"persona","idioma_mat","Idioma materno (personas que respondieron a la pregunta)","categorica","27","Quechua"
"persona","idioma_mat","Idioma materno (personas que respondieron a la pregunta)","categorica","28","Sirionó"
"persona","idioma_mat","Idioma materno (personas que respondieron a la pregunta)","categorica","29","Tacana"
"persona","idioma_mat","Idioma materno (personas que respondieron a la pregunta)","categorica","30","Tapiete"
"persona","idioma_mat","Idioma materno (personas que respondieron a la pregunta)","categorica","32","Uru-Chipaya"
"persona","idioma_mat","Idioma materno (personas que respondieron a la pregunta)","categorica","33","Weenhayek"
"persona","idioma_mat","Idioma materno (personas que respondieron a la pregunta)","categorica","34","Yaminawa"
"persona","idioma_mat","Idioma materno (personas que respondieron a la pregunta)","categorica","35","Yuqui"
"persona","idioma_mat","Idioma materno (personas que respondieron a la pregunta)","categorica","36","Yurakaré"
"persona","idioma_mat","Idioma materno (personas que respondieron a la pregunta)","categorica","37","Zamuco"
"persona","idioma_mat","Idioma materno (personas que respondieron a la pregunta)","categorica","40","Albanés"
"persona","idioma_mat","Idioma materno (personas que respondieron a la pregunta)","categorica","41","Alemán"
"persona","idioma_mat","Idioma materno (personas que respondieron a la pregunta)","categorica","42","Árabe"
"persona","idioma_mat","Idioma materno (personas que respondieron a la pregunta)","categorica","43","Búlgaro"
"persona","idioma_mat","Idioma materno (personas que respondieron a la pregunta)","categorica","44","Catalán"
"persona","idioma_mat","Idioma materno (personas que respondieron a la pregunta)","categorica","45","Chino"
"persona","idioma_mat","Idioma materno (personas que respondieron a la pregunta)","categorica","46","Coreano"
"persona","idioma_mat","Idioma materno (personas que respondieron a la pregunta)","categorica","47","Croata"
"persona","idioma_mat","Idioma materno (personas que respondieron a la pregunta)","categorica","48","Danés"
"persona","idioma_mat","Idioma materno (personas que respondieron a la pregunta)","categorica","49","Escocés"
"persona","idioma_mat","Idioma materno (personas que respondieron a la pregunta)","categorica","50","Finlandés"
"persona","idioma_mat","Idioma materno (personas que respondieron a la pregunta)","categorica","51","Francés"
"persona","idioma_mat","Idioma materno (personas que respondieron a la pregunta)","categorica","52","Holandés"
"persona","idioma_mat","Idioma materno (personas que respondieron a la pregunta)","categorica","53","Húngaro"
"persona","idioma_mat","Idioma materno (personas que respondieron a la pregunta)","categorica","54","Inglés"
"persona","idioma_mat","Idioma materno (personas que respondieron a la pregunta)","categorica","55","Italiano"
"persona","idioma_mat","Idioma materno (personas que respondieron a la pregunta)","categorica","56","Japonés"
"persona","idioma_mat","Idioma materno (personas que respondieron a la pregunta)","categorica","57","Noruego"
"persona","idioma_mat","Idioma materno (personas que respondieron a la pregunta)","categorica","58","Portugués"
"persona","idioma_mat","Idioma materno (personas que respondieron a la pregunta)","categorica","59","Rumano"
"persona","idioma_mat","Idioma materno (personas que respondieron a la pregunta)","categorica","60","Ruso"
"persona","idioma_mat","Idioma materno (personas que respondieron a la pregunta)","categorica","61","Serbio"
"persona","idioma_mat","Idioma materno (personas que respondieron a la pregunta)","categorica","62","Sueco"
"persona","idioma_mat","Idioma materno (personas que respondieron a la pregunta)","categorica","63","Tailandés"
"persona","idioma_mat","Idioma materno (personas que respondieron a la pregunta)","categorica","64","Turco"
"persona","idioma_mat","Idioma materno (personas que respondieron a la pregunta)","categorica","65","Ucraniano"
"persona","idioma_mat","Idioma materno (personas que respondieron a la pregunta)","categorica","66","Vasco"
"persona","idioma_mat","Idioma materno (personas que respondieron a la pregunta)","categorica","67","Vietnamés"
"persona","idioma_mat","Idioma materno (personas que respondieron a la pregunta)","categorica","81","Hebreo"
"persona","idioma_mat","Idioma materno (personas que respondieron a la pregunta)","categorica","82","Polaco"
"persona","idioma_mat","Idioma materno (personas que respondieron a la pregunta)","categorica","83","Checo"
"persona","idioma_mat","Idioma materno (personas que respondieron a la pregunta)","categorica","84","Griego"
"persona","idioma_mat","Idioma materno (personas que respondieron a la pregunta)","categorica","85","Persa"
"persona","idioma_mat","Idioma materno (personas que respondieron a la pregunta)","categorica","86","Suizo"
"persona","idioma_mat","Idioma materno (personas que respondieron a la pregunta)","categorica","87","Latin"
"persona","idioma_mat","Idioma materno (personas que respondieron a la pregunta)","categorica","88","Taiwanés"
"persona","idioma_mat","Idioma materno (personas que respondieron a la pregunta)","categorica","89","Africano"
"persona","idioma_mat","Idioma materno (personas que respondieron a la pregunta)","categorica","90","Gallego"
"persona","idioma_mat","Idioma materno (personas que respondieron a la pregunta)","categorica","91","Valenciano"
"persona","idioma_mat","Idioma materno (personas que respondieron a la pregunta)","categorica","92","Quinamaya"
"persona","idioma_mat","Idioma materno (personas que respondieron a la pregunta)","categorica","93","Qom (toba)"
"persona","idioma_mat","Idioma materno (personas que respondieron a la pregunta)","categorica","94","Afroboliviano"
"persona","idioma_mat","Idioma materno (personas que respondieron a la pregunta)","categorica","95","Joaquiniano"
"persona","idioma_mat","Idioma materno (personas que respondieron a la pregunta)","categorica","991","Otras declaraciones"
"persona","idioma_mat","Idioma materno (personas que respondieron a la pregunta)","categorica","992","Otro idioma extranjero"
"persona","idioma_mat","Idioma materno (personas que respondieron a la pregunta)","categorica","994","Lenguaje de señas"
"persona","idioma_mat","Idioma materno (personas que respondieron a la pregunta)","categorica","998","No habla"
"persona","p42_discap","Condición de discapacidad (5 o más años de edad, residentes en el país y que respondieron a la pregunta)","categorica","1","Tiene Discapacidad"
"persona","p42_discap","Condición de discapacidad (5 o más años de edad, residentes en el país y que respondieron a la pregunta)","categorica","2","No tiene Discapacidad"
"persona","p32_pueblos","Se autoidentifica con alguna nación pueblo indígena originario campesino o afroboliviano (agrupado según CTAI)","categorica","1","Afroboliviano"
"persona","p32_pueblos","Se autoidentifica con alguna nación pueblo indígena originario campesino o afroboliviano (agrupado según CTAI)","categorica","2","Araona"
"persona","p32_pueblos","Se autoidentifica con alguna nación pueblo indígena originario campesino o afroboliviano (agrupado según CTAI)","categorica","3","Aymara"
"persona","p32_pueblos","Se autoidentifica con alguna nación pueblo indígena originario campesino o afroboliviano (agrupado según CTAI)","categorica","4","Ayoreo"
"persona","p32_pueblos","Se autoidentifica con alguna nación pueblo indígena originario campesino o afroboliviano (agrupado según CTAI)","categorica","5","Baure"
"persona","p32_pueblos","Se autoidentifica con alguna nación pueblo indígena originario campesino o afroboliviano (agrupado según CTAI)","categorica","6","Canichana"
"persona","p32_pueblos","Se autoidentifica con alguna nación pueblo indígena originario campesino o afroboliviano (agrupado según CTAI)","categorica","7","Cavineño"
"persona","p32_pueblos","Se autoidentifica con alguna nación pueblo indígena originario campesino o afroboliviano (agrupado según CTAI)","categorica","8","Cayubaba"
"persona","p32_pueblos","Se autoidentifica con alguna nación pueblo indígena originario campesino o afroboliviano (agrupado según CTAI)","categorica","9","Chácobo"
"persona","p32_pueblos","Se autoidentifica con alguna nación pueblo indígena originario campesino o afroboliviano (agrupado según CTAI)","categorica","10","Charka Qhara Qhara"
"persona","p32_pueblos","Se autoidentifica con alguna nación pueblo indígena originario campesino o afroboliviano (agrupado según CTAI)","categorica","11","Chichas"
"persona","p32_pueblos","Se autoidentifica con alguna nación pueblo indígena originario campesino o afroboliviano (agrupado según CTAI)","categorica","12","Chiquitano"
"persona","p32_pueblos","Se autoidentifica con alguna nación pueblo indígena originario campesino o afroboliviano (agrupado según CTAI)","categorica","13","Chuwi"
"persona","p32_pueblos","Se autoidentifica con alguna nación pueblo indígena originario campesino o afroboliviano (agrupado según CTAI)","categorica","14","Ese Ejja"
"persona","p32_pueblos","Se autoidentifica con alguna nación pueblo indígena originario campesino o afroboliviano (agrupado según CTAI)","categorica","15","Guaraní"
"persona","p32_pueblos","Se autoidentifica con alguna nación pueblo indígena originario campesino o afroboliviano (agrupado según CTAI)","categorica","16","Guarasu´we"
"persona","p32_pueblos","Se autoidentifica con alguna nación pueblo indígena originario campesino o afroboliviano (agrupado según CTAI)","categorica","17","Gwarayu"
"persona","p32_pueblos","Se autoidentifica con alguna nación pueblo indígena originario campesino o afroboliviano (agrupado según CTAI)","categorica","18","Itonama"
"persona","p32_pueblos","Se autoidentifica con alguna nación pueblo indígena originario campesino o afroboliviano (agrupado según CTAI)","categorica","19","Jach'a Carangas"
"persona","p32_pueblos","Se autoidentifica con alguna nación pueblo indígena originario campesino o afroboliviano (agrupado según CTAI)","categorica","20","Jalq'a"
"persona","p32_pueblos","Se autoidentifica con alguna nación pueblo indígena originario campesino o afroboliviano (agrupado según CTAI)","categorica","21","Joaquiniano"
"persona","p32_pueblos","Se autoidentifica con alguna nación pueblo indígena originario campesino o afroboliviano (agrupado según CTAI)","categorica","22","Kallawaya"
"persona","p32_pueblos","Se autoidentifica con alguna nación pueblo indígena originario campesino o afroboliviano (agrupado según CTAI)","categorica","23","Killacas"
"persona","p32_pueblos","Se autoidentifica con alguna nación pueblo indígena originario campesino o afroboliviano (agrupado según CTAI)","categorica","24","Leco"
"persona","p32_pueblos","Se autoidentifica con alguna nación pueblo indígena originario campesino o afroboliviano (agrupado según CTAI)","categorica","25","Lípez"
"persona","p32_pueblos","Se autoidentifica con alguna nación pueblo indígena originario campesino o afroboliviano (agrupado según CTAI)","categorica","26","Lupaca"
"persona","p32_pueblos","Se autoidentifica con alguna nación pueblo indígena originario campesino o afroboliviano (agrupado según CTAI)","categorica","27","Machineri"
"persona","p32_pueblos","Se autoidentifica con alguna nación pueblo indígena originario campesino o afroboliviano (agrupado según CTAI)","categorica","28","Maropa"
"persona","p32_pueblos","Se autoidentifica con alguna nación pueblo indígena originario campesino o afroboliviano (agrupado según CTAI)","categorica","29","Mojeño"
"persona","p32_pueblos","Se autoidentifica con alguna nación pueblo indígena originario campesino o afroboliviano (agrupado según CTAI)","categorica","30","Mojeño Ignaciano"
"persona","p32_pueblos","Se autoidentifica con alguna nación pueblo indígena originario campesino o afroboliviano (agrupado según CTAI)","categorica","31","Mojeño Trinitario"
"persona","p32_pueblos","Se autoidentifica con alguna nación pueblo indígena originario campesino o afroboliviano (agrupado según CTAI)","categorica","32","Moré"
"persona","p32_pueblos","Se autoidentifica con alguna nación pueblo indígena originario campesino o afroboliviano (agrupado según CTAI)","categorica","33","Mosetén"
"persona","p32_pueblos","Se autoidentifica con alguna nación pueblo indígena originario campesino o afroboliviano (agrupado según CTAI)","categorica","34","Movima"
"persona","p32_pueblos","Se autoidentifica con alguna nación pueblo indígena originario campesino o afroboliviano (agrupado según CTAI)","categorica","35","Pacahuara"
"persona","p32_pueblos","Se autoidentifica con alguna nación pueblo indígena originario campesino o afroboliviano (agrupado según CTAI)","categorica","36","Pakajaqi"
"persona","p32_pueblos","Se autoidentifica con alguna nación pueblo indígena originario campesino o afroboliviano (agrupado según CTAI)","categorica","37","Paunaca"
"persona","p32_pueblos","Se autoidentifica con alguna nación pueblo indígena originario campesino o afroboliviano (agrupado según CTAI)","categorica","38","Puquina"
"persona","p32_pueblos","Se autoidentifica con alguna nación pueblo indígena originario campesino o afroboliviano (agrupado según CTAI)","categorica","39","Qhapaq Uma Suyu"
"persona","p32_pueblos","Se autoidentifica con alguna nación pueblo indígena originario campesino o afroboliviano (agrupado según CTAI)","categorica","40","Quechua"
"persona","p32_pueblos","Se autoidentifica con alguna nación pueblo indígena originario campesino o afroboliviano (agrupado según CTAI)","categorica","41","Qullas"
"persona","p32_pueblos","Se autoidentifica con alguna nación pueblo indígena originario campesino o afroboliviano (agrupado según CTAI)","categorica","42","Raqaypampa"
"persona","p32_pueblos","Se autoidentifica con alguna nación pueblo indígena originario campesino o afroboliviano (agrupado según CTAI)","categorica","43","Sirionó"
"persona","p32_pueblos","Se autoidentifica con alguna nación pueblo indígena originario campesino o afroboliviano (agrupado según CTAI)","categorica","44","Sora"
"persona","p32_pueblos","Se autoidentifica con alguna nación pueblo indígena originario campesino o afroboliviano (agrupado según CTAI)","categorica","45","Tacana"
"persona","p32_pueblos","Se autoidentifica con alguna nación pueblo indígena originario campesino o afroboliviano (agrupado según CTAI)","categorica","46","Tapiete"
"persona","p32_pueblos","Se autoidentifica con alguna nación pueblo indígena originario campesino o afroboliviano (agrupado según CTAI)","categorica","47","Toromona"
"persona","p32_pueblos","Se autoidentifica con alguna nación pueblo indígena originario campesino o afroboliviano (agrupado según CTAI)","categorica","48","Tsimane´"
"persona","p32_pueblos","Se autoidentifica con alguna nación pueblo indígena originario campesino o afroboliviano (agrupado según CTAI)","categorica","49","Uru-Chipaya"
"persona","p32_pueblos","Se autoidentifica con alguna nación pueblo indígena originario campesino o afroboliviano (agrupado según CTAI)","categorica","50","Weenhayek"
"persona","p32_pueblos","Se autoidentifica con alguna nación pueblo indígena originario campesino o afroboliviano (agrupado según CTAI)","categorica","51","Yaminawa"
"persona","p32_pueblos","Se autoidentifica con alguna nación pueblo indígena originario campesino o afroboliviano (agrupado según CTAI)","categorica","52","Yampara"
"persona","p32_pueblos","Se autoidentifica con alguna nación pueblo indígena originario campesino o afroboliviano (agrupado según CTAI)","categorica","53","Yuqui"
"persona","p32_pueblos","Se autoidentifica con alguna nación pueblo indígena originario campesino o afroboliviano (agrupado según CTAI)","categorica","54","Yurakaré"
"persona","p32_pueblos","Se autoidentifica con alguna nación pueblo indígena originario campesino o afroboliviano (agrupado según CTAI)","categorica","55","Quechua - Aymara"
"persona","p32_pueblos","Se autoidentifica con alguna nación pueblo indígena originario campesino o afroboliviano (agrupado según CTAI)","categorica","56","Más de una descripción"
"persona","p32_pueblos","Se autoidentifica con alguna nación pueblo indígena originario campesino o afroboliviano (agrupado según CTAI)","categorica","57","Otras declaraciones"
"persona","p32_pueblos","Se autoidentifica con alguna nación pueblo indígena originario campesino o afroboliviano (agrupado según CTAI)","categorica","58","Otros pueblos indígenas extranjeros"
"persona","p32_pueblos","Se autoidentifica con alguna nación pueblo indígena originario campesino o afroboliviano (agrupado según CTAI)","categorica","98","No se autoidentifica"
"persona","p32_pueblos","Se autoidentifica con alguna nación pueblo indígena originario campesino o afroboliviano (agrupado según CTAI)","categorica","99","Sin respuesta"
"persona","hulta","Hijos (as) nacidos el último año (mujeres de 12 o más años que declaran al menos un hijo nacido vivo)","categorica","1","Sí"
"persona","hulta","Hijos (as) nacidos el último año (mujeres de 12 o más años que declaran al menos un hijo nacido vivo)","categorica","2","No"
"persona","hulta","Hijos (as) nacidos el último año (mujeres de 12 o más años que declaran al menos un hijo nacido vivo)","categorica","97","Sin especificar"
"persona","p59_partocalif","Atención de último parto (en los últimos cinco años) por personal de salud calificado en MEF (residentes en el país que declararon hijos y en la pregunta)","categorica","1","Sí"
"persona","p59_partocalif","Atención de último parto (en los últimos cinco años) por personal de salud calificado en MEF (residentes en el país que declararon hijos y en la pregunta)","categorica","2","No"
"persona","p59_mef","Atención de último parto (en los últimos cinco años) en MEF (residentes en el país que declararon hijos)","categorica","1","Médica(o)"
"persona","p59_mef","Atención de último parto (en los últimos cinco años) en MEF (residentes en el país que declararon hijos)","categorica","2","Enfermera(o)"
"persona","p59_mef","Atención de último parto (en los últimos cinco años) en MEF (residentes en el país que declararon hijos)","categorica","3","Auxiliar de enfermería"
"persona","p59_mef","Atención de último parto (en los últimos cinco años) en MEF (residentes en el país que declararon hijos)","categorica","4","Partera(o)"
"persona","p59_mef","Atención de último parto (en los últimos cinco años) en MEF (residentes en el país que declararon hijos)","categorica","5","Atención conjunta (con medicina tradicional)"
"persona","p59_mef","Atención de último parto (en los últimos cinco años) en MEF (residentes en el país que declararon hijos)","categorica","6","Cónyuge o familiar"
"persona","p59_mef","Atención de último parto (en los últimos cinco años) en MEF (residentes en el país que declararon hijos)","categorica","7","Otra persona"
"persona","p59_mef","Atención de último parto (en los últimos cinco años) en MEF (residentes en el país que declararon hijos)","categorica","8","Usted misma"
"persona","p59_mef","Atención de último parto (en los últimos cinco años) en MEF (residentes en el país que declararon hijos)","categorica","9","Sin especificar"
"persona","dep_nac_cod","Departamento de nacimiento (nacidos en el país y que respondieron a la pregunta)","categorica","1","Chuquisaca"
"persona","dep_nac_cod","Departamento de nacimiento (nacidos en el país y que respondieron a la pregunta)","categorica","2","La Paz"
"persona","dep_nac_cod","Departamento de nacimiento (nacidos en el país y que respondieron a la pregunta)","categorica","3","Cochabamba"
"persona","dep_nac_cod","Departamento de nacimiento (nacidos en el país y que respondieron a la pregunta)","categorica","4","Oruro"
"persona","dep_nac_cod","Departamento de nacimiento (nacidos en el país y que respondieron a la pregunta)","categorica","5","Potosí"
"persona","dep_nac_cod","Departamento de nacimiento (nacidos en el país y que respondieron a la pregunta)","categorica","6","Tarija"
"persona","dep_nac_cod","Departamento de nacimiento (nacidos en el país y que respondieron a la pregunta)","categorica","7","Santa Cruz"
"persona","dep_nac_cod","Departamento de nacimiento (nacidos en el país y que respondieron a la pregunta)","categorica","8","Beni"
"persona","dep_nac_cod","Departamento de nacimiento (nacidos en el país y que respondieron a la pregunta)","categorica","9","Pando"
"persona","dep_nac_cod","Departamento de nacimiento (nacidos en el país y que respondieron a la pregunta)","categorica","99","Departamento sin especificar"
"persona","prov_nac_cod","Provincia de nacimiento (nacidos en el país y que respondieron a la pregunta)","categorica","101","Oropeza"
"persona","prov_nac_cod","Provincia de nacimiento (nacidos en el país y que respondieron a la pregunta)","categorica","102","Azurduy"
"persona","prov_nac_cod","Provincia de nacimiento (nacidos en el país y que respondieron a la pregunta)","categorica","103","Zudáñez"
"persona","prov_nac_cod","Provincia de nacimiento (nacidos en el país y que respondieron a la pregunta)","categorica","104","Tomina"
"persona","prov_nac_cod","Provincia de nacimiento (nacidos en el país y que respondieron a la pregunta)","categorica","105","Hernando Siles"
"persona","prov_nac_cod","Provincia de nacimiento (nacidos en el país y que respondieron a la pregunta)","categorica","106","Yamparáez"
"persona","prov_nac_cod","Provincia de nacimiento (nacidos en el país y que respondieron a la pregunta)","categorica","107","Nor Cinti"
"persona","prov_nac_cod","Provincia de nacimiento (nacidos en el país y que respondieron a la pregunta)","categorica","108","Belisario Boeto"
"persona","prov_nac_cod","Provincia de nacimiento (nacidos en el país y que respondieron a la pregunta)","categorica","109","Sud Cinti"
"persona","prov_nac_cod","Provincia de nacimiento (nacidos en el país y que respondieron a la pregunta)","categorica","110","Luis Calvo"
"persona","prov_nac_cod","Provincia de nacimiento (nacidos en el país y que respondieron a la pregunta)","categorica","199","Chuquisaca sin provincia especificada"
"persona","prov_nac_cod","Provincia de nacimiento (nacidos en el país y que respondieron a la pregunta)","categorica","201","Murillo"
"persona","prov_nac_cod","Provincia de nacimiento (nacidos en el país y que respondieron a la pregunta)","categorica","202","Omasuyos"
"persona","prov_nac_cod","Provincia de nacimiento (nacidos en el país y que respondieron a la pregunta)","categorica","203","Pacajes"
"persona","prov_nac_cod","Provincia de nacimiento (nacidos en el país y que respondieron a la pregunta)","categorica","204","Camacho"
"persona","prov_nac_cod","Provincia de nacimiento (nacidos en el país y que respondieron a la pregunta)","categorica","205","Muñecas"
"persona","prov_nac_cod","Provincia de nacimiento (nacidos en el país y que respondieron a la pregunta)","categorica","206","Larecaja"
"persona","prov_nac_cod","Provincia de nacimiento (nacidos en el país y que respondieron a la pregunta)","categorica","207","Franz Tamayo"
"persona","prov_nac_cod","Provincia de nacimiento (nacidos en el país y que respondieron a la pregunta)","categorica","208","Ingavi"
"persona","prov_nac_cod","Provincia de nacimiento (nacidos en el país y que respondieron a la pregunta)","categorica","209","Loayza"
"persona","prov_nac_cod","Provincia de nacimiento (nacidos en el país y que respondieron a la pregunta)","categorica","210","Inquisivi"
"persona","prov_nac_cod","Provincia de nacimiento (nacidos en el país y que respondieron a la pregunta)","categorica","211","Sur Yungas"
"persona","prov_nac_cod","Provincia de nacimiento (nacidos en el país y que respondieron a la pregunta)","categorica","212","Los Andes"
"persona","prov_nac_cod","Provincia de nacimiento (nacidos en el país y que respondieron a la pregunta)","categorica","213","Aroma"
"persona","prov_nac_cod","Provincia de nacimiento (nacidos en el país y que respondieron a la pregunta)","categorica","214","Nor Yungas"
"persona","prov_nac_cod","Provincia de nacimiento (nacidos en el país y que respondieron a la pregunta)","categorica","215","Abel Iturralde"
"persona","prov_nac_cod","Provincia de nacimiento (nacidos en el país y que respondieron a la pregunta)","categorica","216","Bautista Saavedra"
"persona","prov_nac_cod","Provincia de nacimiento (nacidos en el país y que respondieron a la pregunta)","categorica","217","Manco Kapac"
"persona","prov_nac_cod","Provincia de nacimiento (nacidos en el país y que respondieron a la pregunta)","categorica","218","Gualberto Villarroel"
"persona","prov_nac_cod","Provincia de nacimiento (nacidos en el país y que respondieron a la pregunta)","categorica","219","General José Manuel Pando"
"persona","prov_nac_cod","Provincia de nacimiento (nacidos en el país y que respondieron a la pregunta)","categorica","220","Caranavi"
"persona","prov_nac_cod","Provincia de nacimiento (nacidos en el país y que respondieron a la pregunta)","categorica","299","La Paz sin provincia especificada"
"persona","prov_nac_cod","Provincia de nacimiento (nacidos en el país y que respondieron a la pregunta)","categorica","301","Cercado"
"persona","prov_nac_cod","Provincia de nacimiento (nacidos en el país y que respondieron a la pregunta)","categorica","302","Campero"
"persona","prov_nac_cod","Provincia de nacimiento (nacidos en el país y que respondieron a la pregunta)","categorica","303","Ayopaya"
"persona","prov_nac_cod","Provincia de nacimiento (nacidos en el país y que respondieron a la pregunta)","categorica","304","Esteban Arze"
"persona","prov_nac_cod","Provincia de nacimiento (nacidos en el país y que respondieron a la pregunta)","categorica","305","Arani"
"persona","prov_nac_cod","Provincia de nacimiento (nacidos en el país y que respondieron a la pregunta)","categorica","306","Arque"
"persona","prov_nac_cod","Provincia de nacimiento (nacidos en el país y que respondieron a la pregunta)","categorica","307","Capinota"
"persona","prov_nac_cod","Provincia de nacimiento (nacidos en el país y que respondieron a la pregunta)","categorica","308","Germán Jordán"
"persona","prov_nac_cod","Provincia de nacimiento (nacidos en el país y que respondieron a la pregunta)","categorica","309","Quillacollo"
"persona","prov_nac_cod","Provincia de nacimiento (nacidos en el país y que respondieron a la pregunta)","categorica","310","Chapare"
"persona","prov_nac_cod","Provincia de nacimiento (nacidos en el país y que respondieron a la pregunta)","categorica","311","Tapacarí"
"persona","prov_nac_cod","Provincia de nacimiento (nacidos en el país y que respondieron a la pregunta)","categorica","312","Carrasco"
"persona","prov_nac_cod","Provincia de nacimiento (nacidos en el país y que respondieron a la pregunta)","categorica","313","Mizque"
"persona","prov_nac_cod","Provincia de nacimiento (nacidos en el país y que respondieron a la pregunta)","categorica","314","Punata"
"persona","prov_nac_cod","Provincia de nacimiento (nacidos en el país y que respondieron a la pregunta)","categorica","315","Bolívar"
"persona","prov_nac_cod","Provincia de nacimiento (nacidos en el país y que respondieron a la pregunta)","categorica","316","Tiraque"
"persona","prov_nac_cod","Provincia de nacimiento (nacidos en el país y que respondieron a la pregunta)","categorica","399","Cochabamba sin provincia especificada"
"persona","prov_nac_cod","Provincia de nacimiento (nacidos en el país y que respondieron a la pregunta)","categorica","401","Cercado"
"persona","prov_nac_cod","Provincia de nacimiento (nacidos en el país y que respondieron a la pregunta)","categorica","402","Abaroa"
"persona","prov_nac_cod","Provincia de nacimiento (nacidos en el país y que respondieron a la pregunta)","categorica","403","Carangas"
"persona","prov_nac_cod","Provincia de nacimiento (nacidos en el país y que respondieron a la pregunta)","categorica","404","Sajama"
"persona","prov_nac_cod","Provincia de nacimiento (nacidos en el país y que respondieron a la pregunta)","categorica","405","Litoral"
"persona","prov_nac_cod","Provincia de nacimiento (nacidos en el país y que respondieron a la pregunta)","categorica","406","Poopó"
"persona","prov_nac_cod","Provincia de nacimiento (nacidos en el país y que respondieron a la pregunta)","categorica","407","Pantaleón Dalence"
"persona","prov_nac_cod","Provincia de nacimiento (nacidos en el país y que respondieron a la pregunta)","categorica","408","Ladislao Cabrera"
"persona","prov_nac_cod","Provincia de nacimiento (nacidos en el país y que respondieron a la pregunta)","categorica","409","Sabaya"
"persona","prov_nac_cod","Provincia de nacimiento (nacidos en el país y que respondieron a la pregunta)","categorica","410","Saucarí"
"persona","prov_nac_cod","Provincia de nacimiento (nacidos en el país y que respondieron a la pregunta)","categorica","411","Tomás Barrón"
"persona","prov_nac_cod","Provincia de nacimiento (nacidos en el país y que respondieron a la pregunta)","categorica","412","Sur Carangas"
"persona","prov_nac_cod","Provincia de nacimiento (nacidos en el país y que respondieron a la pregunta)","categorica","413","San Pedro de Totora"
"persona","prov_nac_cod","Provincia de nacimiento (nacidos en el país y que respondieron a la pregunta)","categorica","414","Sebastián Pagador"
"persona","prov_nac_cod","Provincia de nacimiento (nacidos en el país y que respondieron a la pregunta)","categorica","415","Mejillones"
"persona","prov_nac_cod","Provincia de nacimiento (nacidos en el país y que respondieron a la pregunta)","categorica","416","Nor Carangas"
"persona","prov_nac_cod","Provincia de nacimiento (nacidos en el país y que respondieron a la pregunta)","categorica","499","Oruro sin provincia especificada"
"persona","prov_nac_cod","Provincia de nacimiento (nacidos en el país y que respondieron a la pregunta)","categorica","501","Tomás Frías"
"persona","prov_nac_cod","Provincia de nacimiento (nacidos en el país y que respondieron a la pregunta)","categorica","502","Rafael Bustillo"
"persona","prov_nac_cod","Provincia de nacimiento (nacidos en el país y que respondieron a la pregunta)","categorica","503","Cornelio Saavedra"
"persona","prov_nac_cod","Provincia de nacimiento (nacidos en el país y que respondieron a la pregunta)","categorica","504","Chayanta"
"persona","prov_nac_cod","Provincia de nacimiento (nacidos en el país y que respondieron a la pregunta)","categorica","505","Charcas"
"persona","prov_nac_cod","Provincia de nacimiento (nacidos en el país y que respondieron a la pregunta)","categorica","506","Nor Chichas"
"persona","prov_nac_cod","Provincia de nacimiento (nacidos en el país y que respondieron a la pregunta)","categorica","507","Alonso de Ibáñez"
"persona","prov_nac_cod","Provincia de nacimiento (nacidos en el país y que respondieron a la pregunta)","categorica","508","Sur Chichas"
"persona","prov_nac_cod","Provincia de nacimiento (nacidos en el país y que respondieron a la pregunta)","categorica","509","Nor Lípez"
"persona","prov_nac_cod","Provincia de nacimiento (nacidos en el país y que respondieron a la pregunta)","categorica","510","Sur Lípez"
"persona","prov_nac_cod","Provincia de nacimiento (nacidos en el país y que respondieron a la pregunta)","categorica","511","José María Linares"
"persona","prov_nac_cod","Provincia de nacimiento (nacidos en el país y que respondieron a la pregunta)","categorica","512","Antonio Quijarro"
"persona","prov_nac_cod","Provincia de nacimiento (nacidos en el país y que respondieron a la pregunta)","categorica","513","General Bernardino Bilbao"
"persona","prov_nac_cod","Provincia de nacimiento (nacidos en el país y que respondieron a la pregunta)","categorica","514","Daniel Campos"
"persona","prov_nac_cod","Provincia de nacimiento (nacidos en el país y que respondieron a la pregunta)","categorica","515","Modesto Omiste"
"persona","prov_nac_cod","Provincia de nacimiento (nacidos en el país y que respondieron a la pregunta)","categorica","516","Enrique Baldivieso"
"persona","prov_nac_cod","Provincia de nacimiento (nacidos en el país y que respondieron a la pregunta)","categorica","599","Potosí sin provincia especificada"
"persona","prov_nac_cod","Provincia de nacimiento (nacidos en el país y que respondieron a la pregunta)","categorica","601","Cercado"
"persona","prov_nac_cod","Provincia de nacimiento (nacidos en el país y que respondieron a la pregunta)","categorica","602","Arce"
"persona","prov_nac_cod","Provincia de nacimiento (nacidos en el país y que respondieron a la pregunta)","categorica","603","Gran Chaco"
"persona","prov_nac_cod","Provincia de nacimiento (nacidos en el país y que respondieron a la pregunta)","categorica","604","Avilez"
"persona","prov_nac_cod","Provincia de nacimiento (nacidos en el país y que respondieron a la pregunta)","categorica","605","Méndez"
"persona","prov_nac_cod","Provincia de nacimiento (nacidos en el país y que respondieron a la pregunta)","categorica","606","O'Connor"
"persona","prov_nac_cod","Provincia de nacimiento (nacidos en el país y que respondieron a la pregunta)","categorica","699","Tarija sin provincia especificada"
"persona","prov_nac_cod","Provincia de nacimiento (nacidos en el país y que respondieron a la pregunta)","categorica","701","Andrés Ibáñez"
"persona","prov_nac_cod","Provincia de nacimiento (nacidos en el país y que respondieron a la pregunta)","categorica","702","Warnes"
"persona","prov_nac_cod","Provincia de nacimiento (nacidos en el país y que respondieron a la pregunta)","categorica","703","Velasco"
"persona","prov_nac_cod","Provincia de nacimiento (nacidos en el país y que respondieron a la pregunta)","categorica","704","Ichilo"
"persona","prov_nac_cod","Provincia de nacimiento (nacidos en el país y que respondieron a la pregunta)","categorica","705","Chiquitos"
"persona","prov_nac_cod","Provincia de nacimiento (nacidos en el país y que respondieron a la pregunta)","categorica","706","Sara"
"persona","prov_nac_cod","Provincia de nacimiento (nacidos en el país y que respondieron a la pregunta)","categorica","707","Cordillera"
"persona","prov_nac_cod","Provincia de nacimiento (nacidos en el país y que respondieron a la pregunta)","categorica","708","Valle Grande"
"persona","prov_nac_cod","Provincia de nacimiento (nacidos en el país y que respondieron a la pregunta)","categorica","709","Florida"
"persona","prov_nac_cod","Provincia de nacimiento (nacidos en el país y que respondieron a la pregunta)","categorica","710","Obispo Santisteban"
"persona","prov_nac_cod","Provincia de nacimiento (nacidos en el país y que respondieron a la pregunta)","categorica","711","Ñuflo de Chávez"
"persona","prov_nac_cod","Provincia de nacimiento (nacidos en el país y que respondieron a la pregunta)","categorica","712","Ángel Sandoval"
"persona","prov_nac_cod","Provincia de nacimiento (nacidos en el país y que respondieron a la pregunta)","categorica","713","Manuel María Caballero"
"persona","prov_nac_cod","Provincia de nacimiento (nacidos en el país y que respondieron a la pregunta)","categorica","714","Germán Busch"
"persona","prov_nac_cod","Provincia de nacimiento (nacidos en el país y que respondieron a la pregunta)","categorica","715","Guarayos"
"persona","prov_nac_cod","Provincia de nacimiento (nacidos en el país y que respondieron a la pregunta)","categorica","799","Santa Cruz sin provincia especificada"
"persona","prov_nac_cod","Provincia de nacimiento (nacidos en el país y que respondieron a la pregunta)","categorica","801","Cercado"
"persona","prov_nac_cod","Provincia de nacimiento (nacidos en el país y que respondieron a la pregunta)","categorica","802","Vaca Diez"
"persona","prov_nac_cod","Provincia de nacimiento (nacidos en el país y que respondieron a la pregunta)","categorica","803","General José Ballivián"
"persona","prov_nac_cod","Provincia de nacimiento (nacidos en el país y que respondieron a la pregunta)","categorica","804","Yacuma"
"persona","prov_nac_cod","Provincia de nacimiento (nacidos en el país y que respondieron a la pregunta)","categorica","805","Moxos"
"persona","prov_nac_cod","Provincia de nacimiento (nacidos en el país y que respondieron a la pregunta)","categorica","806","Marbán"
"persona","prov_nac_cod","Provincia de nacimiento (nacidos en el país y que respondieron a la pregunta)","categorica","807","Mamoré"
"persona","prov_nac_cod","Provincia de nacimiento (nacidos en el país y que respondieron a la pregunta)","categorica","808","Iténez"
"persona","prov_nac_cod","Provincia de nacimiento (nacidos en el país y que respondieron a la pregunta)","categorica","809","Territorio Indígena Multiétnico"
"persona","prov_nac_cod","Provincia de nacimiento (nacidos en el país y que respondieron a la pregunta)","categorica","899","Beni sin provincia especificada"
"persona","prov_nac_cod","Provincia de nacimiento (nacidos en el país y que respondieron a la pregunta)","categorica","901","Nicolás Suárez"
"persona","prov_nac_cod","Provincia de nacimiento (nacidos en el país y que respondieron a la pregunta)","categorica","902","Manuripi"
"persona","prov_nac_cod","Provincia de nacimiento (nacidos en el país y que respondieron a la pregunta)","categorica","903","Madre de Dios"
"persona","prov_nac_cod","Provincia de nacimiento (nacidos en el país y que respondieron a la pregunta)","categorica","904","Abuná"
"persona","prov_nac_cod","Provincia de nacimiento (nacidos en el país y que respondieron a la pregunta)","categorica","905","Federico Román"
"persona","prov_nac_cod","Provincia de nacimiento (nacidos en el país y que respondieron a la pregunta)","categorica","999","Pando sin provincia especificada"
"persona","prov_nac_cod","Provincia de nacimiento (nacidos en el país y que respondieron a la pregunta)","categorica","9999","Sin especificar"
"persona","mun_nac_cod","Municipio de nacimiento (nacidos en el país y que respondieron a la pregunta)","categorica","10101","Sucre"
"persona","mun_nac_cod","Municipio de nacimiento (nacidos en el país y que respondieron a la pregunta)","categorica","10102","Yotala"
"persona","mun_nac_cod","Municipio de nacimiento (nacidos en el país y que respondieron a la pregunta)","categorica","10103","Poroma"
"persona","mun_nac_cod","Municipio de nacimiento (nacidos en el país y que respondieron a la pregunta)","categorica","10199","Oropeza sin municipio especificado"
"persona","mun_nac_cod","Municipio de nacimiento (nacidos en el país y que respondieron a la pregunta)","categorica","10201","Azurduy"
"persona","mun_nac_cod","Municipio de nacimiento (nacidos en el país y que respondieron a la pregunta)","categorica","10202","Tarvita"
"persona","mun_nac_cod","Municipio de nacimiento (nacidos en el país y que respondieron a la pregunta)","categorica","10299","Azurduy sin municipio especificado"
"persona","mun_nac_cod","Municipio de nacimiento (nacidos en el país y que respondieron a la pregunta)","categorica","10301","Zudáñez"
"persona","mun_nac_cod","Municipio de nacimiento (nacidos en el país y que respondieron a la pregunta)","categorica","10302","Presto"
"persona","mun_nac_cod","Municipio de nacimiento (nacidos en el país y que respondieron a la pregunta)","categorica","10303","Mojocoya"
"persona","mun_nac_cod","Municipio de nacimiento (nacidos en el país y que respondieron a la pregunta)","categorica","10304","Icla"
"persona","mun_nac_cod","Municipio de nacimiento (nacidos en el país y que respondieron a la pregunta)","categorica","10399","Zudáñez sin municipio especificado"
"persona","mun_nac_cod","Municipio de nacimiento (nacidos en el país y que respondieron a la pregunta)","categorica","10401","Padilla"
"persona","mun_nac_cod","Municipio de nacimiento (nacidos en el país y que respondieron a la pregunta)","categorica","10402","Tomina"
"persona","mun_nac_cod","Municipio de nacimiento (nacidos en el país y que respondieron a la pregunta)","categorica","10403","Sopachuy"
"persona","mun_nac_cod","Municipio de nacimiento (nacidos en el país y que respondieron a la pregunta)","categorica","10404","Alcalá"
"persona","mun_nac_cod","Municipio de nacimiento (nacidos en el país y que respondieron a la pregunta)","categorica","10405","El Villar"
"persona","mun_nac_cod","Municipio de nacimiento (nacidos en el país y que respondieron a la pregunta)","categorica","10499","Tomina sin municipio especificado"
"persona","mun_nac_cod","Municipio de nacimiento (nacidos en el país y que respondieron a la pregunta)","categorica","10501","Monteagudo"
"persona","mun_nac_cod","Municipio de nacimiento (nacidos en el país y que respondieron a la pregunta)","categorica","10502","Huacareta"
"persona","mun_nac_cod","Municipio de nacimiento (nacidos en el país y que respondieron a la pregunta)","categorica","10599","Hernando Siles sin municipio especificado"
"persona","mun_nac_cod","Municipio de nacimiento (nacidos en el país y que respondieron a la pregunta)","categorica","10601","Tarabuco"
"persona","mun_nac_cod","Municipio de nacimiento (nacidos en el país y que respondieron a la pregunta)","categorica","10602","Yamparáez"
"persona","mun_nac_cod","Municipio de nacimiento (nacidos en el país y que respondieron a la pregunta)","categorica","10699","Yamparáez sin municipio especificado"
"persona","mun_nac_cod","Municipio de nacimiento (nacidos en el país y que respondieron a la pregunta)","categorica","10701","Camargo"
"persona","mun_nac_cod","Municipio de nacimiento (nacidos en el país y que respondieron a la pregunta)","categorica","10702","San Lucas"
"persona","mun_nac_cod","Municipio de nacimiento (nacidos en el país y que respondieron a la pregunta)","categorica","10703","Incahuasi"
"persona","mun_nac_cod","Municipio de nacimiento (nacidos en el país y que respondieron a la pregunta)","categorica","10704","Villa Charcas"
"persona","mun_nac_cod","Municipio de nacimiento (nacidos en el país y que respondieron a la pregunta)","categorica","10799","Nor Cinti sin municipio especificado"
"persona","mun_nac_cod","Municipio de nacimiento (nacidos en el país y que respondieron a la pregunta)","categorica","10801","Villa Serrano"
"persona","mun_nac_cod","Municipio de nacimiento (nacidos en el país y que respondieron a la pregunta)","categorica","10899","Belisario Boeto sin municipio especificado"
"persona","mun_nac_cod","Municipio de nacimiento (nacidos en el país y que respondieron a la pregunta)","categorica","10901","Villa Abecia"
"persona","mun_nac_cod","Municipio de nacimiento (nacidos en el país y que respondieron a la pregunta)","categorica","10902","Culpina"
"persona","mun_nac_cod","Municipio de nacimiento (nacidos en el país y que respondieron a la pregunta)","categorica","10903","Las Carreras"
"persona","mun_nac_cod","Municipio de nacimiento (nacidos en el país y que respondieron a la pregunta)","categorica","10999","Sud Cinti sin municipio especificado"
"persona","mun_nac_cod","Municipio de nacimiento (nacidos en el país y que respondieron a la pregunta)","categorica","11001","Villa Vaca Guzmán"
"persona","mun_nac_cod","Municipio de nacimiento (nacidos en el país y que respondieron a la pregunta)","categorica","11002","Huacaya (Autonomía Guaraní Chaqueño de Huacaya)"
"persona","mun_nac_cod","Municipio de nacimiento (nacidos en el país y que respondieron a la pregunta)","categorica","11003","Macharetí"
"persona","mun_nac_cod","Municipio de nacimiento (nacidos en el país y que respondieron a la pregunta)","categorica","11099","Luis Calvo sin municipio especificado"
"persona","mun_nac_cod","Municipio de nacimiento (nacidos en el país y que respondieron a la pregunta)","categorica","19999","Chuquisaca sin provincia y municipio especificado"
"persona","mun_nac_cod","Municipio de nacimiento (nacidos en el país y que respondieron a la pregunta)","categorica","20101","Nuestra Señora de La Paz"
"persona","mun_nac_cod","Municipio de nacimiento (nacidos en el país y que respondieron a la pregunta)","categorica","20102","Palca"
"persona","mun_nac_cod","Municipio de nacimiento (nacidos en el país y que respondieron a la pregunta)","categorica","20103","Mecapaca"
"persona","mun_nac_cod","Municipio de nacimiento (nacidos en el país y que respondieron a la pregunta)","categorica","20104","Achocalla"
"persona","mun_nac_cod","Municipio de nacimiento (nacidos en el país y que respondieron a la pregunta)","categorica","20105","El Alto"
"persona","mun_nac_cod","Municipio de nacimiento (nacidos en el país y que respondieron a la pregunta)","categorica","20199","Murillo sin municipio especificado"
"persona","mun_nac_cod","Municipio de nacimiento (nacidos en el país y que respondieron a la pregunta)","categorica","20201","Achacachi"
"persona","mun_nac_cod","Municipio de nacimiento (nacidos en el país y que respondieron a la pregunta)","categorica","20202","Villa Ancoraimes"
"persona","mun_nac_cod","Municipio de nacimiento (nacidos en el país y que respondieron a la pregunta)","categorica","20203","Huarina"
"persona","mun_nac_cod","Municipio de nacimiento (nacidos en el país y que respondieron a la pregunta)","categorica","20204","Santiago de Huata"
"persona","mun_nac_cod","Municipio de nacimiento (nacidos en el país y que respondieron a la pregunta)","categorica","20205","Huatajata"
"persona","mun_nac_cod","Municipio de nacimiento (nacidos en el país y que respondieron a la pregunta)","categorica","20206","Chua Cocani"
"persona","mun_nac_cod","Municipio de nacimiento (nacidos en el país y que respondieron a la pregunta)","categorica","20299","Omasuyos sin municipio especificado"
"persona","mun_nac_cod","Municipio de nacimiento (nacidos en el país y que respondieron a la pregunta)","categorica","20301","Corocoro"
"persona","mun_nac_cod","Municipio de nacimiento (nacidos en el país y que respondieron a la pregunta)","categorica","20302","Caquiaviri"
"persona","mun_nac_cod","Municipio de nacimiento (nacidos en el país y que respondieron a la pregunta)","categorica","20303","Calacoto"
"persona","mun_nac_cod","Municipio de nacimiento (nacidos en el país y que respondieron a la pregunta)","categorica","20304","Comanche"
"persona","mun_nac_cod","Municipio de nacimiento (nacidos en el país y que respondieron a la pregunta)","categorica","20305","Charaña"
"persona","mun_nac_cod","Municipio de nacimiento (nacidos en el país y que respondieron a la pregunta)","categorica","20306","Waldo Ballivián"
"persona","mun_nac_cod","Municipio de nacimiento (nacidos en el país y que respondieron a la pregunta)","categorica","20307","Nazacara de Pacajes"
"persona","mun_nac_cod","Municipio de nacimiento (nacidos en el país y que respondieron a la pregunta)","categorica","20308","Santiago de Callapa"
"persona","mun_nac_cod","Municipio de nacimiento (nacidos en el país y que respondieron a la pregunta)","categorica","20399","Pacajes sin municipio especificado"
"persona","mun_nac_cod","Municipio de nacimiento (nacidos en el país y que respondieron a la pregunta)","categorica","20401","Puerto Acosta"
"persona","mun_nac_cod","Municipio de nacimiento (nacidos en el país y que respondieron a la pregunta)","categorica","20402","Mocomoco"
"persona","mun_nac_cod","Municipio de nacimiento (nacidos en el país y que respondieron a la pregunta)","categorica","20403","Puerto Mayor de Carabuco"
"persona","mun_nac_cod","Municipio de nacimiento (nacidos en el país y que respondieron a la pregunta)","categorica","20404","Humanata"
"persona","mun_nac_cod","Municipio de nacimiento (nacidos en el país y que respondieron a la pregunta)","categorica","20405","Escoma"
"persona","mun_nac_cod","Municipio de nacimiento (nacidos en el país y que respondieron a la pregunta)","categorica","20499","Camacho sin municipio especificado"
"persona","mun_nac_cod","Municipio de nacimiento (nacidos en el país y que respondieron a la pregunta)","categorica","20501","Chuma"
"persona","mun_nac_cod","Municipio de nacimiento (nacidos en el país y que respondieron a la pregunta)","categorica","20502","Ayata"
"persona","mun_nac_cod","Municipio de nacimiento (nacidos en el país y que respondieron a la pregunta)","categorica","20503","Aucapata"
"persona","mun_nac_cod","Municipio de nacimiento (nacidos en el país y que respondieron a la pregunta)","categorica","20599","Muñecas sin municipio especificado"
"persona","mun_nac_cod","Municipio de nacimiento (nacidos en el país y que respondieron a la pregunta)","categorica","20601","Sorata"
"persona","mun_nac_cod","Municipio de nacimiento (nacidos en el país y que respondieron a la pregunta)","categorica","20602","Guanay"
"persona","mun_nac_cod","Municipio de nacimiento (nacidos en el país y que respondieron a la pregunta)","categorica","20603","Tacacoma"
"persona","mun_nac_cod","Municipio de nacimiento (nacidos en el país y que respondieron a la pregunta)","categorica","20604","Quiabaya"
"persona","mun_nac_cod","Municipio de nacimiento (nacidos en el país y que respondieron a la pregunta)","categorica","20605","Combaya"
"persona","mun_nac_cod","Municipio de nacimiento (nacidos en el país y que respondieron a la pregunta)","categorica","20606","Tipuani"
"persona","mun_nac_cod","Municipio de nacimiento (nacidos en el país y que respondieron a la pregunta)","categorica","20607","Mapiri"
"persona","mun_nac_cod","Municipio de nacimiento (nacidos en el país y que respondieron a la pregunta)","categorica","20608","Teoponte"
"persona","mun_nac_cod","Municipio de nacimiento (nacidos en el país y que respondieron a la pregunta)","categorica","20699","Larecaja sin municipio especificado"
"persona","mun_nac_cod","Municipio de nacimiento (nacidos en el país y que respondieron a la pregunta)","categorica","20701","Apolo"
"persona","mun_nac_cod","Municipio de nacimiento (nacidos en el país y que respondieron a la pregunta)","categorica","20702","Pelechuco"
"persona","mun_nac_cod","Municipio de nacimiento (nacidos en el país y que respondieron a la pregunta)","categorica","20799","Franz Tamayo sin municipio especificado"
"persona","mun_nac_cod","Municipio de nacimiento (nacidos en el país y que respondieron a la pregunta)","categorica","20801","Viacha"
"persona","mun_nac_cod","Municipio de nacimiento (nacidos en el país y que respondieron a la pregunta)","categorica","20802","Puerto Mayor de Guaqui"
"persona","mun_nac_cod","Municipio de nacimiento (nacidos en el país y que respondieron a la pregunta)","categorica","20803","Tiahuanacu"
"persona","mun_nac_cod","Municipio de nacimiento (nacidos en el país y que respondieron a la pregunta)","categorica","20804","Desaguadero"
"persona","mun_nac_cod","Municipio de nacimiento (nacidos en el país y que respondieron a la pregunta)","categorica","20805","La (Marka) San Andrés de Machaca"
"persona","mun_nac_cod","Municipio de nacimiento (nacidos en el país y que respondieron a la pregunta)","categorica","20806","Jesús de Machaka"
"persona","mun_nac_cod","Municipio de nacimiento (nacidos en el país y que respondieron a la pregunta)","categorica","20807","Taraco"
"persona","mun_nac_cod","Municipio de nacimiento (nacidos en el país y que respondieron a la pregunta)","categorica","20899","Ingavi sin municipio especificado"
"persona","mun_nac_cod","Municipio de nacimiento (nacidos en el país y que respondieron a la pregunta)","categorica","20901","Luribay"
"persona","mun_nac_cod","Municipio de nacimiento (nacidos en el país y que respondieron a la pregunta)","categorica","20902","Sapahaqui"
"persona","mun_nac_cod","Municipio de nacimiento (nacidos en el país y que respondieron a la pregunta)","categorica","20903","Yaco"
"persona","mun_nac_cod","Municipio de nacimiento (nacidos en el país y que respondieron a la pregunta)","categorica","20904","Malla"
"persona","mun_nac_cod","Municipio de nacimiento (nacidos en el país y que respondieron a la pregunta)","categorica","20905","Cairoma"
"persona","mun_nac_cod","Municipio de nacimiento (nacidos en el país y que respondieron a la pregunta)","categorica","20999","Loayza sin municipio especificado"
"persona","mun_nac_cod","Municipio de nacimiento (nacidos en el país y que respondieron a la pregunta)","categorica","21001","Inquisivi"
"persona","mun_nac_cod","Municipio de nacimiento (nacidos en el país y que respondieron a la pregunta)","categorica","21002","Quime"
"persona","mun_nac_cod","Municipio de nacimiento (nacidos en el país y que respondieron a la pregunta)","categorica","21003","Cajuata"
"persona","mun_nac_cod","Municipio de nacimiento (nacidos en el país y que respondieron a la pregunta)","categorica","21004","Colquiri"
"persona","mun_nac_cod","Municipio de nacimiento (nacidos en el país y que respondieron a la pregunta)","categorica","21005","Ichoca"
"persona","mun_nac_cod","Municipio de nacimiento (nacidos en el país y que respondieron a la pregunta)","categorica","21006","Villa Libertad Licoma"
"persona","mun_nac_cod","Municipio de nacimiento (nacidos en el país y que respondieron a la pregunta)","categorica","21099","Inquisivi sin municipio especificado"
"persona","mun_nac_cod","Municipio de nacimiento (nacidos en el país y que respondieron a la pregunta)","categorica","21101","Chulumani"
"persona","mun_nac_cod","Municipio de nacimiento (nacidos en el país y que respondieron a la pregunta)","categorica","21102","Irupana"
"persona","mun_nac_cod","Municipio de nacimiento (nacidos en el país y que respondieron a la pregunta)","categorica","21103","Yanacachi"
"persona","mun_nac_cod","Municipio de nacimiento (nacidos en el país y que respondieron a la pregunta)","categorica","21104","Palos Blancos"
"persona","mun_nac_cod","Municipio de nacimiento (nacidos en el país y que respondieron a la pregunta)","categorica","21105","La Asunta"
"persona","mun_nac_cod","Municipio de nacimiento (nacidos en el país y que respondieron a la pregunta)","categorica","21199","Sur Yungas sin municipio especificado"
"persona","mun_nac_cod","Municipio de nacimiento (nacidos en el país y que respondieron a la pregunta)","categorica","21201","Pucarani"
"persona","mun_nac_cod","Municipio de nacimiento (nacidos en el país y que respondieron a la pregunta)","categorica","21202","Laja"
"persona","mun_nac_cod","Municipio de nacimiento (nacidos en el país y que respondieron a la pregunta)","categorica","21203","Batallas"
"persona","mun_nac_cod","Municipio de nacimiento (nacidos en el país y que respondieron a la pregunta)","categorica","21204","Puerto Pérez"
"persona","mun_nac_cod","Municipio de nacimiento (nacidos en el país y que respondieron a la pregunta)","categorica","21299","Los Andes sin municipio especificado"
"persona","mun_nac_cod","Municipio de nacimiento (nacidos en el país y que respondieron a la pregunta)","categorica","21301","Sicasica"
"persona","mun_nac_cod","Municipio de nacimiento (nacidos en el país y que respondieron a la pregunta)","categorica","21302","Umala"
"persona","mun_nac_cod","Municipio de nacimiento (nacidos en el país y que respondieron a la pregunta)","categorica","21303","Ayo Ayo"
"persona","mun_nac_cod","Municipio de nacimiento (nacidos en el país y que respondieron a la pregunta)","categorica","21304","Calamarca"
"persona","mun_nac_cod","Municipio de nacimiento (nacidos en el país y que respondieron a la pregunta)","categorica","21305","Patacamaya"
"persona","mun_nac_cod","Municipio de nacimiento (nacidos en el país y que respondieron a la pregunta)","categorica","21306","Colquencha"
"persona","mun_nac_cod","Municipio de nacimiento (nacidos en el país y que respondieron a la pregunta)","categorica","21307","Collana"
"persona","mun_nac_cod","Municipio de nacimiento (nacidos en el país y que respondieron a la pregunta)","categorica","21399","Aroma sin municipio especificado"
"persona","mun_nac_cod","Municipio de nacimiento (nacidos en el país y que respondieron a la pregunta)","categorica","21401","Coroico"
"persona","mun_nac_cod","Municipio de nacimiento (nacidos en el país y que respondieron a la pregunta)","categorica","21402","Coripata"
"persona","mun_nac_cod","Municipio de nacimiento (nacidos en el país y que respondieron a la pregunta)","categorica","21499","Nor Yungas sin municipio especificado"
"persona","mun_nac_cod","Municipio de nacimiento (nacidos en el país y que respondieron a la pregunta)","categorica","21501","Ixiamas"
"persona","mun_nac_cod","Municipio de nacimiento (nacidos en el país y que respondieron a la pregunta)","categorica","21502","San Buenaventura"
"persona","mun_nac_cod","Municipio de nacimiento (nacidos en el país y que respondieron a la pregunta)","categorica","21599","Abel Iturralde sin municipio especificado"
"persona","mun_nac_cod","Municipio de nacimiento (nacidos en el país y que respondieron a la pregunta)","categorica","21601","Charazani"
"persona","mun_nac_cod","Municipio de nacimiento (nacidos en el país y que respondieron a la pregunta)","categorica","21602","Curva"
"persona","mun_nac_cod","Municipio de nacimiento (nacidos en el país y que respondieron a la pregunta)","categorica","21699","Bautista Saavedra sin municipio especificado"
"persona","mun_nac_cod","Municipio de nacimiento (nacidos en el país y que respondieron a la pregunta)","categorica","21701","Copacabana"
"persona","mun_nac_cod","Municipio de nacimiento (nacidos en el país y que respondieron a la pregunta)","categorica","21702","San Pedro de Tiquina"
"persona","mun_nac_cod","Municipio de nacimiento (nacidos en el país y que respondieron a la pregunta)","categorica","21703","Tito Yupanqui"
"persona","mun_nac_cod","Municipio de nacimiento (nacidos en el país y que respondieron a la pregunta)","categorica","21799","Manco Kapac sin municipio especificado"
"persona","mun_nac_cod","Municipio de nacimiento (nacidos en el país y que respondieron a la pregunta)","categorica","21801","San Pedro de Curahuara"
"persona","mun_nac_cod","Municipio de nacimiento (nacidos en el país y que respondieron a la pregunta)","categorica","21802","Papel Pampa"
"persona","mun_nac_cod","Municipio de nacimiento (nacidos en el país y que respondieron a la pregunta)","categorica","21803","Chacarilla"
"persona","mun_nac_cod","Municipio de nacimiento (nacidos en el país y que respondieron a la pregunta)","categorica","21899","Gualberto Villarroel sin municipio especificado"
"persona","mun_nac_cod","Municipio de nacimiento (nacidos en el país y que respondieron a la pregunta)","categorica","21901","Santiago de Machaca"
"persona","mun_nac_cod","Municipio de nacimiento (nacidos en el país y que respondieron a la pregunta)","categorica","21902","Catacora"
"persona","mun_nac_cod","Municipio de nacimiento (nacidos en el país y que respondieron a la pregunta)","categorica","21999","General José Manuel sin municipio especificado"
"persona","mun_nac_cod","Municipio de nacimiento (nacidos en el país y que respondieron a la pregunta)","categorica","22001","Caranavi"
"persona","mun_nac_cod","Municipio de nacimiento (nacidos en el país y que respondieron a la pregunta)","categorica","22002","Alto Beni"
"persona","mun_nac_cod","Municipio de nacimiento (nacidos en el país y que respondieron a la pregunta)","categorica","22099","Caranavi sin municipio especificado"
"persona","mun_nac_cod","Municipio de nacimiento (nacidos en el país y que respondieron a la pregunta)","categorica","29999","La Paz sin provincia y municipio especificado"
"persona","mun_nac_cod","Municipio de nacimiento (nacidos en el país y que respondieron a la pregunta)","categorica","30101","Cochabamba"
"persona","mun_nac_cod","Municipio de nacimiento (nacidos en el país y que respondieron a la pregunta)","categorica","30199","Cercado sin municipio especificado"
"persona","mun_nac_cod","Municipio de nacimiento (nacidos en el país y que respondieron a la pregunta)","categorica","30201","Aiquile"
"persona","mun_nac_cod","Municipio de nacimiento (nacidos en el país y que respondieron a la pregunta)","categorica","30202","Pasorapa"
"persona","mun_nac_cod","Municipio de nacimiento (nacidos en el país y que respondieron a la pregunta)","categorica","30203","Omereque"
"persona","mun_nac_cod","Municipio de nacimiento (nacidos en el país y que respondieron a la pregunta)","categorica","30299","Campero sin municipio especificado"
"persona","mun_nac_cod","Municipio de nacimiento (nacidos en el país y que respondieron a la pregunta)","categorica","30301","Ayopaya"
"persona","mun_nac_cod","Municipio de nacimiento (nacidos en el país y que respondieron a la pregunta)","categorica","30302","Morochata"
"persona","mun_nac_cod","Municipio de nacimiento (nacidos en el país y que respondieron a la pregunta)","categorica","30303","Cocapata"
"persona","mun_nac_cod","Municipio de nacimiento (nacidos en el país y que respondieron a la pregunta)","categorica","30399","Ayopaya sin municipio especificado"
"persona","mun_nac_cod","Municipio de nacimiento (nacidos en el país y que respondieron a la pregunta)","categorica","30401","Tarata"
"persona","mun_nac_cod","Municipio de nacimiento (nacidos en el país y que respondieron a la pregunta)","categorica","30402","Anzaldo"
"persona","mun_nac_cod","Municipio de nacimiento (nacidos en el país y que respondieron a la pregunta)","categorica","30403","Arbieto"
"persona","mun_nac_cod","Municipio de nacimiento (nacidos en el país y que respondieron a la pregunta)","categorica","30404","Sacabamba"
"persona","mun_nac_cod","Municipio de nacimiento (nacidos en el país y que respondieron a la pregunta)","categorica","30499","Esteban Arze sin municipio especificado"
"persona","mun_nac_cod","Municipio de nacimiento (nacidos en el país y que respondieron a la pregunta)","categorica","30501","Arani"
"persona","mun_nac_cod","Municipio de nacimiento (nacidos en el país y que respondieron a la pregunta)","categorica","30502","Vacas"
"persona","mun_nac_cod","Municipio de nacimiento (nacidos en el país y que respondieron a la pregunta)","categorica","30599","Arani sin municipio especificado"
"persona","mun_nac_cod","Municipio de nacimiento (nacidos en el país y que respondieron a la pregunta)","categorica","30601","Arque"
"persona","mun_nac_cod","Municipio de nacimiento (nacidos en el país y que respondieron a la pregunta)","categorica","30602","Tacopaya"
"persona","mun_nac_cod","Municipio de nacimiento (nacidos en el país y que respondieron a la pregunta)","categorica","30699","Arque sin municipio especificado"
"persona","mun_nac_cod","Municipio de nacimiento (nacidos en el país y que respondieron a la pregunta)","categorica","30701","Capinota"
"persona","mun_nac_cod","Municipio de nacimiento (nacidos en el país y que respondieron a la pregunta)","categorica","30702","Santiváñez"
"persona","mun_nac_cod","Municipio de nacimiento (nacidos en el país y que respondieron a la pregunta)","categorica","30703","Sicaya"
"persona","mun_nac_cod","Municipio de nacimiento (nacidos en el país y que respondieron a la pregunta)","categorica","30799","Capinota sin municipio especificado"
"persona","mun_nac_cod","Municipio de nacimiento (nacidos en el país y que respondieron a la pregunta)","categorica","30801","Cliza"
"persona","mun_nac_cod","Municipio de nacimiento (nacidos en el país y que respondieron a la pregunta)","categorica","30802","Toco"
"persona","mun_nac_cod","Municipio de nacimiento (nacidos en el país y que respondieron a la pregunta)","categorica","30803","Tolata"
"persona","mun_nac_cod","Municipio de nacimiento (nacidos en el país y que respondieron a la pregunta)","categorica","30899","Germán Jordán sin municipio especificado"
"persona","mun_nac_cod","Municipio de nacimiento (nacidos en el país y que respondieron a la pregunta)","categorica","30901","Quillacollo"
"persona","mun_nac_cod","Municipio de nacimiento (nacidos en el país y que respondieron a la pregunta)","categorica","30902","Sipesipe"
"persona","mun_nac_cod","Municipio de nacimiento (nacidos en el país y que respondieron a la pregunta)","categorica","30903","Tiquipaya"
"persona","mun_nac_cod","Municipio de nacimiento (nacidos en el país y que respondieron a la pregunta)","categorica","30904","Vinto"
"persona","mun_nac_cod","Municipio de nacimiento (nacidos en el país y que respondieron a la pregunta)","categorica","30905","Colcapirhua"
"persona","mun_nac_cod","Municipio de nacimiento (nacidos en el país y que respondieron a la pregunta)","categorica","30999","Quillacollo sin municipio especificado"
"persona","mun_nac_cod","Municipio de nacimiento (nacidos en el país y que respondieron a la pregunta)","categorica","31001","Sacaba"
"persona","mun_nac_cod","Municipio de nacimiento (nacidos en el país y que respondieron a la pregunta)","categorica","31002","Colomi"
"persona","mun_nac_cod","Municipio de nacimiento (nacidos en el país y que respondieron a la pregunta)","categorica","31003","Villa Tunari"
"persona","mun_nac_cod","Municipio de nacimiento (nacidos en el país y que respondieron a la pregunta)","categorica","31099","Chapare sin municipio especificado"
"persona","mun_nac_cod","Municipio de nacimiento (nacidos en el país y que respondieron a la pregunta)","categorica","31101","Tapacarí"
"persona","mun_nac_cod","Municipio de nacimiento (nacidos en el país y que respondieron a la pregunta)","categorica","31199","Tapacarí sin municipio especificado"
"persona","mun_nac_cod","Municipio de nacimiento (nacidos en el país y que respondieron a la pregunta)","categorica","31201","Totora"
"persona","mun_nac_cod","Municipio de nacimiento (nacidos en el país y que respondieron a la pregunta)","categorica","31202","Pojo"
"persona","mun_nac_cod","Municipio de nacimiento (nacidos en el país y que respondieron a la pregunta)","categorica","31203","Pocona"
"persona","mun_nac_cod","Municipio de nacimiento (nacidos en el país y que respondieron a la pregunta)","categorica","31204","Chimoré"
"persona","mun_nac_cod","Municipio de nacimiento (nacidos en el país y que respondieron a la pregunta)","categorica","31205","Puerto Villarroel"
"persona","mun_nac_cod","Municipio de nacimiento (nacidos en el país y que respondieron a la pregunta)","categorica","31206","Entre Ríos"
"persona","mun_nac_cod","Municipio de nacimiento (nacidos en el país y que respondieron a la pregunta)","categorica","31299","Carrasco sin municipio especificado"
"persona","mun_nac_cod","Municipio de nacimiento (nacidos en el país y que respondieron a la pregunta)","categorica","31301","Mizque"
"persona","mun_nac_cod","Municipio de nacimiento (nacidos en el país y que respondieron a la pregunta)","categorica","31302","Vila Vila"
"persona","mun_nac_cod","Municipio de nacimiento (nacidos en el país y que respondieron a la pregunta)","categorica","31303","Alalay"
"persona","mun_nac_cod","Municipio de nacimiento (nacidos en el país y que respondieron a la pregunta)","categorica","31304","TIOC-Raqaypampa"
"persona","mun_nac_cod","Municipio de nacimiento (nacidos en el país y que respondieron a la pregunta)","categorica","31399","Mizque sin municipio especificado"
"persona","mun_nac_cod","Municipio de nacimiento (nacidos en el país y que respondieron a la pregunta)","categorica","31401","Punata"
"persona","mun_nac_cod","Municipio de nacimiento (nacidos en el país y que respondieron a la pregunta)","categorica","31402","Villa Rivero"
"persona","mun_nac_cod","Municipio de nacimiento (nacidos en el país y que respondieron a la pregunta)","categorica","31403","San Benito"
"persona","mun_nac_cod","Municipio de nacimiento (nacidos en el país y que respondieron a la pregunta)","categorica","31404","Tacachi"
"persona","mun_nac_cod","Municipio de nacimiento (nacidos en el país y que respondieron a la pregunta)","categorica","31405","Villa Gualberto Villarroel"
"persona","mun_nac_cod","Municipio de nacimiento (nacidos en el país y que respondieron a la pregunta)","categorica","31499","Punata sin municipio especificado"
"persona","mun_nac_cod","Municipio de nacimiento (nacidos en el país y que respondieron a la pregunta)","categorica","31501","Bolívar"
"persona","mun_nac_cod","Municipio de nacimiento (nacidos en el país y que respondieron a la pregunta)","categorica","31599","Bolívar sin municipio especificado"
"persona","mun_nac_cod","Municipio de nacimiento (nacidos en el país y que respondieron a la pregunta)","categorica","31601","Tiraque"
"persona","mun_nac_cod","Municipio de nacimiento (nacidos en el país y que respondieron a la pregunta)","categorica","31602","Shinahota"
"persona","mun_nac_cod","Municipio de nacimiento (nacidos en el país y que respondieron a la pregunta)","categorica","31699","Tiraque sin municipio especificado"
"persona","mun_nac_cod","Municipio de nacimiento (nacidos en el país y que respondieron a la pregunta)","categorica","39999","Cochabamba sin provincia y municipio especificado"
"persona","mun_nac_cod","Municipio de nacimiento (nacidos en el país y que respondieron a la pregunta)","categorica","40101","Oruro"
"persona","mun_nac_cod","Municipio de nacimiento (nacidos en el país y que respondieron a la pregunta)","categorica","40102","Caracollo"
"persona","mun_nac_cod","Municipio de nacimiento (nacidos en el país y que respondieron a la pregunta)","categorica","40103","El Choro"
"persona","mun_nac_cod","Municipio de nacimiento (nacidos en el país y que respondieron a la pregunta)","categorica","40104","Paria"
"persona","mun_nac_cod","Municipio de nacimiento (nacidos en el país y que respondieron a la pregunta)","categorica","40199","Cercado sin municipio especificado"
"persona","mun_nac_cod","Municipio de nacimiento (nacidos en el país y que respondieron a la pregunta)","categorica","40201","Challapata"
"persona","mun_nac_cod","Municipio de nacimiento (nacidos en el país y que respondieron a la pregunta)","categorica","40202","Santuario de Quillacas"
"persona","mun_nac_cod","Municipio de nacimiento (nacidos en el país y que respondieron a la pregunta)","categorica","40299","Abaroa sin municipio especificado"
"persona","mun_nac_cod","Municipio de nacimiento (nacidos en el país y que respondieron a la pregunta)","categorica","40301","Corque"
"persona","mun_nac_cod","Municipio de nacimiento (nacidos en el país y que respondieron a la pregunta)","categorica","40302","Choquecota"
"persona","mun_nac_cod","Municipio de nacimiento (nacidos en el país y que respondieron a la pregunta)","categorica","40399","Carangas sin municipio especificado"
"persona","mun_nac_cod","Municipio de nacimiento (nacidos en el país y que respondieron a la pregunta)","categorica","40401","Curahuara de Carangas"
"persona","mun_nac_cod","Municipio de nacimiento (nacidos en el país y que respondieron a la pregunta)","categorica","40402","Turco"
"persona","mun_nac_cod","Municipio de nacimiento (nacidos en el país y que respondieron a la pregunta)","categorica","40499","Sajama sin municipio especificado"
"persona","mun_nac_cod","Municipio de nacimiento (nacidos en el país y que respondieron a la pregunta)","categorica","40501","Huachacalla"
"persona","mun_nac_cod","Municipio de nacimiento (nacidos en el país y que respondieron a la pregunta)","categorica","40502","Escara"
"persona","mun_nac_cod","Municipio de nacimiento (nacidos en el país y que respondieron a la pregunta)","categorica","40503","Cruz de Machacamarca"
"persona","mun_nac_cod","Municipio de nacimiento (nacidos en el país y que respondieron a la pregunta)","categorica","40504","Yunguyo del Litoral"
"persona","mun_nac_cod","Municipio de nacimiento (nacidos en el país y que respondieron a la pregunta)","categorica","40505","Esmeralda"
"persona","mun_nac_cod","Municipio de nacimiento (nacidos en el país y que respondieron a la pregunta)","categorica","40599","Litoral sin municipio especificado"
"persona","mun_nac_cod","Municipio de nacimiento (nacidos en el país y que respondieron a la pregunta)","categorica","40601","Poopó"
"persona","mun_nac_cod","Municipio de nacimiento (nacidos en el país y que respondieron a la pregunta)","categorica","40602","Pazña"
"persona","mun_nac_cod","Municipio de nacimiento (nacidos en el país y que respondieron a la pregunta)","categorica","40603","Antequera"
"persona","mun_nac_cod","Municipio de nacimiento (nacidos en el país y que respondieron a la pregunta)","categorica","40699","Poopó sin municipio especificado"
"persona","mun_nac_cod","Municipio de nacimiento (nacidos en el país y que respondieron a la pregunta)","categorica","40701","Huanuni"
"persona","mun_nac_cod","Municipio de nacimiento (nacidos en el país y que respondieron a la pregunta)","categorica","40702","Machacamarca"
"persona","mun_nac_cod","Municipio de nacimiento (nacidos en el país y que respondieron a la pregunta)","categorica","40799","Pantaleón Dalence sin municipio especificado"
"persona","mun_nac_cod","Municipio de nacimiento (nacidos en el país y que respondieron a la pregunta)","categorica","40801","Salinas de Garci Mendoza (Autonomía Indígena Originario Campesina de Salinas)"
"persona","mun_nac_cod","Municipio de nacimiento (nacidos en el país y que respondieron a la pregunta)","categorica","40802","Pampa Aullagas"
"persona","mun_nac_cod","Municipio de nacimiento (nacidos en el país y que respondieron a la pregunta)","categorica","40899","Ladislao Cabrera sin municipio especificado"
"persona","mun_nac_cod","Municipio de nacimiento (nacidos en el país y que respondieron a la pregunta)","categorica","40901","Sabaya"
"persona","mun_nac_cod","Municipio de nacimiento (nacidos en el país y que respondieron a la pregunta)","categorica","40902","Coipasa"
"persona","mun_nac_cod","Municipio de nacimiento (nacidos en el país y que respondieron a la pregunta)","categorica","40903","Uru Chipaya (Nación Originaria Uru Chipaya)"
"persona","mun_nac_cod","Municipio de nacimiento (nacidos en el país y que respondieron a la pregunta)","categorica","40999","Sabaya sin municipio especificado"
"persona","mun_nac_cod","Municipio de nacimiento (nacidos en el país y que respondieron a la pregunta)","categorica","41001","Toledo"
"persona","mun_nac_cod","Municipio de nacimiento (nacidos en el país y que respondieron a la pregunta)","categorica","41099","Saucarí sin municipio especificado"
"persona","mun_nac_cod","Municipio de nacimiento (nacidos en el país y que respondieron a la pregunta)","categorica","41101","Eucaliptus"
"persona","mun_nac_cod","Municipio de nacimiento (nacidos en el país y que respondieron a la pregunta)","categorica","41199","Tomás Barrón sin municipio especificado"
"persona","mun_nac_cod","Municipio de nacimiento (nacidos en el país y que respondieron a la pregunta)","categorica","41201","Andamarca"
"persona","mun_nac_cod","Municipio de nacimiento (nacidos en el país y que respondieron a la pregunta)","categorica","41202","Belén de Andamarca"
"persona","mun_nac_cod","Municipio de nacimiento (nacidos en el país y que respondieron a la pregunta)","categorica","41299","Sur Carangas sin municipio especificado"
"persona","mun_nac_cod","Municipio de nacimiento (nacidos en el país y que respondieron a la pregunta)","categorica","41301","Totora"
"persona","mun_nac_cod","Municipio de nacimiento (nacidos en el país y que respondieron a la pregunta)","categorica","41399","San Pedro de Totora sin municipio especificado"
"persona","mun_nac_cod","Municipio de nacimiento (nacidos en el país y que respondieron a la pregunta)","categorica","41401","Santiago de Huari"
"persona","mun_nac_cod","Municipio de nacimiento (nacidos en el país y que respondieron a la pregunta)","categorica","41499","Sebastián Pagador sin municipio especificado"
"persona","mun_nac_cod","Municipio de nacimiento (nacidos en el país y que respondieron a la pregunta)","categorica","41501","La Rivera"
"persona","mun_nac_cod","Municipio de nacimiento (nacidos en el país y que respondieron a la pregunta)","categorica","41502","Todos Santos"
"persona","mun_nac_cod","Municipio de nacimiento (nacidos en el país y que respondieron a la pregunta)","categorica","41503","Carangas"
"persona","mun_nac_cod","Municipio de nacimiento (nacidos en el país y que respondieron a la pregunta)","categorica","41599","Mejillones sin municipio especificado"
"persona","mun_nac_cod","Municipio de nacimiento (nacidos en el país y que respondieron a la pregunta)","categorica","41601","Santiago de Huayllamarca"
"persona","mun_nac_cod","Municipio de nacimiento (nacidos en el país y que respondieron a la pregunta)","categorica","41699","Nor Carangas sin municipio especificado"
"persona","mun_nac_cod","Municipio de nacimiento (nacidos en el país y que respondieron a la pregunta)","categorica","49999","Oruro sin provincia y municipio especificado"
"persona","mun_nac_cod","Municipio de nacimiento (nacidos en el país y que respondieron a la pregunta)","categorica","50101","Potosí"
"persona","mun_nac_cod","Municipio de nacimiento (nacidos en el país y que respondieron a la pregunta)","categorica","50102","Tinguipaya"
"persona","mun_nac_cod","Municipio de nacimiento (nacidos en el país y que respondieron a la pregunta)","categorica","50103","Yocalla"
"persona","mun_nac_cod","Municipio de nacimiento (nacidos en el país y que respondieron a la pregunta)","categorica","50104","Urmiri"
"persona","mun_nac_cod","Municipio de nacimiento (nacidos en el país y que respondieron a la pregunta)","categorica","50199","Tomás Frías sin municipio especificado"
"persona","mun_nac_cod","Municipio de nacimiento (nacidos en el país y que respondieron a la pregunta)","categorica","50201","Uncía"
"persona","mun_nac_cod","Municipio de nacimiento (nacidos en el país y que respondieron a la pregunta)","categorica","50202","Chayanta"
"persona","mun_nac_cod","Municipio de nacimiento (nacidos en el país y que respondieron a la pregunta)","categorica","50203","Llallagua"
"persona","mun_nac_cod","Municipio de nacimiento (nacidos en el país y que respondieron a la pregunta)","categorica","50204","Chuquihuta Ayllu Jucumani"
"persona","mun_nac_cod","Municipio de nacimiento (nacidos en el país y que respondieron a la pregunta)","categorica","50299","Rafael Bustillo sin municipio especificado"
"persona","mun_nac_cod","Municipio de nacimiento (nacidos en el país y que respondieron a la pregunta)","categorica","50301","Betanzos"
"persona","mun_nac_cod","Municipio de nacimiento (nacidos en el país y que respondieron a la pregunta)","categorica","50302","Chaquí"
"persona","mun_nac_cod","Municipio de nacimiento (nacidos en el país y que respondieron a la pregunta)","categorica","50303","Tacobamba"
"persona","mun_nac_cod","Municipio de nacimiento (nacidos en el país y que respondieron a la pregunta)","categorica","50399","Cornelio Saavedra sin municipio especificado"
"persona","mun_nac_cod","Municipio de nacimiento (nacidos en el país y que respondieron a la pregunta)","categorica","50401","Colquechaca"
"persona","mun_nac_cod","Municipio de nacimiento (nacidos en el país y que respondieron a la pregunta)","categorica","50402","Ravelo"
"persona","mun_nac_cod","Municipio de nacimiento (nacidos en el país y que respondieron a la pregunta)","categorica","50403","Pocoata"
"persona","mun_nac_cod","Municipio de nacimiento (nacidos en el país y que respondieron a la pregunta)","categorica","50404","Ocurí"
"persona","mun_nac_cod","Municipio de nacimiento (nacidos en el país y que respondieron a la pregunta)","categorica","50405","San Pedro de Macha"
"persona","mun_nac_cod","Municipio de nacimiento (nacidos en el país y que respondieron a la pregunta)","categorica","50499","Chayanta sin municipio especificado"
"persona","mun_nac_cod","Municipio de nacimiento (nacidos en el país y que respondieron a la pregunta)","categorica","50501","San Pedro"
"persona","mun_nac_cod","Municipio de nacimiento (nacidos en el país y que respondieron a la pregunta)","categorica","50502","Toro Toro"
"persona","mun_nac_cod","Municipio de nacimiento (nacidos en el país y que respondieron a la pregunta)","categorica","50599","Charcas sin municipio especificado"
"persona","mun_nac_cod","Municipio de nacimiento (nacidos en el país y que respondieron a la pregunta)","categorica","50601","Cotagaita"
"persona","mun_nac_cod","Municipio de nacimiento (nacidos en el país y que respondieron a la pregunta)","categorica","50602","Vitichi"
"persona","mun_nac_cod","Municipio de nacimiento (nacidos en el país y que respondieron a la pregunta)","categorica","50699","Nor Chichas sin municipio especificado"
"persona","mun_nac_cod","Municipio de nacimiento (nacidos en el país y que respondieron a la pregunta)","categorica","50701","Sacaca"
"persona","mun_nac_cod","Municipio de nacimiento (nacidos en el país y que respondieron a la pregunta)","categorica","50702","Caripuyo"
"persona","mun_nac_cod","Municipio de nacimiento (nacidos en el país y que respondieron a la pregunta)","categorica","50799","Alonso de Ibáñez sin municipio especificado"
"persona","mun_nac_cod","Municipio de nacimiento (nacidos en el país y que respondieron a la pregunta)","categorica","50801","Tupiza"
"persona","mun_nac_cod","Municipio de nacimiento (nacidos en el país y que respondieron a la pregunta)","categorica","50802","Atocha"
"persona","mun_nac_cod","Municipio de nacimiento (nacidos en el país y que respondieron a la pregunta)","categorica","50899","Sur Chichas sin municipio especificado"
"persona","mun_nac_cod","Municipio de nacimiento (nacidos en el país y que respondieron a la pregunta)","categorica","50901","Colcha ""K"""
"persona","mun_nac_cod","Municipio de nacimiento (nacidos en el país y que respondieron a la pregunta)","categorica","50902","San Pedro de Quemes"
"persona","mun_nac_cod","Municipio de nacimiento (nacidos en el país y que respondieron a la pregunta)","categorica","50999","Nor Lípez sin municipio especificado"
"persona","mun_nac_cod","Municipio de nacimiento (nacidos en el país y que respondieron a la pregunta)","categorica","51001","San Pablo"
"persona","mun_nac_cod","Municipio de nacimiento (nacidos en el país y que respondieron a la pregunta)","categorica","51002","Mojinete"
"persona","mun_nac_cod","Municipio de nacimiento (nacidos en el país y que respondieron a la pregunta)","categorica","51003","San Antonio de Esmoruco"
"persona","mun_nac_cod","Municipio de nacimiento (nacidos en el país y que respondieron a la pregunta)","categorica","51099","Sur Lípez sin municipio especificado"
"persona","mun_nac_cod","Municipio de nacimiento (nacidos en el país y que respondieron a la pregunta)","categorica","51101","Puna"
"persona","mun_nac_cod","Municipio de nacimiento (nacidos en el país y que respondieron a la pregunta)","categorica","51102","Caiza ""D"""
"persona","mun_nac_cod","Municipio de nacimiento (nacidos en el país y que respondieron a la pregunta)","categorica","51103","Ckochas"
"persona","mun_nac_cod","Municipio de nacimiento (nacidos en el país y que respondieron a la pregunta)","categorica","51199","José María Linares sin municipio especificado"
"persona","mun_nac_cod","Municipio de nacimiento (nacidos en el país y que respondieron a la pregunta)","categorica","51201","Uyuni"
"persona","mun_nac_cod","Municipio de nacimiento (nacidos en el país y que respondieron a la pregunta)","categorica","51202","Tomave"
"persona","mun_nac_cod","Municipio de nacimiento (nacidos en el país y que respondieron a la pregunta)","categorica","51203","Porco"
"persona","mun_nac_cod","Municipio de nacimiento (nacidos en el país y que respondieron a la pregunta)","categorica","51204","TIOC-Jatun Ayllu Yura"
"persona","mun_nac_cod","Municipio de nacimiento (nacidos en el país y que respondieron a la pregunta)","categorica","51299","Antonio Quijarro sin municipio especificado"
"persona","mun_nac_cod","Municipio de nacimiento (nacidos en el país y que respondieron a la pregunta)","categorica","51301","Arampampa"
"persona","mun_nac_cod","Municipio de nacimiento (nacidos en el país y que respondieron a la pregunta)","categorica","51302","Acasio"
"persona","mun_nac_cod","Municipio de nacimiento (nacidos en el país y que respondieron a la pregunta)","categorica","51399","General Bernardino Bilbao sin municipio especificado"
"persona","mun_nac_cod","Municipio de nacimiento (nacidos en el país y que respondieron a la pregunta)","categorica","51401","Llica"
"persona","mun_nac_cod","Municipio de nacimiento (nacidos en el país y que respondieron a la pregunta)","categorica","51402","Tahua"
"persona","mun_nac_cod","Municipio de nacimiento (nacidos en el país y que respondieron a la pregunta)","categorica","51499","Daniel Campos sin municipio especificado"
"persona","mun_nac_cod","Municipio de nacimiento (nacidos en el país y que respondieron a la pregunta)","categorica","51501","Villazón"
"persona","mun_nac_cod","Municipio de nacimiento (nacidos en el país y que respondieron a la pregunta)","categorica","51599","Modesto Omiste sin municipio especificado"
"persona","mun_nac_cod","Municipio de nacimiento (nacidos en el país y que respondieron a la pregunta)","categorica","51601","San Agustín"
"persona","mun_nac_cod","Municipio de nacimiento (nacidos en el país y que respondieron a la pregunta)","categorica","51699","Enrique Baldivieso sin municipio especificado"
"persona","mun_nac_cod","Municipio de nacimiento (nacidos en el país y que respondieron a la pregunta)","categorica","59999","Potosí sin provincia y municipio especificado"
"persona","mun_nac_cod","Municipio de nacimiento (nacidos en el país y que respondieron a la pregunta)","categorica","60101","Tarija"
"persona","mun_nac_cod","Municipio de nacimiento (nacidos en el país y que respondieron a la pregunta)","categorica","60199","Cercado sin municipio especificado"
"persona","mun_nac_cod","Municipio de nacimiento (nacidos en el país y que respondieron a la pregunta)","categorica","60201","Padcaya"
"persona","mun_nac_cod","Municipio de nacimiento (nacidos en el país y que respondieron a la pregunta)","categorica","60202","Bermejo"
"persona","mun_nac_cod","Municipio de nacimiento (nacidos en el país y que respondieron a la pregunta)","categorica","60299","Arce sin municipio especificado"
"persona","mun_nac_cod","Municipio de nacimiento (nacidos en el país y que respondieron a la pregunta)","categorica","60301","Yacuiba"
"persona","mun_nac_cod","Municipio de nacimiento (nacidos en el país y que respondieron a la pregunta)","categorica","60302","Caraparí"
"persona","mun_nac_cod","Municipio de nacimiento (nacidos en el país y que respondieron a la pregunta)","categorica","60303","Villa Montes"
"persona","mun_nac_cod","Municipio de nacimiento (nacidos en el país y que respondieron a la pregunta)","categorica","60399","Gran Chaco sin municipio especificado"
"persona","mun_nac_cod","Municipio de nacimiento (nacidos en el país y que respondieron a la pregunta)","categorica","60401","Uriondo"
"persona","mun_nac_cod","Municipio de nacimiento (nacidos en el país y que respondieron a la pregunta)","categorica","60402","Yunchará"
"persona","mun_nac_cod","Municipio de nacimiento (nacidos en el país y que respondieron a la pregunta)","categorica","60499","Avilez sin municipio especificado"
"persona","mun_nac_cod","Municipio de nacimiento (nacidos en el país y que respondieron a la pregunta)","categorica","60501","San Lorenzo"
"persona","mun_nac_cod","Municipio de nacimiento (nacidos en el país y que respondieron a la pregunta)","categorica","60502","El Puente"
"persona","mun_nac_cod","Municipio de nacimiento (nacidos en el país y que respondieron a la pregunta)","categorica","60599","Méndez sin municipio especificado"
"persona","mun_nac_cod","Municipio de nacimiento (nacidos en el país y que respondieron a la pregunta)","categorica","60601","Entre Ríos"
"persona","mun_nac_cod","Municipio de nacimiento (nacidos en el país y que respondieron a la pregunta)","categorica","60699","O'connor sin municipio especificado"
"persona","mun_nac_cod","Municipio de nacimiento (nacidos en el país y que respondieron a la pregunta)","categorica","69999","Tarija sin provincia y municipio especificado"
"persona","mun_nac_cod","Municipio de nacimiento (nacidos en el país y que respondieron a la pregunta)","categorica","70101","Santa Cruz de la Sierra"
"persona","mun_nac_cod","Municipio de nacimiento (nacidos en el país y que respondieron a la pregunta)","categorica","70102","Cotoca"
"persona","mun_nac_cod","Municipio de nacimiento (nacidos en el país y que respondieron a la pregunta)","categorica","70103","Porongo"
"persona","mun_nac_cod","Municipio de nacimiento (nacidos en el país y que respondieron a la pregunta)","categorica","70104","La Guardia"
"persona","mun_nac_cod","Municipio de nacimiento (nacidos en el país y que respondieron a la pregunta)","categorica","70105","El Torno"
"persona","mun_nac_cod","Municipio de nacimiento (nacidos en el país y que respondieron a la pregunta)","categorica","70199","Andrés Ibáñez sin municipio especificado"
"persona","mun_nac_cod","Municipio de nacimiento (nacidos en el país y que respondieron a la pregunta)","categorica","70201","Warnes"
"persona","mun_nac_cod","Municipio de nacimiento (nacidos en el país y que respondieron a la pregunta)","categorica","70202","Okinawa Uno"
"persona","mun_nac_cod","Municipio de nacimiento (nacidos en el país y que respondieron a la pregunta)","categorica","70299","Warnes sin municipio especificado"
"persona","mun_nac_cod","Municipio de nacimiento (nacidos en el país y que respondieron a la pregunta)","categorica","70301","San Ignacio"
"persona","mun_nac_cod","Municipio de nacimiento (nacidos en el país y que respondieron a la pregunta)","categorica","70302","San Miguel"
"persona","mun_nac_cod","Municipio de nacimiento (nacidos en el país y que respondieron a la pregunta)","categorica","70303","San Rafael"
"persona","mun_nac_cod","Municipio de nacimiento (nacidos en el país y que respondieron a la pregunta)","categorica","70399","Velasco sin municipio especificado"
"persona","mun_nac_cod","Municipio de nacimiento (nacidos en el país y que respondieron a la pregunta)","categorica","70401","Buena Vista"
"persona","mun_nac_cod","Municipio de nacimiento (nacidos en el país y que respondieron a la pregunta)","categorica","70402","San Carlos"
"persona","mun_nac_cod","Municipio de nacimiento (nacidos en el país y que respondieron a la pregunta)","categorica","70403","Yapacaní"
"persona","mun_nac_cod","Municipio de nacimiento (nacidos en el país y que respondieron a la pregunta)","categorica","70404","San Juan"
"persona","mun_nac_cod","Municipio de nacimiento (nacidos en el país y que respondieron a la pregunta)","categorica","70499","Ichilo sin municipio especificado"
"persona","mun_nac_cod","Municipio de nacimiento (nacidos en el país y que respondieron a la pregunta)","categorica","70501","San José"
"persona","mun_nac_cod","Municipio de nacimiento (nacidos en el país y que respondieron a la pregunta)","categorica","70502","Pailón"
"persona","mun_nac_cod","Municipio de nacimiento (nacidos en el país y que respondieron a la pregunta)","categorica","70503","Roboré"
"persona","mun_nac_cod","Municipio de nacimiento (nacidos en el país y que respondieron a la pregunta)","categorica","70599","Chiquitos sin municipio especificado"
"persona","mun_nac_cod","Municipio de nacimiento (nacidos en el país y que respondieron a la pregunta)","categorica","70601","Portachuelo"
"persona","mun_nac_cod","Municipio de nacimiento (nacidos en el país y que respondieron a la pregunta)","categorica","70602","Santa Rosa"
"persona","mun_nac_cod","Municipio de nacimiento (nacidos en el país y que respondieron a la pregunta)","categorica","70603","Colpa Bélgica"
"persona","mun_nac_cod","Municipio de nacimiento (nacidos en el país y que respondieron a la pregunta)","categorica","70699","Sara sin municipio especificado"
"persona","mun_nac_cod","Municipio de nacimiento (nacidos en el país y que respondieron a la pregunta)","categorica","70701","Lagunillas"
"persona","mun_nac_cod","Municipio de nacimiento (nacidos en el país y que respondieron a la pregunta)","categorica","70702","Charagua (Autonomía Guaraní Charagua Iyambae)"
"persona","mun_nac_cod","Municipio de nacimiento (nacidos en el país y que respondieron a la pregunta)","categorica","70703","Cabezas"
"persona","mun_nac_cod","Municipio de nacimiento (nacidos en el país y que respondieron a la pregunta)","categorica","70704","Cuevo"
"persona","mun_nac_cod","Municipio de nacimiento (nacidos en el país y que respondieron a la pregunta)","categorica","70705","Gutiérrez (Autonomía Indígena Kereimba Iyaambae)"
"persona","mun_nac_cod","Municipio de nacimiento (nacidos en el país y que respondieron a la pregunta)","categorica","70706","Camiri"
"persona","mun_nac_cod","Municipio de nacimiento (nacidos en el país y que respondieron a la pregunta)","categorica","70707","Boyuibe"
"persona","mun_nac_cod","Municipio de nacimiento (nacidos en el país y que respondieron a la pregunta)","categorica","70799","Cordillera sin municipio especificado"
"persona","mun_nac_cod","Municipio de nacimiento (nacidos en el país y que respondieron a la pregunta)","categorica","70801","Vallegrande"
"persona","mun_nac_cod","Municipio de nacimiento (nacidos en el país y que respondieron a la pregunta)","categorica","70802","Trigal"
"persona","mun_nac_cod","Municipio de nacimiento (nacidos en el país y que respondieron a la pregunta)","categorica","70803","Moromoro"
"persona","mun_nac_cod","Municipio de nacimiento (nacidos en el país y que respondieron a la pregunta)","categorica","70804","Postrervalle"
"persona","mun_nac_cod","Municipio de nacimiento (nacidos en el país y que respondieron a la pregunta)","categorica","70805","Pucará"
"persona","mun_nac_cod","Municipio de nacimiento (nacidos en el país y que respondieron a la pregunta)","categorica","70899","Valle Grande sin municipio especificado"
"persona","mun_nac_cod","Municipio de nacimiento (nacidos en el país y que respondieron a la pregunta)","categorica","70901","Samaipata"
"persona","mun_nac_cod","Municipio de nacimiento (nacidos en el país y que respondieron a la pregunta)","categorica","70902","Pampagrande"
"persona","mun_nac_cod","Municipio de nacimiento (nacidos en el país y que respondieron a la pregunta)","categorica","70903","Mairana"
"persona","mun_nac_cod","Municipio de nacimiento (nacidos en el país y que respondieron a la pregunta)","categorica","70904","Quirusillas"
"persona","mun_nac_cod","Municipio de nacimiento (nacidos en el país y que respondieron a la pregunta)","categorica","70999","Florida sin municipio especificado"
"persona","mun_nac_cod","Municipio de nacimiento (nacidos en el país y que respondieron a la pregunta)","categorica","71001","Montero"
"persona","mun_nac_cod","Municipio de nacimiento (nacidos en el país y que respondieron a la pregunta)","categorica","71002","General Saavedra"
"persona","mun_nac_cod","Municipio de nacimiento (nacidos en el país y que respondieron a la pregunta)","categorica","71003","Mineros"
"persona","mun_nac_cod","Municipio de nacimiento (nacidos en el país y que respondieron a la pregunta)","categorica","71004","Fernández Alonso"
"persona","mun_nac_cod","Municipio de nacimiento (nacidos en el país y que respondieron a la pregunta)","categorica","71005","San Pedro"
"persona","mun_nac_cod","Municipio de nacimiento (nacidos en el país y que respondieron a la pregunta)","categorica","71099","Obispo Santisteban sin municipio especificado"
"persona","mun_nac_cod","Municipio de nacimiento (nacidos en el país y que respondieron a la pregunta)","categorica","71101","Concepción"
"persona","mun_nac_cod","Municipio de nacimiento (nacidos en el país y que respondieron a la pregunta)","categorica","71102","San Javier"
"persona","mun_nac_cod","Municipio de nacimiento (nacidos en el país y que respondieron a la pregunta)","categorica","71103","San Julián"
"persona","mun_nac_cod","Municipio de nacimiento (nacidos en el país y que respondieron a la pregunta)","categorica","71104","San Antonio de Lomerio"
"persona","mun_nac_cod","Municipio de nacimiento (nacidos en el país y que respondieron a la pregunta)","categorica","71105","San Ramón"
"persona","mun_nac_cod","Municipio de nacimiento (nacidos en el país y que respondieron a la pregunta)","categorica","71106","Cuatro Cañadas"
"persona","mun_nac_cod","Municipio de nacimiento (nacidos en el país y que respondieron a la pregunta)","categorica","71199","Ñuflo de Chávez sin municipio especificado"
"persona","mun_nac_cod","Municipio de nacimiento (nacidos en el país y que respondieron a la pregunta)","categorica","71201","San Matías"
"persona","mun_nac_cod","Municipio de nacimiento (nacidos en el país y que respondieron a la pregunta)","categorica","71299","Ángel Sandóval sin municipio especificado"
"persona","mun_nac_cod","Municipio de nacimiento (nacidos en el país y que respondieron a la pregunta)","categorica","71301","Comarapa"
"persona","mun_nac_cod","Municipio de nacimiento (nacidos en el país y que respondieron a la pregunta)","categorica","71302","Saipina"
"persona","mun_nac_cod","Municipio de nacimiento (nacidos en el país y que respondieron a la pregunta)","categorica","71399","Manuel María Caballero sin municipio especificado"
"persona","mun_nac_cod","Municipio de nacimiento (nacidos en el país y que respondieron a la pregunta)","categorica","71401","Puerto Suárez"
"persona","mun_nac_cod","Municipio de nacimiento (nacidos en el país y que respondieron a la pregunta)","categorica","71402","Puerto Quijarro"
"persona","mun_nac_cod","Municipio de nacimiento (nacidos en el país y que respondieron a la pregunta)","categorica","71403","El Carmen Rivero Tórrez"
"persona","mun_nac_cod","Municipio de nacimiento (nacidos en el país y que respondieron a la pregunta)","categorica","71499","Germán Busch sin municipio especificado"
"persona","mun_nac_cod","Municipio de nacimiento (nacidos en el país y que respondieron a la pregunta)","categorica","71501","Ascención de Guarayos"
"persona","mun_nac_cod","Municipio de nacimiento (nacidos en el país y que respondieron a la pregunta)","categorica","71502","Urubichá"
"persona","mun_nac_cod","Municipio de nacimiento (nacidos en el país y que respondieron a la pregunta)","categorica","71503","El Puente"
"persona","mun_nac_cod","Municipio de nacimiento (nacidos en el país y que respondieron a la pregunta)","categorica","71599","Guarayos sin municipio especificado"
"persona","mun_nac_cod","Municipio de nacimiento (nacidos en el país y que respondieron a la pregunta)","categorica","79999","Santa Cruz sin provincia y municipio especificado"
"persona","mun_nac_cod","Municipio de nacimiento (nacidos en el país y que respondieron a la pregunta)","categorica","80101","Trinidad"
"persona","mun_nac_cod","Municipio de nacimiento (nacidos en el país y que respondieron a la pregunta)","categorica","80102","San Javier"
"persona","mun_nac_cod","Municipio de nacimiento (nacidos en el país y que respondieron a la pregunta)","categorica","80199","Cercado sin municipio especificado"
"persona","mun_nac_cod","Municipio de nacimiento (nacidos en el país y que respondieron a la pregunta)","categorica","80201","Riberalta"
"persona","mun_nac_cod","Municipio de nacimiento (nacidos en el país y que respondieron a la pregunta)","categorica","80202","Guayaramerín"
"persona","mun_nac_cod","Municipio de nacimiento (nacidos en el país y que respondieron a la pregunta)","categorica","80299","Vaca Diez sin municipio especificado"
"persona","mun_nac_cod","Municipio de nacimiento (nacidos en el país y que respondieron a la pregunta)","categorica","80301","Reyes"
"persona","mun_nac_cod","Municipio de nacimiento (nacidos en el país y que respondieron a la pregunta)","categorica","80302","San Borja"
"persona","mun_nac_cod","Municipio de nacimiento (nacidos en el país y que respondieron a la pregunta)","categorica","80303","Santa Rosa"
"persona","mun_nac_cod","Municipio de nacimiento (nacidos en el país y que respondieron a la pregunta)","categorica","80304","Puerto Menor de Rurrenabaque"
"persona","mun_nac_cod","Municipio de nacimiento (nacidos en el país y que respondieron a la pregunta)","categorica","80399","General José Ballivián sin municipio especificado"
"persona","mun_nac_cod","Municipio de nacimiento (nacidos en el país y que respondieron a la pregunta)","categorica","80401","Santa Ana"
"persona","mun_nac_cod","Municipio de nacimiento (nacidos en el país y que respondieron a la pregunta)","categorica","80402","Exaltación"
"persona","mun_nac_cod","Municipio de nacimiento (nacidos en el país y que respondieron a la pregunta)","categorica","80499","Yacuma sin municipio especificado"
"persona","mun_nac_cod","Municipio de nacimiento (nacidos en el país y que respondieron a la pregunta)","categorica","80501","San Ignacio"
"persona","mun_nac_cod","Municipio de nacimiento (nacidos en el país y que respondieron a la pregunta)","categorica","80599","Moxos sin municipio especificado"
"persona","mun_nac_cod","Municipio de nacimiento (nacidos en el país y que respondieron a la pregunta)","categorica","80601","Loreto"
"persona","mun_nac_cod","Municipio de nacimiento (nacidos en el país y que respondieron a la pregunta)","categorica","80602","San Andrés"
"persona","mun_nac_cod","Municipio de nacimiento (nacidos en el país y que respondieron a la pregunta)","categorica","80699","Marbán sin municipio especificado"
"persona","mun_nac_cod","Municipio de nacimiento (nacidos en el país y que respondieron a la pregunta)","categorica","80701","San Joaquín"
"persona","mun_nac_cod","Municipio de nacimiento (nacidos en el país y que respondieron a la pregunta)","categorica","80702","San Ramón"
"persona","mun_nac_cod","Municipio de nacimiento (nacidos en el país y que respondieron a la pregunta)","categorica","80703","Puerto Siles"
"persona","mun_nac_cod","Municipio de nacimiento (nacidos en el país y que respondieron a la pregunta)","categorica","80799","Mamoré sin municipio especificado"
"persona","mun_nac_cod","Municipio de nacimiento (nacidos en el país y que respondieron a la pregunta)","categorica","80801","Magdalena"
"persona","mun_nac_cod","Municipio de nacimiento (nacidos en el país y que respondieron a la pregunta)","categorica","80802","Baures"
"persona","mun_nac_cod","Municipio de nacimiento (nacidos en el país y que respondieron a la pregunta)","categorica","80803","Huacaraje"
"persona","mun_nac_cod","Municipio de nacimiento (nacidos en el país y que respondieron a la pregunta)","categorica","80899","Iténez sin municipio especificado"
"persona","mun_nac_cod","Municipio de nacimiento (nacidos en el país y que respondieron a la pregunta)","categorica","80901","TIOC-Territorio Indígena Multiétnico"
"persona","mun_nac_cod","Municipio de nacimiento (nacidos en el país y que respondieron a la pregunta)","categorica","80999","Territorio Indígena Multiétnico sin municipio especificado"
"persona","mun_nac_cod","Municipio de nacimiento (nacidos en el país y que respondieron a la pregunta)","categorica","89999","Beni sin provincia y municipio especificado"
"persona","mun_nac_cod","Municipio de nacimiento (nacidos en el país y que respondieron a la pregunta)","categorica","90101","Cobija"
"persona","mun_nac_cod","Municipio de nacimiento (nacidos en el país y que respondieron a la pregunta)","categorica","90102","Porvenir"
"persona","mun_nac_cod","Municipio de nacimiento (nacidos en el país y que respondieron a la pregunta)","categorica","90103","Bolpebra"
"persona","mun_nac_cod","Municipio de nacimiento (nacidos en el país y que respondieron a la pregunta)","categorica","90104","Bella Flor"
"persona","mun_nac_cod","Municipio de nacimiento (nacidos en el país y que respondieron a la pregunta)","categorica","90199","Nicolás Suárez sin municipio especificado"
"persona","mun_nac_cod","Municipio de nacimiento (nacidos en el país y que respondieron a la pregunta)","categorica","90201","Puerto Rico"
"persona","mun_nac_cod","Municipio de nacimiento (nacidos en el país y que respondieron a la pregunta)","categorica","90202","San Pedro"
"persona","mun_nac_cod","Municipio de nacimiento (nacidos en el país y que respondieron a la pregunta)","categorica","90203","Filadelfia"
"persona","mun_nac_cod","Municipio de nacimiento (nacidos en el país y que respondieron a la pregunta)","categorica","90299","Manuripi sin municipio especificado"
"persona","mun_nac_cod","Municipio de nacimiento (nacidos en el país y que respondieron a la pregunta)","categorica","90301","Puerto Gonzalo Moreno"
"persona","mun_nac_cod","Municipio de nacimiento (nacidos en el país y que respondieron a la pregunta)","categorica","90302","San Lorenzo"
"persona","mun_nac_cod","Municipio de nacimiento (nacidos en el país y que respondieron a la pregunta)","categorica","90303","Sena"
"persona","mun_nac_cod","Municipio de nacimiento (nacidos en el país y que respondieron a la pregunta)","categorica","90399","Madre de Dios sin municipio especificado"
"persona","mun_nac_cod","Municipio de nacimiento (nacidos en el país y que respondieron a la pregunta)","categorica","90401","Santa Rosa"
"persona","mun_nac_cod","Municipio de nacimiento (nacidos en el país y que respondieron a la pregunta)","categorica","90402","Ingavi"
"persona","mun_nac_cod","Municipio de nacimiento (nacidos en el país y que respondieron a la pregunta)","categorica","90499","Abuná sin municipio especificado"
"persona","mun_nac_cod","Municipio de nacimiento (nacidos en el país y que respondieron a la pregunta)","categorica","90501","Nueva Esperanza"
"persona","mun_nac_cod","Municipio de nacimiento (nacidos en el país y que respondieron a la pregunta)","categorica","90502","Villa Nueva"
"persona","mun_nac_cod","Municipio de nacimiento (nacidos en el país y que respondieron a la pregunta)","categorica","90503","Santos Mercado"
"persona","mun_nac_cod","Municipio de nacimiento (nacidos en el país y que respondieron a la pregunta)","categorica","90599","Federico Román sin municipio especificado"
"persona","mun_nac_cod","Municipio de nacimiento (nacidos en el país y que respondieron a la pregunta)","categorica","99999","Pando sin provincia y municipio especificado"
"persona","mun_nac_cod","Municipio de nacimiento (nacidos en el país y que respondieron a la pregunta)","categorica","999999","Sin especificar"
"persona","dep_res_cod","Departamento de residencia habitual (residentes en el país y que respondieron a la pregunta)","categorica","1","Chuquisaca"
"persona","dep_res_cod","Departamento de residencia habitual (residentes en el país y que respondieron a la pregunta)","categorica","2","La Paz"
"persona","dep_res_cod","Departamento de residencia habitual (residentes en el país y que respondieron a la pregunta)","categorica","3","Cochabamba"
"persona","dep_res_cod","Departamento de residencia habitual (residentes en el país y que respondieron a la pregunta)","categorica","4","Oruro"
"persona","dep_res_cod","Departamento de residencia habitual (residentes en el país y que respondieron a la pregunta)","categorica","5","Potosí"
"persona","dep_res_cod","Departamento de residencia habitual (residentes en el país y que respondieron a la pregunta)","categorica","6","Tarija"
"persona","dep_res_cod","Departamento de residencia habitual (residentes en el país y que respondieron a la pregunta)","categorica","7","Santa Cruz"
"persona","dep_res_cod","Departamento de residencia habitual (residentes en el país y que respondieron a la pregunta)","categorica","8","Beni"
"persona","dep_res_cod","Departamento de residencia habitual (residentes en el país y que respondieron a la pregunta)","categorica","9","Pando"
"persona","dep_res_cod","Departamento de residencia habitual (residentes en el país y que respondieron a la pregunta)","categorica","99","Departamento sin especificar"
"persona","prov_res_cod","Provincia de residencia habitual (residentes en el país y que respondieron a la pregunta)","categorica","101","Oropeza"
"persona","prov_res_cod","Provincia de residencia habitual (residentes en el país y que respondieron a la pregunta)","categorica","102","Azurduy"
"persona","prov_res_cod","Provincia de residencia habitual (residentes en el país y que respondieron a la pregunta)","categorica","103","Zudáñez"
"persona","prov_res_cod","Provincia de residencia habitual (residentes en el país y que respondieron a la pregunta)","categorica","104","Tomina"
"persona","prov_res_cod","Provincia de residencia habitual (residentes en el país y que respondieron a la pregunta)","categorica","105","Hernando Siles"
"persona","prov_res_cod","Provincia de residencia habitual (residentes en el país y que respondieron a la pregunta)","categorica","106","Yamparáez"
"persona","prov_res_cod","Provincia de residencia habitual (residentes en el país y que respondieron a la pregunta)","categorica","107","Nor Cinti"
"persona","prov_res_cod","Provincia de residencia habitual (residentes en el país y que respondieron a la pregunta)","categorica","108","Belisario Boeto"
"persona","prov_res_cod","Provincia de residencia habitual (residentes en el país y que respondieron a la pregunta)","categorica","109","Sud Cinti"
"persona","prov_res_cod","Provincia de residencia habitual (residentes en el país y que respondieron a la pregunta)","categorica","110","Luis Calvo"
"persona","prov_res_cod","Provincia de residencia habitual (residentes en el país y que respondieron a la pregunta)","categorica","199","Chuquisaca sin provincia especificada"
"persona","prov_res_cod","Provincia de residencia habitual (residentes en el país y que respondieron a la pregunta)","categorica","201","Murillo"
"persona","prov_res_cod","Provincia de residencia habitual (residentes en el país y que respondieron a la pregunta)","categorica","202","Omasuyos"
"persona","prov_res_cod","Provincia de residencia habitual (residentes en el país y que respondieron a la pregunta)","categorica","203","Pacajes"
"persona","prov_res_cod","Provincia de residencia habitual (residentes en el país y que respondieron a la pregunta)","categorica","204","Camacho"
"persona","prov_res_cod","Provincia de residencia habitual (residentes en el país y que respondieron a la pregunta)","categorica","205","Muñecas"
"persona","prov_res_cod","Provincia de residencia habitual (residentes en el país y que respondieron a la pregunta)","categorica","206","Larecaja"
"persona","prov_res_cod","Provincia de residencia habitual (residentes en el país y que respondieron a la pregunta)","categorica","207","Franz Tamayo"
"persona","prov_res_cod","Provincia de residencia habitual (residentes en el país y que respondieron a la pregunta)","categorica","208","Ingavi"
"persona","prov_res_cod","Provincia de residencia habitual (residentes en el país y que respondieron a la pregunta)","categorica","209","Loayza"
"persona","prov_res_cod","Provincia de residencia habitual (residentes en el país y que respondieron a la pregunta)","categorica","210","Inquisivi"
"persona","prov_res_cod","Provincia de residencia habitual (residentes en el país y que respondieron a la pregunta)","categorica","211","Sur Yungas"
"persona","prov_res_cod","Provincia de residencia habitual (residentes en el país y que respondieron a la pregunta)","categorica","212","Los Andes"
"persona","prov_res_cod","Provincia de residencia habitual (residentes en el país y que respondieron a la pregunta)","categorica","213","Aroma"
"persona","prov_res_cod","Provincia de residencia habitual (residentes en el país y que respondieron a la pregunta)","categorica","214","Nor Yungas"
"persona","prov_res_cod","Provincia de residencia habitual (residentes en el país y que respondieron a la pregunta)","categorica","215","Abel Iturralde"
"persona","prov_res_cod","Provincia de residencia habitual (residentes en el país y que respondieron a la pregunta)","categorica","216","Bautista Saavedra"
"persona","prov_res_cod","Provincia de residencia habitual (residentes en el país y que respondieron a la pregunta)","categorica","217","Manco Kapac"
"persona","prov_res_cod","Provincia de residencia habitual (residentes en el país y que respondieron a la pregunta)","categorica","218","Gualberto Villarroel"
"persona","prov_res_cod","Provincia de residencia habitual (residentes en el país y que respondieron a la pregunta)","categorica","219","General José Manuel Pando"
"persona","prov_res_cod","Provincia de residencia habitual (residentes en el país y que respondieron a la pregunta)","categorica","220","Caranavi"
"persona","prov_res_cod","Provincia de residencia habitual (residentes en el país y que respondieron a la pregunta)","categorica","299","La Paz sin provincia especificada"
"persona","prov_res_cod","Provincia de residencia habitual (residentes en el país y que respondieron a la pregunta)","categorica","301","Cercado"
"persona","prov_res_cod","Provincia de residencia habitual (residentes en el país y que respondieron a la pregunta)","categorica","302","Campero"
"persona","prov_res_cod","Provincia de residencia habitual (residentes en el país y que respondieron a la pregunta)","categorica","303","Ayopaya"
"persona","prov_res_cod","Provincia de residencia habitual (residentes en el país y que respondieron a la pregunta)","categorica","304","Esteban Arze"
"persona","prov_res_cod","Provincia de residencia habitual (residentes en el país y que respondieron a la pregunta)","categorica","305","Arani"
"persona","prov_res_cod","Provincia de residencia habitual (residentes en el país y que respondieron a la pregunta)","categorica","306","Arque"
"persona","prov_res_cod","Provincia de residencia habitual (residentes en el país y que respondieron a la pregunta)","categorica","307","Capinota"
"persona","prov_res_cod","Provincia de residencia habitual (residentes en el país y que respondieron a la pregunta)","categorica","308","Germán Jordán"
"persona","prov_res_cod","Provincia de residencia habitual (residentes en el país y que respondieron a la pregunta)","categorica","309","Quillacollo"
"persona","prov_res_cod","Provincia de residencia habitual (residentes en el país y que respondieron a la pregunta)","categorica","310","Chapare"
"persona","prov_res_cod","Provincia de residencia habitual (residentes en el país y que respondieron a la pregunta)","categorica","311","Tapacarí"
"persona","prov_res_cod","Provincia de residencia habitual (residentes en el país y que respondieron a la pregunta)","categorica","312","Carrasco"
"persona","prov_res_cod","Provincia de residencia habitual (residentes en el país y que respondieron a la pregunta)","categorica","313","Mizque"
"persona","prov_res_cod","Provincia de residencia habitual (residentes en el país y que respondieron a la pregunta)","categorica","314","Punata"
"persona","prov_res_cod","Provincia de residencia habitual (residentes en el país y que respondieron a la pregunta)","categorica","315","Bolívar"
"persona","prov_res_cod","Provincia de residencia habitual (residentes en el país y que respondieron a la pregunta)","categorica","316","Tiraque"
"persona","prov_res_cod","Provincia de residencia habitual (residentes en el país y que respondieron a la pregunta)","categorica","399","Cochabamba sin provincia especificada"
"persona","prov_res_cod","Provincia de residencia habitual (residentes en el país y que respondieron a la pregunta)","categorica","401","Cercado"
"persona","prov_res_cod","Provincia de residencia habitual (residentes en el país y que respondieron a la pregunta)","categorica","402","Abaroa"
"persona","prov_res_cod","Provincia de residencia habitual (residentes en el país y que respondieron a la pregunta)","categorica","403","Carangas"
"persona","prov_res_cod","Provincia de residencia habitual (residentes en el país y que respondieron a la pregunta)","categorica","404","Sajama"
"persona","prov_res_cod","Provincia de residencia habitual (residentes en el país y que respondieron a la pregunta)","categorica","405","Litoral"
"persona","prov_res_cod","Provincia de residencia habitual (residentes en el país y que respondieron a la pregunta)","categorica","406","Poopó"
"persona","prov_res_cod","Provincia de residencia habitual (residentes en el país y que respondieron a la pregunta)","categorica","407","Pantaleón Dalence"
"persona","prov_res_cod","Provincia de residencia habitual (residentes en el país y que respondieron a la pregunta)","categorica","408","Ladislao Cabrera"
"persona","prov_res_cod","Provincia de residencia habitual (residentes en el país y que respondieron a la pregunta)","categorica","409","Sabaya"
"persona","prov_res_cod","Provincia de residencia habitual (residentes en el país y que respondieron a la pregunta)","categorica","410","Saucarí"
"persona","prov_res_cod","Provincia de residencia habitual (residentes en el país y que respondieron a la pregunta)","categorica","411","Tomás Barrón"
"persona","prov_res_cod","Provincia de residencia habitual (residentes en el país y que respondieron a la pregunta)","categorica","412","Sur Carangas"
"persona","prov_res_cod","Provincia de residencia habitual (residentes en el país y que respondieron a la pregunta)","categorica","413","San Pedro de Totora"
"persona","prov_res_cod","Provincia de residencia habitual (residentes en el país y que respondieron a la pregunta)","categorica","414","Sebastián Pagador"
"persona","prov_res_cod","Provincia de residencia habitual (residentes en el país y que respondieron a la pregunta)","categorica","415","Mejillones"
"persona","prov_res_cod","Provincia de residencia habitual (residentes en el país y que respondieron a la pregunta)","categorica","416","Nor Carangas"
"persona","prov_res_cod","Provincia de residencia habitual (residentes en el país y que respondieron a la pregunta)","categorica","499","Oruro sin provincia especificada"
"persona","prov_res_cod","Provincia de residencia habitual (residentes en el país y que respondieron a la pregunta)","categorica","501","Tomás Frías"
"persona","prov_res_cod","Provincia de residencia habitual (residentes en el país y que respondieron a la pregunta)","categorica","502","Rafael Bustillo"
"persona","prov_res_cod","Provincia de residencia habitual (residentes en el país y que respondieron a la pregunta)","categorica","503","Cornelio Saavedra"
"persona","prov_res_cod","Provincia de residencia habitual (residentes en el país y que respondieron a la pregunta)","categorica","504","Chayanta"
"persona","prov_res_cod","Provincia de residencia habitual (residentes en el país y que respondieron a la pregunta)","categorica","505","Charcas"
"persona","prov_res_cod","Provincia de residencia habitual (residentes en el país y que respondieron a la pregunta)","categorica","506","Nor Chichas"
"persona","prov_res_cod","Provincia de residencia habitual (residentes en el país y que respondieron a la pregunta)","categorica","507","Alonso de Ibáñez"
"persona","prov_res_cod","Provincia de residencia habitual (residentes en el país y que respondieron a la pregunta)","categorica","508","Sur Chichas"
"persona","prov_res_cod","Provincia de residencia habitual (residentes en el país y que respondieron a la pregunta)","categorica","509","Nor Lípez"
"persona","prov_res_cod","Provincia de residencia habitual (residentes en el país y que respondieron a la pregunta)","categorica","510","Sur Lípez"
"persona","prov_res_cod","Provincia de residencia habitual (residentes en el país y que respondieron a la pregunta)","categorica","511","José María Linares"
"persona","prov_res_cod","Provincia de residencia habitual (residentes en el país y que respondieron a la pregunta)","categorica","512","Antonio Quijarro"
"persona","prov_res_cod","Provincia de residencia habitual (residentes en el país y que respondieron a la pregunta)","categorica","513","General Bernardino Bilbao"
"persona","prov_res_cod","Provincia de residencia habitual (residentes en el país y que respondieron a la pregunta)","categorica","514","Daniel Campos"
"persona","prov_res_cod","Provincia de residencia habitual (residentes en el país y que respondieron a la pregunta)","categorica","515","Modesto Omiste"
"persona","prov_res_cod","Provincia de residencia habitual (residentes en el país y que respondieron a la pregunta)","categorica","516","Enrique Baldivieso"
"persona","prov_res_cod","Provincia de residencia habitual (residentes en el país y que respondieron a la pregunta)","categorica","599","Potosí sin provincia especificada"
"persona","prov_res_cod","Provincia de residencia habitual (residentes en el país y que respondieron a la pregunta)","categorica","601","Cercado"
"persona","prov_res_cod","Provincia de residencia habitual (residentes en el país y que respondieron a la pregunta)","categorica","602","Arce"
"persona","prov_res_cod","Provincia de residencia habitual (residentes en el país y que respondieron a la pregunta)","categorica","603","Gran Chaco"
"persona","prov_res_cod","Provincia de residencia habitual (residentes en el país y que respondieron a la pregunta)","categorica","604","Avilez"
"persona","prov_res_cod","Provincia de residencia habitual (residentes en el país y que respondieron a la pregunta)","categorica","605","Méndez"
"persona","prov_res_cod","Provincia de residencia habitual (residentes en el país y que respondieron a la pregunta)","categorica","606","O'Connor"
"persona","prov_res_cod","Provincia de residencia habitual (residentes en el país y que respondieron a la pregunta)","categorica","699","Tarija sin provincia especificada"
"persona","prov_res_cod","Provincia de residencia habitual (residentes en el país y que respondieron a la pregunta)","categorica","701","Andrés Ibáñez"
"persona","prov_res_cod","Provincia de residencia habitual (residentes en el país y que respondieron a la pregunta)","categorica","702","Warnes"
"persona","prov_res_cod","Provincia de residencia habitual (residentes en el país y que respondieron a la pregunta)","categorica","703","Velasco"
"persona","prov_res_cod","Provincia de residencia habitual (residentes en el país y que respondieron a la pregunta)","categorica","704","Ichilo"
"persona","prov_res_cod","Provincia de residencia habitual (residentes en el país y que respondieron a la pregunta)","categorica","705","Chiquitos"
"persona","prov_res_cod","Provincia de residencia habitual (residentes en el país y que respondieron a la pregunta)","categorica","706","Sara"
"persona","prov_res_cod","Provincia de residencia habitual (residentes en el país y que respondieron a la pregunta)","categorica","707","Cordillera"
"persona","prov_res_cod","Provincia de residencia habitual (residentes en el país y que respondieron a la pregunta)","categorica","708","Valle Grande"
"persona","prov_res_cod","Provincia de residencia habitual (residentes en el país y que respondieron a la pregunta)","categorica","709","Florida"
"persona","prov_res_cod","Provincia de residencia habitual (residentes en el país y que respondieron a la pregunta)","categorica","710","Obispo Santisteban"
"persona","prov_res_cod","Provincia de residencia habitual (residentes en el país y que respondieron a la pregunta)","categorica","711","Ñuflo de Chávez"
"persona","prov_res_cod","Provincia de residencia habitual (residentes en el país y que respondieron a la pregunta)","categorica","712","Ángel Sandoval"
"persona","prov_res_cod","Provincia de residencia habitual (residentes en el país y que respondieron a la pregunta)","categorica","713","Manuel María Caballero"
"persona","prov_res_cod","Provincia de residencia habitual (residentes en el país y que respondieron a la pregunta)","categorica","714","Germán Busch"
"persona","prov_res_cod","Provincia de residencia habitual (residentes en el país y que respondieron a la pregunta)","categorica","715","Guarayos"
"persona","prov_res_cod","Provincia de residencia habitual (residentes en el país y que respondieron a la pregunta)","categorica","799","Santa Cruz sin provincia especificada"
"persona","prov_res_cod","Provincia de residencia habitual (residentes en el país y que respondieron a la pregunta)","categorica","801","Cercado"
"persona","prov_res_cod","Provincia de residencia habitual (residentes en el país y que respondieron a la pregunta)","categorica","802","Vaca Diez"
"persona","prov_res_cod","Provincia de residencia habitual (residentes en el país y que respondieron a la pregunta)","categorica","803","General José Ballivián"
"persona","prov_res_cod","Provincia de residencia habitual (residentes en el país y que respondieron a la pregunta)","categorica","804","Yacuma"
"persona","prov_res_cod","Provincia de residencia habitual (residentes en el país y que respondieron a la pregunta)","categorica","805","Moxos"
"persona","prov_res_cod","Provincia de residencia habitual (residentes en el país y que respondieron a la pregunta)","categorica","806","Marbán"
"persona","prov_res_cod","Provincia de residencia habitual (residentes en el país y que respondieron a la pregunta)","categorica","807","Mamoré"
"persona","prov_res_cod","Provincia de residencia habitual (residentes en el país y que respondieron a la pregunta)","categorica","808","Iténez"
"persona","prov_res_cod","Provincia de residencia habitual (residentes en el país y que respondieron a la pregunta)","categorica","809","Territorio Indígena Multiétnico"
"persona","prov_res_cod","Provincia de residencia habitual (residentes en el país y que respondieron a la pregunta)","categorica","899","Beni sin provincia especificada"
"persona","prov_res_cod","Provincia de residencia habitual (residentes en el país y que respondieron a la pregunta)","categorica","901","Nicolás Suárez"
"persona","prov_res_cod","Provincia de residencia habitual (residentes en el país y que respondieron a la pregunta)","categorica","902","Manuripi"
"persona","prov_res_cod","Provincia de residencia habitual (residentes en el país y que respondieron a la pregunta)","categorica","903","Madre de Dios"
"persona","prov_res_cod","Provincia de residencia habitual (residentes en el país y que respondieron a la pregunta)","categorica","904","Abuná"
"persona","prov_res_cod","Provincia de residencia habitual (residentes en el país y que respondieron a la pregunta)","categorica","905","Federico Román"
"persona","prov_res_cod","Provincia de residencia habitual (residentes en el país y que respondieron a la pregunta)","categorica","999","Pando sin provincia especificada"
"persona","prov_res_cod","Provincia de residencia habitual (residentes en el país y que respondieron a la pregunta)","categorica","9999","Sin especificar"
"persona","mun_res_cod","Municipio de residencia habitual (residentes en el país y que respondieron a la pregunta)","categorica","10101","Sucre"
"persona","mun_res_cod","Municipio de residencia habitual (residentes en el país y que respondieron a la pregunta)","categorica","10102","Yotala"
"persona","mun_res_cod","Municipio de residencia habitual (residentes en el país y que respondieron a la pregunta)","categorica","10103","Poroma"
"persona","mun_res_cod","Municipio de residencia habitual (residentes en el país y que respondieron a la pregunta)","categorica","10199","Oropeza sin municipio especificado"
"persona","mun_res_cod","Municipio de residencia habitual (residentes en el país y que respondieron a la pregunta)","categorica","10201","Azurduy"
"persona","mun_res_cod","Municipio de residencia habitual (residentes en el país y que respondieron a la pregunta)","categorica","10202","Tarvita"
"persona","mun_res_cod","Municipio de residencia habitual (residentes en el país y que respondieron a la pregunta)","categorica","10299","Azurduy sin municipio especificado"
"persona","mun_res_cod","Municipio de residencia habitual (residentes en el país y que respondieron a la pregunta)","categorica","10301","Zudáñez"
"persona","mun_res_cod","Municipio de residencia habitual (residentes en el país y que respondieron a la pregunta)","categorica","10302","Presto"
"persona","mun_res_cod","Municipio de residencia habitual (residentes en el país y que respondieron a la pregunta)","categorica","10303","Mojocoya"
"persona","mun_res_cod","Municipio de residencia habitual (residentes en el país y que respondieron a la pregunta)","categorica","10304","Icla"
"persona","mun_res_cod","Municipio de residencia habitual (residentes en el país y que respondieron a la pregunta)","categorica","10399","Zudáñez sin municipio especificado"
"persona","mun_res_cod","Municipio de residencia habitual (residentes en el país y que respondieron a la pregunta)","categorica","10401","Padilla"
"persona","mun_res_cod","Municipio de residencia habitual (residentes en el país y que respondieron a la pregunta)","categorica","10402","Tomina"
"persona","mun_res_cod","Municipio de residencia habitual (residentes en el país y que respondieron a la pregunta)","categorica","10403","Sopachuy"
"persona","mun_res_cod","Municipio de residencia habitual (residentes en el país y que respondieron a la pregunta)","categorica","10404","Alcalá"
"persona","mun_res_cod","Municipio de residencia habitual (residentes en el país y que respondieron a la pregunta)","categorica","10405","El Villar"
"persona","mun_res_cod","Municipio de residencia habitual (residentes en el país y que respondieron a la pregunta)","categorica","10499","Tomina sin municipio especificado"
"persona","mun_res_cod","Municipio de residencia habitual (residentes en el país y que respondieron a la pregunta)","categorica","10501","Monteagudo"
"persona","mun_res_cod","Municipio de residencia habitual (residentes en el país y que respondieron a la pregunta)","categorica","10502","Huacareta"
"persona","mun_res_cod","Municipio de residencia habitual (residentes en el país y que respondieron a la pregunta)","categorica","10599","Hernando Siles sin municipio especificado"
"persona","mun_res_cod","Municipio de residencia habitual (residentes en el país y que respondieron a la pregunta)","categorica","10601","Tarabuco"
"persona","mun_res_cod","Municipio de residencia habitual (residentes en el país y que respondieron a la pregunta)","categorica","10602","Yamparáez"
"persona","mun_res_cod","Municipio de residencia habitual (residentes en el país y que respondieron a la pregunta)","categorica","10699","Yamparáez sin municipio especificado"
"persona","mun_res_cod","Municipio de residencia habitual (residentes en el país y que respondieron a la pregunta)","categorica","10701","Camargo"
"persona","mun_res_cod","Municipio de residencia habitual (residentes en el país y que respondieron a la pregunta)","categorica","10702","San Lucas"
"persona","mun_res_cod","Municipio de residencia habitual (residentes en el país y que respondieron a la pregunta)","categorica","10703","Incahuasi"
"persona","mun_res_cod","Municipio de residencia habitual (residentes en el país y que respondieron a la pregunta)","categorica","10704","Villa Charcas"
"persona","mun_res_cod","Municipio de residencia habitual (residentes en el país y que respondieron a la pregunta)","categorica","10799","Nor Cinti sin municipio especificado"
"persona","mun_res_cod","Municipio de residencia habitual (residentes en el país y que respondieron a la pregunta)","categorica","10801","Villa Serrano"
"persona","mun_res_cod","Municipio de residencia habitual (residentes en el país y que respondieron a la pregunta)","categorica","10899","Belisario Boeto sin municipio especificado"
"persona","mun_res_cod","Municipio de residencia habitual (residentes en el país y que respondieron a la pregunta)","categorica","10901","Villa Abecia"
"persona","mun_res_cod","Municipio de residencia habitual (residentes en el país y que respondieron a la pregunta)","categorica","10902","Culpina"
"persona","mun_res_cod","Municipio de residencia habitual (residentes en el país y que respondieron a la pregunta)","categorica","10903","Las Carreras"
"persona","mun_res_cod","Municipio de residencia habitual (residentes en el país y que respondieron a la pregunta)","categorica","10999","Sud Cinti sin municipio especificado"
"persona","mun_res_cod","Municipio de residencia habitual (residentes en el país y que respondieron a la pregunta)","categorica","11001","Villa Vaca Guzmán"
"persona","mun_res_cod","Municipio de residencia habitual (residentes en el país y que respondieron a la pregunta)","categorica","11002","Huacaya (Autonomía Guaraní Chaqueño de Huacaya)"
"persona","mun_res_cod","Municipio de residencia habitual (residentes en el país y que respondieron a la pregunta)","categorica","11003","Macharetí"
"persona","mun_res_cod","Municipio de residencia habitual (residentes en el país y que respondieron a la pregunta)","categorica","11099","Luis Calvo sin municipio especificado"
"persona","mun_res_cod","Municipio de residencia habitual (residentes en el país y que respondieron a la pregunta)","categorica","19999","Chuquisaca sin provincia y municipio especificado"
"persona","mun_res_cod","Municipio de residencia habitual (residentes en el país y que respondieron a la pregunta)","categorica","20101","Nuestra Señora de La Paz"
"persona","mun_res_cod","Municipio de residencia habitual (residentes en el país y que respondieron a la pregunta)","categorica","20102","Palca"
"persona","mun_res_cod","Municipio de residencia habitual (residentes en el país y que respondieron a la pregunta)","categorica","20103","Mecapaca"
"persona","mun_res_cod","Municipio de residencia habitual (residentes en el país y que respondieron a la pregunta)","categorica","20104","Achocalla"
"persona","mun_res_cod","Municipio de residencia habitual (residentes en el país y que respondieron a la pregunta)","categorica","20105","El Alto"
"persona","mun_res_cod","Municipio de residencia habitual (residentes en el país y que respondieron a la pregunta)","categorica","20199","Murillo sin municipio especificado"
"persona","mun_res_cod","Municipio de residencia habitual (residentes en el país y que respondieron a la pregunta)","categorica","20201","Achacachi"
"persona","mun_res_cod","Municipio de residencia habitual (residentes en el país y que respondieron a la pregunta)","categorica","20202","Villa Ancoraimes"
"persona","mun_res_cod","Municipio de residencia habitual (residentes en el país y que respondieron a la pregunta)","categorica","20203","Huarina"
"persona","mun_res_cod","Municipio de residencia habitual (residentes en el país y que respondieron a la pregunta)","categorica","20204","Santiago de Huata"
"persona","mun_res_cod","Municipio de residencia habitual (residentes en el país y que respondieron a la pregunta)","categorica","20205","Huatajata"
"persona","mun_res_cod","Municipio de residencia habitual (residentes en el país y que respondieron a la pregunta)","categorica","20206","Chua Cocani"
"persona","mun_res_cod","Municipio de residencia habitual (residentes en el país y que respondieron a la pregunta)","categorica","20299","Omasuyos sin municipio especificado"
"persona","mun_res_cod","Municipio de residencia habitual (residentes en el país y que respondieron a la pregunta)","categorica","20301","Corocoro"
"persona","mun_res_cod","Municipio de residencia habitual (residentes en el país y que respondieron a la pregunta)","categorica","20302","Caquiaviri"
"persona","mun_res_cod","Municipio de residencia habitual (residentes en el país y que respondieron a la pregunta)","categorica","20303","Calacoto"
"persona","mun_res_cod","Municipio de residencia habitual (residentes en el país y que respondieron a la pregunta)","categorica","20304","Comanche"
"persona","mun_res_cod","Municipio de residencia habitual (residentes en el país y que respondieron a la pregunta)","categorica","20305","Charaña"
"persona","mun_res_cod","Municipio de residencia habitual (residentes en el país y que respondieron a la pregunta)","categorica","20306","Waldo Ballivián"
"persona","mun_res_cod","Municipio de residencia habitual (residentes en el país y que respondieron a la pregunta)","categorica","20307","Nazacara de Pacajes"
"persona","mun_res_cod","Municipio de residencia habitual (residentes en el país y que respondieron a la pregunta)","categorica","20308","Santiago de Callapa"
"persona","mun_res_cod","Municipio de residencia habitual (residentes en el país y que respondieron a la pregunta)","categorica","20399","Pacajes sin municipio especificado"
"persona","mun_res_cod","Municipio de residencia habitual (residentes en el país y que respondieron a la pregunta)","categorica","20401","Puerto Acosta"
"persona","mun_res_cod","Municipio de residencia habitual (residentes en el país y que respondieron a la pregunta)","categorica","20402","Mocomoco"
"persona","mun_res_cod","Municipio de residencia habitual (residentes en el país y que respondieron a la pregunta)","categorica","20403","Puerto Mayor de Carabuco"
"persona","mun_res_cod","Municipio de residencia habitual (residentes en el país y que respondieron a la pregunta)","categorica","20404","Humanata"
"persona","mun_res_cod","Municipio de residencia habitual (residentes en el país y que respondieron a la pregunta)","categorica","20405","Escoma"
"persona","mun_res_cod","Municipio de residencia habitual (residentes en el país y que respondieron a la pregunta)","categorica","20499","Camacho sin municipio especificado"
"persona","mun_res_cod","Municipio de residencia habitual (residentes en el país y que respondieron a la pregunta)","categorica","20501","Chuma"
"persona","mun_res_cod","Municipio de residencia habitual (residentes en el país y que respondieron a la pregunta)","categorica","20502","Ayata"
"persona","mun_res_cod","Municipio de residencia habitual (residentes en el país y que respondieron a la pregunta)","categorica","20503","Aucapata"
"persona","mun_res_cod","Municipio de residencia habitual (residentes en el país y que respondieron a la pregunta)","categorica","20599","Muñecas sin municipio especificado"
"persona","mun_res_cod","Municipio de residencia habitual (residentes en el país y que respondieron a la pregunta)","categorica","20601","Sorata"
"persona","mun_res_cod","Municipio de residencia habitual (residentes en el país y que respondieron a la pregunta)","categorica","20602","Guanay"
"persona","mun_res_cod","Municipio de residencia habitual (residentes en el país y que respondieron a la pregunta)","categorica","20603","Tacacoma"
"persona","mun_res_cod","Municipio de residencia habitual (residentes en el país y que respondieron a la pregunta)","categorica","20604","Quiabaya"
"persona","mun_res_cod","Municipio de residencia habitual (residentes en el país y que respondieron a la pregunta)","categorica","20605","Combaya"
"persona","mun_res_cod","Municipio de residencia habitual (residentes en el país y que respondieron a la pregunta)","categorica","20606","Tipuani"
"persona","mun_res_cod","Municipio de residencia habitual (residentes en el país y que respondieron a la pregunta)","categorica","20607","Mapiri"
"persona","mun_res_cod","Municipio de residencia habitual (residentes en el país y que respondieron a la pregunta)","categorica","20608","Teoponte"
"persona","mun_res_cod","Municipio de residencia habitual (residentes en el país y que respondieron a la pregunta)","categorica","20699","Larecaja sin municipio especificado"
"persona","mun_res_cod","Municipio de residencia habitual (residentes en el país y que respondieron a la pregunta)","categorica","20701","Apolo"
"persona","mun_res_cod","Municipio de residencia habitual (residentes en el país y que respondieron a la pregunta)","categorica","20702","Pelechuco"
"persona","mun_res_cod","Municipio de residencia habitual (residentes en el país y que respondieron a la pregunta)","categorica","20799","Franz Tamayo sin municipio especificado"
"persona","mun_res_cod","Municipio de residencia habitual (residentes en el país y que respondieron a la pregunta)","categorica","20801","Viacha"
"persona","mun_res_cod","Municipio de residencia habitual (residentes en el país y que respondieron a la pregunta)","categorica","20802","Puerto Mayor de Guaqui"
"persona","mun_res_cod","Municipio de residencia habitual (residentes en el país y que respondieron a la pregunta)","categorica","20803","Tiahuanacu"
"persona","mun_res_cod","Municipio de residencia habitual (residentes en el país y que respondieron a la pregunta)","categorica","20804","Desaguadero"
"persona","mun_res_cod","Municipio de residencia habitual (residentes en el país y que respondieron a la pregunta)","categorica","20805","La (Marka) San Andrés de Machaca"
"persona","mun_res_cod","Municipio de residencia habitual (residentes en el país y que respondieron a la pregunta)","categorica","20806","Jesús de Machaka"
"persona","mun_res_cod","Municipio de residencia habitual (residentes en el país y que respondieron a la pregunta)","categorica","20807","Taraco"
"persona","mun_res_cod","Municipio de residencia habitual (residentes en el país y que respondieron a la pregunta)","categorica","20899","Ingavi sin municipio especificado"
"persona","mun_res_cod","Municipio de residencia habitual (residentes en el país y que respondieron a la pregunta)","categorica","20901","Luribay"
"persona","mun_res_cod","Municipio de residencia habitual (residentes en el país y que respondieron a la pregunta)","categorica","20902","Sapahaqui"
"persona","mun_res_cod","Municipio de residencia habitual (residentes en el país y que respondieron a la pregunta)","categorica","20903","Yaco"
"persona","mun_res_cod","Municipio de residencia habitual (residentes en el país y que respondieron a la pregunta)","categorica","20904","Malla"
"persona","mun_res_cod","Municipio de residencia habitual (residentes en el país y que respondieron a la pregunta)","categorica","20905","Cairoma"
"persona","mun_res_cod","Municipio de residencia habitual (residentes en el país y que respondieron a la pregunta)","categorica","20999","Loayza sin municipio especificado"
"persona","mun_res_cod","Municipio de residencia habitual (residentes en el país y que respondieron a la pregunta)","categorica","21001","Inquisivi"
"persona","mun_res_cod","Municipio de residencia habitual (residentes en el país y que respondieron a la pregunta)","categorica","21002","Quime"
"persona","mun_res_cod","Municipio de residencia habitual (residentes en el país y que respondieron a la pregunta)","categorica","21003","Cajuata"
"persona","mun_res_cod","Municipio de residencia habitual (residentes en el país y que respondieron a la pregunta)","categorica","21004","Colquiri"
"persona","mun_res_cod","Municipio de residencia habitual (residentes en el país y que respondieron a la pregunta)","categorica","21005","Ichoca"
"persona","mun_res_cod","Municipio de residencia habitual (residentes en el país y que respondieron a la pregunta)","categorica","21006","Villa Libertad Licoma"
"persona","mun_res_cod","Municipio de residencia habitual (residentes en el país y que respondieron a la pregunta)","categorica","21099","Inquisivi sin municipio especificado"
"persona","mun_res_cod","Municipio de residencia habitual (residentes en el país y que respondieron a la pregunta)","categorica","21101","Chulumani"
"persona","mun_res_cod","Municipio de residencia habitual (residentes en el país y que respondieron a la pregunta)","categorica","21102","Irupana"
"persona","mun_res_cod","Municipio de residencia habitual (residentes en el país y que respondieron a la pregunta)","categorica","21103","Yanacachi"
"persona","mun_res_cod","Municipio de residencia habitual (residentes en el país y que respondieron a la pregunta)","categorica","21104","Palos Blancos"
"persona","mun_res_cod","Municipio de residencia habitual (residentes en el país y que respondieron a la pregunta)","categorica","21105","La Asunta"
"persona","mun_res_cod","Municipio de residencia habitual (residentes en el país y que respondieron a la pregunta)","categorica","21199","Sur Yungas sin municipio especificado"
"persona","mun_res_cod","Municipio de residencia habitual (residentes en el país y que respondieron a la pregunta)","categorica","21201","Pucarani"
"persona","mun_res_cod","Municipio de residencia habitual (residentes en el país y que respondieron a la pregunta)","categorica","21202","Laja"
"persona","mun_res_cod","Municipio de residencia habitual (residentes en el país y que respondieron a la pregunta)","categorica","21203","Batallas"
"persona","mun_res_cod","Municipio de residencia habitual (residentes en el país y que respondieron a la pregunta)","categorica","21204","Puerto Pérez"
"persona","mun_res_cod","Municipio de residencia habitual (residentes en el país y que respondieron a la pregunta)","categorica","21299","Los Andes sin municipio especificado"
"persona","mun_res_cod","Municipio de residencia habitual (residentes en el país y que respondieron a la pregunta)","categorica","21301","Sicasica"
"persona","mun_res_cod","Municipio de residencia habitual (residentes en el país y que respondieron a la pregunta)","categorica","21302","Umala"
"persona","mun_res_cod","Municipio de residencia habitual (residentes en el país y que respondieron a la pregunta)","categorica","21303","Ayo Ayo"
"persona","mun_res_cod","Municipio de residencia habitual (residentes en el país y que respondieron a la pregunta)","categorica","21304","Calamarca"
"persona","mun_res_cod","Municipio de residencia habitual (residentes en el país y que respondieron a la pregunta)","categorica","21305","Patacamaya"
"persona","mun_res_cod","Municipio de residencia habitual (residentes en el país y que respondieron a la pregunta)","categorica","21306","Colquencha"
"persona","mun_res_cod","Municipio de residencia habitual (residentes en el país y que respondieron a la pregunta)","categorica","21307","Collana"
"persona","mun_res_cod","Municipio de residencia habitual (residentes en el país y que respondieron a la pregunta)","categorica","21399","Aroma sin municipio especificado"
"persona","mun_res_cod","Municipio de residencia habitual (residentes en el país y que respondieron a la pregunta)","categorica","21401","Coroico"
"persona","mun_res_cod","Municipio de residencia habitual (residentes en el país y que respondieron a la pregunta)","categorica","21402","Coripata"
"persona","mun_res_cod","Municipio de residencia habitual (residentes en el país y que respondieron a la pregunta)","categorica","21499","Nor Yungas sin municipio especificado"
"persona","mun_res_cod","Municipio de residencia habitual (residentes en el país y que respondieron a la pregunta)","categorica","21501","Ixiamas"
"persona","mun_res_cod","Municipio de residencia habitual (residentes en el país y que respondieron a la pregunta)","categorica","21502","San Buenaventura"
"persona","mun_res_cod","Municipio de residencia habitual (residentes en el país y que respondieron a la pregunta)","categorica","21599","Abel Iturralde sin municipio especificado"
"persona","mun_res_cod","Municipio de residencia habitual (residentes en el país y que respondieron a la pregunta)","categorica","21601","Charazani"
"persona","mun_res_cod","Municipio de residencia habitual (residentes en el país y que respondieron a la pregunta)","categorica","21602","Curva"
"persona","mun_res_cod","Municipio de residencia habitual (residentes en el país y que respondieron a la pregunta)","categorica","21699","Bautista Saavedra sin municipio especificado"
"persona","mun_res_cod","Municipio de residencia habitual (residentes en el país y que respondieron a la pregunta)","categorica","21701","Copacabana"
"persona","mun_res_cod","Municipio de residencia habitual (residentes en el país y que respondieron a la pregunta)","categorica","21702","San Pedro de Tiquina"
"persona","mun_res_cod","Municipio de residencia habitual (residentes en el país y que respondieron a la pregunta)","categorica","21703","Tito Yupanqui"
"persona","mun_res_cod","Municipio de residencia habitual (residentes en el país y que respondieron a la pregunta)","categorica","21799","Manco Kapac sin municipio especificado"
"persona","mun_res_cod","Municipio de residencia habitual (residentes en el país y que respondieron a la pregunta)","categorica","21801","San Pedro de Curahuara"
"persona","mun_res_cod","Municipio de residencia habitual (residentes en el país y que respondieron a la pregunta)","categorica","21802","Papel Pampa"
"persona","mun_res_cod","Municipio de residencia habitual (residentes en el país y que respondieron a la pregunta)","categorica","21803","Chacarilla"
"persona","mun_res_cod","Municipio de residencia habitual (residentes en el país y que respondieron a la pregunta)","categorica","21899","Gualberto Villarroel sin municipio especificado"
"persona","mun_res_cod","Municipio de residencia habitual (residentes en el país y que respondieron a la pregunta)","categorica","21901","Santiago de Machaca"
"persona","mun_res_cod","Municipio de residencia habitual (residentes en el país y que respondieron a la pregunta)","categorica","21902","Catacora"
"persona","mun_res_cod","Municipio de residencia habitual (residentes en el país y que respondieron a la pregunta)","categorica","21999","General José Manuel sin municipio especificado"
"persona","mun_res_cod","Municipio de residencia habitual (residentes en el país y que respondieron a la pregunta)","categorica","22001","Caranavi"
"persona","mun_res_cod","Municipio de residencia habitual (residentes en el país y que respondieron a la pregunta)","categorica","22002","Alto Beni"
"persona","mun_res_cod","Municipio de residencia habitual (residentes en el país y que respondieron a la pregunta)","categorica","22099","Caranavi sin municipio especificado"
"persona","mun_res_cod","Municipio de residencia habitual (residentes en el país y que respondieron a la pregunta)","categorica","29999","La Paz sin provincia y municipio especificado"
"persona","mun_res_cod","Municipio de residencia habitual (residentes en el país y que respondieron a la pregunta)","categorica","30101","Cochabamba"
"persona","mun_res_cod","Municipio de residencia habitual (residentes en el país y que respondieron a la pregunta)","categorica","30199","Cercado sin municipio especificado"
"persona","mun_res_cod","Municipio de residencia habitual (residentes en el país y que respondieron a la pregunta)","categorica","30201","Aiquile"
"persona","mun_res_cod","Municipio de residencia habitual (residentes en el país y que respondieron a la pregunta)","categorica","30202","Pasorapa"
"persona","mun_res_cod","Municipio de residencia habitual (residentes en el país y que respondieron a la pregunta)","categorica","30203","Omereque"
"persona","mun_res_cod","Municipio de residencia habitual (residentes en el país y que respondieron a la pregunta)","categorica","30299","Campero sin municipio especificado"
"persona","mun_res_cod","Municipio de residencia habitual (residentes en el país y que respondieron a la pregunta)","categorica","30301","Ayopaya"
"persona","mun_res_cod","Municipio de residencia habitual (residentes en el país y que respondieron a la pregunta)","categorica","30302","Morochata"
"persona","mun_res_cod","Municipio de residencia habitual (residentes en el país y que respondieron a la pregunta)","categorica","30303","Cocapata"
"persona","mun_res_cod","Municipio de residencia habitual (residentes en el país y que respondieron a la pregunta)","categorica","30399","Ayopaya sin municipio especificado"
"persona","mun_res_cod","Municipio de residencia habitual (residentes en el país y que respondieron a la pregunta)","categorica","30401","Tarata"
"persona","mun_res_cod","Municipio de residencia habitual (residentes en el país y que respondieron a la pregunta)","categorica","30402","Anzaldo"
"persona","mun_res_cod","Municipio de residencia habitual (residentes en el país y que respondieron a la pregunta)","categorica","30403","Arbieto"
"persona","mun_res_cod","Municipio de residencia habitual (residentes en el país y que respondieron a la pregunta)","categorica","30404","Sacabamba"
"persona","mun_res_cod","Municipio de residencia habitual (residentes en el país y que respondieron a la pregunta)","categorica","30499","Esteban Arze sin municipio especificado"
"persona","mun_res_cod","Municipio de residencia habitual (residentes en el país y que respondieron a la pregunta)","categorica","30501","Arani"
"persona","mun_res_cod","Municipio de residencia habitual (residentes en el país y que respondieron a la pregunta)","categorica","30502","Vacas"
"persona","mun_res_cod","Municipio de residencia habitual (residentes en el país y que respondieron a la pregunta)","categorica","30599","Arani sin municipio especificado"
"persona","mun_res_cod","Municipio de residencia habitual (residentes en el país y que respondieron a la pregunta)","categorica","30601","Arque"
"persona","mun_res_cod","Municipio de residencia habitual (residentes en el país y que respondieron a la pregunta)","categorica","30602","Tacopaya"
"persona","mun_res_cod","Municipio de residencia habitual (residentes en el país y que respondieron a la pregunta)","categorica","30699","Arque sin municipio especificado"
"persona","mun_res_cod","Municipio de residencia habitual (residentes en el país y que respondieron a la pregunta)","categorica","30701","Capinota"
"persona","mun_res_cod","Municipio de residencia habitual (residentes en el país y que respondieron a la pregunta)","categorica","30702","Santiváñez"
"persona","mun_res_cod","Municipio de residencia habitual (residentes en el país y que respondieron a la pregunta)","categorica","30703","Sicaya"
"persona","mun_res_cod","Municipio de residencia habitual (residentes en el país y que respondieron a la pregunta)","categorica","30799","Capinota sin municipio especificado"
"persona","mun_res_cod","Municipio de residencia habitual (residentes en el país y que respondieron a la pregunta)","categorica","30801","Cliza"
"persona","mun_res_cod","Municipio de residencia habitual (residentes en el país y que respondieron a la pregunta)","categorica","30802","Toco"
"persona","mun_res_cod","Municipio de residencia habitual (residentes en el país y que respondieron a la pregunta)","categorica","30803","Tolata"
"persona","mun_res_cod","Municipio de residencia habitual (residentes en el país y que respondieron a la pregunta)","categorica","30899","Germán Jordán sin municipio especificado"
"persona","mun_res_cod","Municipio de residencia habitual (residentes en el país y que respondieron a la pregunta)","categorica","30901","Quillacollo"
"persona","mun_res_cod","Municipio de residencia habitual (residentes en el país y que respondieron a la pregunta)","categorica","30902","Sipesipe"
"persona","mun_res_cod","Municipio de residencia habitual (residentes en el país y que respondieron a la pregunta)","categorica","30903","Tiquipaya"
"persona","mun_res_cod","Municipio de residencia habitual (residentes en el país y que respondieron a la pregunta)","categorica","30904","Vinto"
"persona","mun_res_cod","Municipio de residencia habitual (residentes en el país y que respondieron a la pregunta)","categorica","30905","Colcapirhua"
"persona","mun_res_cod","Municipio de residencia habitual (residentes en el país y que respondieron a la pregunta)","categorica","30999","Quillacollo sin municipio especificado"
"persona","mun_res_cod","Municipio de residencia habitual (residentes en el país y que respondieron a la pregunta)","categorica","31001","Sacaba"
"persona","mun_res_cod","Municipio de residencia habitual (residentes en el país y que respondieron a la pregunta)","categorica","31002","Colomi"
"persona","mun_res_cod","Municipio de residencia habitual (residentes en el país y que respondieron a la pregunta)","categorica","31003","Villa Tunari"
"persona","mun_res_cod","Municipio de residencia habitual (residentes en el país y que respondieron a la pregunta)","categorica","31099","Chapare sin municipio especificado"
"persona","mun_res_cod","Municipio de residencia habitual (residentes en el país y que respondieron a la pregunta)","categorica","31101","Tapacarí"
"persona","mun_res_cod","Municipio de residencia habitual (residentes en el país y que respondieron a la pregunta)","categorica","31199","Tapacarí sin municipio especificado"
"persona","mun_res_cod","Municipio de residencia habitual (residentes en el país y que respondieron a la pregunta)","categorica","31201","Totora"
"persona","mun_res_cod","Municipio de residencia habitual (residentes en el país y que respondieron a la pregunta)","categorica","31202","Pojo"
"persona","mun_res_cod","Municipio de residencia habitual (residentes en el país y que respondieron a la pregunta)","categorica","31203","Pocona"
"persona","mun_res_cod","Municipio de residencia habitual (residentes en el país y que respondieron a la pregunta)","categorica","31204","Chimoré"
"persona","mun_res_cod","Municipio de residencia habitual (residentes en el país y que respondieron a la pregunta)","categorica","31205","Puerto Villarroel"
"persona","mun_res_cod","Municipio de residencia habitual (residentes en el país y que respondieron a la pregunta)","categorica","31206","Entre Ríos"
"persona","mun_res_cod","Municipio de residencia habitual (residentes en el país y que respondieron a la pregunta)","categorica","31299","Carrasco sin municipio especificado"
"persona","mun_res_cod","Municipio de residencia habitual (residentes en el país y que respondieron a la pregunta)","categorica","31301","Mizque"
"persona","mun_res_cod","Municipio de residencia habitual (residentes en el país y que respondieron a la pregunta)","categorica","31302","Vila Vila"
"persona","mun_res_cod","Municipio de residencia habitual (residentes en el país y que respondieron a la pregunta)","categorica","31303","Alalay"
"persona","mun_res_cod","Municipio de residencia habitual (residentes en el país y que respondieron a la pregunta)","categorica","31304","TIOC-Raqaypampa"
"persona","mun_res_cod","Municipio de residencia habitual (residentes en el país y que respondieron a la pregunta)","categorica","31399","Mizque sin municipio especificado"
"persona","mun_res_cod","Municipio de residencia habitual (residentes en el país y que respondieron a la pregunta)","categorica","31401","Punata"
"persona","mun_res_cod","Municipio de residencia habitual (residentes en el país y que respondieron a la pregunta)","categorica","31402","Villa Rivero"
"persona","mun_res_cod","Municipio de residencia habitual (residentes en el país y que respondieron a la pregunta)","categorica","31403","San Benito"
"persona","mun_res_cod","Municipio de residencia habitual (residentes en el país y que respondieron a la pregunta)","categorica","31404","Tacachi"
"persona","mun_res_cod","Municipio de residencia habitual (residentes en el país y que respondieron a la pregunta)","categorica","31405","Villa Gualberto Villarroel"
"persona","mun_res_cod","Municipio de residencia habitual (residentes en el país y que respondieron a la pregunta)","categorica","31499","Punata sin municipio especificado"
"persona","mun_res_cod","Municipio de residencia habitual (residentes en el país y que respondieron a la pregunta)","categorica","31501","Bolívar"
"persona","mun_res_cod","Municipio de residencia habitual (residentes en el país y que respondieron a la pregunta)","categorica","31599","Bolívar sin municipio especificado"
"persona","mun_res_cod","Municipio de residencia habitual (residentes en el país y que respondieron a la pregunta)","categorica","31601","Tiraque"
"persona","mun_res_cod","Municipio de residencia habitual (residentes en el país y que respondieron a la pregunta)","categorica","31602","Shinahota"
"persona","mun_res_cod","Municipio de residencia habitual (residentes en el país y que respondieron a la pregunta)","categorica","31699","Tiraque sin municipio especificado"
"persona","mun_res_cod","Municipio de residencia habitual (residentes en el país y que respondieron a la pregunta)","categorica","39999","Cochabamba sin provincia y municipio especificado"
"persona","mun_res_cod","Municipio de residencia habitual (residentes en el país y que respondieron a la pregunta)","categorica","40101","Oruro"
"persona","mun_res_cod","Municipio de residencia habitual (residentes en el país y que respondieron a la pregunta)","categorica","40102","Caracollo"
"persona","mun_res_cod","Municipio de residencia habitual (residentes en el país y que respondieron a la pregunta)","categorica","40103","El Choro"
"persona","mun_res_cod","Municipio de residencia habitual (residentes en el país y que respondieron a la pregunta)","categorica","40104","Paria"
"persona","mun_res_cod","Municipio de residencia habitual (residentes en el país y que respondieron a la pregunta)","categorica","40199","Cercado sin municipio especificado"
"persona","mun_res_cod","Municipio de residencia habitual (residentes en el país y que respondieron a la pregunta)","categorica","40201","Challapata"
"persona","mun_res_cod","Municipio de residencia habitual (residentes en el país y que respondieron a la pregunta)","categorica","40202","Santuario de Quillacas"
"persona","mun_res_cod","Municipio de residencia habitual (residentes en el país y que respondieron a la pregunta)","categorica","40299","Abaroa sin municipio especificado"
"persona","mun_res_cod","Municipio de residencia habitual (residentes en el país y que respondieron a la pregunta)","categorica","40301","Corque"
"persona","mun_res_cod","Municipio de residencia habitual (residentes en el país y que respondieron a la pregunta)","categorica","40302","Choquecota"
"persona","mun_res_cod","Municipio de residencia habitual (residentes en el país y que respondieron a la pregunta)","categorica","40399","Carangas sin municipio especificado"
"persona","mun_res_cod","Municipio de residencia habitual (residentes en el país y que respondieron a la pregunta)","categorica","40401","Curahuara de Carangas"
"persona","mun_res_cod","Municipio de residencia habitual (residentes en el país y que respondieron a la pregunta)","categorica","40402","Turco"
"persona","mun_res_cod","Municipio de residencia habitual (residentes en el país y que respondieron a la pregunta)","categorica","40499","Sajama sin municipio especificado"
"persona","mun_res_cod","Municipio de residencia habitual (residentes en el país y que respondieron a la pregunta)","categorica","40501","Huachacalla"
"persona","mun_res_cod","Municipio de residencia habitual (residentes en el país y que respondieron a la pregunta)","categorica","40502","Escara"
"persona","mun_res_cod","Municipio de residencia habitual (residentes en el país y que respondieron a la pregunta)","categorica","40503","Cruz de Machacamarca"
"persona","mun_res_cod","Municipio de residencia habitual (residentes en el país y que respondieron a la pregunta)","categorica","40504","Yunguyo del Litoral"
"persona","mun_res_cod","Municipio de residencia habitual (residentes en el país y que respondieron a la pregunta)","categorica","40505","Esmeralda"
"persona","mun_res_cod","Municipio de residencia habitual (residentes en el país y que respondieron a la pregunta)","categorica","40599","Litoral sin municipio especificado"
"persona","mun_res_cod","Municipio de residencia habitual (residentes en el país y que respondieron a la pregunta)","categorica","40601","Poopó"
"persona","mun_res_cod","Municipio de residencia habitual (residentes en el país y que respondieron a la pregunta)","categorica","40602","Pazña"
"persona","mun_res_cod","Municipio de residencia habitual (residentes en el país y que respondieron a la pregunta)","categorica","40603","Antequera"
"persona","mun_res_cod","Municipio de residencia habitual (residentes en el país y que respondieron a la pregunta)","categorica","40699","Poopó sin municipio especificado"
"persona","mun_res_cod","Municipio de residencia habitual (residentes en el país y que respondieron a la pregunta)","categorica","40701","Huanuni"
"persona","mun_res_cod","Municipio de residencia habitual (residentes en el país y que respondieron a la pregunta)","categorica","40702","Machacamarca"
"persona","mun_res_cod","Municipio de residencia habitual (residentes en el país y que respondieron a la pregunta)","categorica","40799","Pantaleón Dalence sin municipio especificado"
"persona","mun_res_cod","Municipio de residencia habitual (residentes en el país y que respondieron a la pregunta)","categorica","40801","Salinas de Garci Mendoza (Autonomía Indígena Originario Campesina de Salinas)"
"persona","mun_res_cod","Municipio de residencia habitual (residentes en el país y que respondieron a la pregunta)","categorica","40802","Pampa Aullagas"
"persona","mun_res_cod","Municipio de residencia habitual (residentes en el país y que respondieron a la pregunta)","categorica","40899","Ladislao Cabrera sin municipio especificado"
"persona","mun_res_cod","Municipio de residencia habitual (residentes en el país y que respondieron a la pregunta)","categorica","40901","Sabaya"
"persona","mun_res_cod","Municipio de residencia habitual (residentes en el país y que respondieron a la pregunta)","categorica","40902","Coipasa"
"persona","mun_res_cod","Municipio de residencia habitual (residentes en el país y que respondieron a la pregunta)","categorica","40903","Uru Chipaya (Nación Originaria Uru Chipaya)"
"persona","mun_res_cod","Municipio de residencia habitual (residentes en el país y que respondieron a la pregunta)","categorica","40999","Sabaya sin municipio especificado"
"persona","mun_res_cod","Municipio de residencia habitual (residentes en el país y que respondieron a la pregunta)","categorica","41001","Toledo"
"persona","mun_res_cod","Municipio de residencia habitual (residentes en el país y que respondieron a la pregunta)","categorica","41099","Saucarí sin municipio especificado"
"persona","mun_res_cod","Municipio de residencia habitual (residentes en el país y que respondieron a la pregunta)","categorica","41101","Eucaliptus"
"persona","mun_res_cod","Municipio de residencia habitual (residentes en el país y que respondieron a la pregunta)","categorica","41199","Tomás Barrón sin municipio especificado"
"persona","mun_res_cod","Municipio de residencia habitual (residentes en el país y que respondieron a la pregunta)","categorica","41201","Andamarca"
"persona","mun_res_cod","Municipio de residencia habitual (residentes en el país y que respondieron a la pregunta)","categorica","41202","Belén de Andamarca"
"persona","mun_res_cod","Municipio de residencia habitual (residentes en el país y que respondieron a la pregunta)","categorica","41299","Sur Carangas sin municipio especificado"
"persona","mun_res_cod","Municipio de residencia habitual (residentes en el país y que respondieron a la pregunta)","categorica","41301","Totora"
"persona","mun_res_cod","Municipio de residencia habitual (residentes en el país y que respondieron a la pregunta)","categorica","41399","San Pedro de Totora sin municipio especificado"
"persona","mun_res_cod","Municipio de residencia habitual (residentes en el país y que respondieron a la pregunta)","categorica","41401","Santiago de Huari"
"persona","mun_res_cod","Municipio de residencia habitual (residentes en el país y que respondieron a la pregunta)","categorica","41499","Sebastián Pagador sin municipio especificado"
"persona","mun_res_cod","Municipio de residencia habitual (residentes en el país y que respondieron a la pregunta)","categorica","41501","La Rivera"
"persona","mun_res_cod","Municipio de residencia habitual (residentes en el país y que respondieron a la pregunta)","categorica","41502","Todos Santos"
"persona","mun_res_cod","Municipio de residencia habitual (residentes en el país y que respondieron a la pregunta)","categorica","41503","Carangas"
"persona","mun_res_cod","Municipio de residencia habitual (residentes en el país y que respondieron a la pregunta)","categorica","41599","Mejillones sin municipio especificado"
"persona","mun_res_cod","Municipio de residencia habitual (residentes en el país y que respondieron a la pregunta)","categorica","41601","Santiago de Huayllamarca"
"persona","mun_res_cod","Municipio de residencia habitual (residentes en el país y que respondieron a la pregunta)","categorica","41699","Nor Carangas sin municipio especificado"
"persona","mun_res_cod","Municipio de residencia habitual (residentes en el país y que respondieron a la pregunta)","categorica","49999","Oruro sin provincia y municipio especificado"
"persona","mun_res_cod","Municipio de residencia habitual (residentes en el país y que respondieron a la pregunta)","categorica","50101","Potosí"
"persona","mun_res_cod","Municipio de residencia habitual (residentes en el país y que respondieron a la pregunta)","categorica","50102","Tinguipaya"
"persona","mun_res_cod","Municipio de residencia habitual (residentes en el país y que respondieron a la pregunta)","categorica","50103","Yocalla"
"persona","mun_res_cod","Municipio de residencia habitual (residentes en el país y que respondieron a la pregunta)","categorica","50104","Urmiri"
"persona","mun_res_cod","Municipio de residencia habitual (residentes en el país y que respondieron a la pregunta)","categorica","50199","Tomás Frías sin municipio especificado"
"persona","mun_res_cod","Municipio de residencia habitual (residentes en el país y que respondieron a la pregunta)","categorica","50201","Uncía"
"persona","mun_res_cod","Municipio de residencia habitual (residentes en el país y que respondieron a la pregunta)","categorica","50202","Chayanta"
"persona","mun_res_cod","Municipio de residencia habitual (residentes en el país y que respondieron a la pregunta)","categorica","50203","Llallagua"
"persona","mun_res_cod","Municipio de residencia habitual (residentes en el país y que respondieron a la pregunta)","categorica","50204","Chuquihuta Ayllu Jucumani"
"persona","mun_res_cod","Municipio de residencia habitual (residentes en el país y que respondieron a la pregunta)","categorica","50299","Rafael Bustillo sin municipio especificado"
"persona","mun_res_cod","Municipio de residencia habitual (residentes en el país y que respondieron a la pregunta)","categorica","50301","Betanzos"
"persona","mun_res_cod","Municipio de residencia habitual (residentes en el país y que respondieron a la pregunta)","categorica","50302","Chaquí"
"persona","mun_res_cod","Municipio de residencia habitual (residentes en el país y que respondieron a la pregunta)","categorica","50303","Tacobamba"
"persona","mun_res_cod","Municipio de residencia habitual (residentes en el país y que respondieron a la pregunta)","categorica","50399","Cornelio Saavedra sin municipio especificado"
"persona","mun_res_cod","Municipio de residencia habitual (residentes en el país y que respondieron a la pregunta)","categorica","50401","Colquechaca"
"persona","mun_res_cod","Municipio de residencia habitual (residentes en el país y que respondieron a la pregunta)","categorica","50402","Ravelo"
"persona","mun_res_cod","Municipio de residencia habitual (residentes en el país y que respondieron a la pregunta)","categorica","50403","Pocoata"
"persona","mun_res_cod","Municipio de residencia habitual (residentes en el país y que respondieron a la pregunta)","categorica","50404","Ocurí"
"persona","mun_res_cod","Municipio de residencia habitual (residentes en el país y que respondieron a la pregunta)","categorica","50405","San Pedro de Macha"
"persona","mun_res_cod","Municipio de residencia habitual (residentes en el país y que respondieron a la pregunta)","categorica","50499","Chayanta sin municipio especificado"
"persona","mun_res_cod","Municipio de residencia habitual (residentes en el país y que respondieron a la pregunta)","categorica","50501","San Pedro"
"persona","mun_res_cod","Municipio de residencia habitual (residentes en el país y que respondieron a la pregunta)","categorica","50502","Toro Toro"
"persona","mun_res_cod","Municipio de residencia habitual (residentes en el país y que respondieron a la pregunta)","categorica","50599","Charcas sin municipio especificado"
"persona","mun_res_cod","Municipio de residencia habitual (residentes en el país y que respondieron a la pregunta)","categorica","50601","Cotagaita"
"persona","mun_res_cod","Municipio de residencia habitual (residentes en el país y que respondieron a la pregunta)","categorica","50602","Vitichi"
"persona","mun_res_cod","Municipio de residencia habitual (residentes en el país y que respondieron a la pregunta)","categorica","50699","Nor Chichas sin municipio especificado"
"persona","mun_res_cod","Municipio de residencia habitual (residentes en el país y que respondieron a la pregunta)","categorica","50701","Sacaca"
"persona","mun_res_cod","Municipio de residencia habitual (residentes en el país y que respondieron a la pregunta)","categorica","50702","Caripuyo"
"persona","mun_res_cod","Municipio de residencia habitual (residentes en el país y que respondieron a la pregunta)","categorica","50799","Alonso de Ibáñez sin municipio especificado"
"persona","mun_res_cod","Municipio de residencia habitual (residentes en el país y que respondieron a la pregunta)","categorica","50801","Tupiza"
"persona","mun_res_cod","Municipio de residencia habitual (residentes en el país y que respondieron a la pregunta)","categorica","50802","Atocha"
"persona","mun_res_cod","Municipio de residencia habitual (residentes en el país y que respondieron a la pregunta)","categorica","50899","Sur Chichas sin municipio especificado"
"persona","mun_res_cod","Municipio de residencia habitual (residentes en el país y que respondieron a la pregunta)","categorica","50901","Colcha ""K"""
"persona","mun_res_cod","Municipio de residencia habitual (residentes en el país y que respondieron a la pregunta)","categorica","50902","San Pedro de Quemes"
"persona","mun_res_cod","Municipio de residencia habitual (residentes en el país y que respondieron a la pregunta)","categorica","50999","Nor Lípez sin municipio especificado"
"persona","mun_res_cod","Municipio de residencia habitual (residentes en el país y que respondieron a la pregunta)","categorica","51001","San Pablo"
"persona","mun_res_cod","Municipio de residencia habitual (residentes en el país y que respondieron a la pregunta)","categorica","51002","Mojinete"
"persona","mun_res_cod","Municipio de residencia habitual (residentes en el país y que respondieron a la pregunta)","categorica","51003","San Antonio de Esmoruco"
"persona","mun_res_cod","Municipio de residencia habitual (residentes en el país y que respondieron a la pregunta)","categorica","51099","Sur Lípez sin municipio especificado"
"persona","mun_res_cod","Municipio de residencia habitual (residentes en el país y que respondieron a la pregunta)","categorica","51101","Puna"
"persona","mun_res_cod","Municipio de residencia habitual (residentes en el país y que respondieron a la pregunta)","categorica","51102","Caiza ""D"""
"persona","mun_res_cod","Municipio de residencia habitual (residentes en el país y que respondieron a la pregunta)","categorica","51103","Ckochas"
"persona","mun_res_cod","Municipio de residencia habitual (residentes en el país y que respondieron a la pregunta)","categorica","51199","José María Linares sin municipio especificado"
"persona","mun_res_cod","Municipio de residencia habitual (residentes en el país y que respondieron a la pregunta)","categorica","51201","Uyuni"
"persona","mun_res_cod","Municipio de residencia habitual (residentes en el país y que respondieron a la pregunta)","categorica","51202","Tomave"
"persona","mun_res_cod","Municipio de residencia habitual (residentes en el país y que respondieron a la pregunta)","categorica","51203","Porco"
"persona","mun_res_cod","Municipio de residencia habitual (residentes en el país y que respondieron a la pregunta)","categorica","51204","TIOC-Jatun Ayllu Yura"
"persona","mun_res_cod","Municipio de residencia habitual (residentes en el país y que respondieron a la pregunta)","categorica","51299","Antonio Quijarro sin municipio especificado"
"persona","mun_res_cod","Municipio de residencia habitual (residentes en el país y que respondieron a la pregunta)","categorica","51301","Arampampa"
"persona","mun_res_cod","Municipio de residencia habitual (residentes en el país y que respondieron a la pregunta)","categorica","51302","Acasio"
"persona","mun_res_cod","Municipio de residencia habitual (residentes en el país y que respondieron a la pregunta)","categorica","51399","General Bernardino Bilbao sin municipio especificado"
"persona","mun_res_cod","Municipio de residencia habitual (residentes en el país y que respondieron a la pregunta)","categorica","51401","Llica"
"persona","mun_res_cod","Municipio de residencia habitual (residentes en el país y que respondieron a la pregunta)","categorica","51402","Tahua"
"persona","mun_res_cod","Municipio de residencia habitual (residentes en el país y que respondieron a la pregunta)","categorica","51499","Daniel Campos sin municipio especificado"
"persona","mun_res_cod","Municipio de residencia habitual (residentes en el país y que respondieron a la pregunta)","categorica","51501","Villazón"
"persona","mun_res_cod","Municipio de residencia habitual (residentes en el país y que respondieron a la pregunta)","categorica","51599","Modesto Omiste sin municipio especificado"
"persona","mun_res_cod","Municipio de residencia habitual (residentes en el país y que respondieron a la pregunta)","categorica","51601","San Agustín"
"persona","mun_res_cod","Municipio de residencia habitual (residentes en el país y que respondieron a la pregunta)","categorica","51699","Enrique Baldivieso sin municipio especificado"
"persona","mun_res_cod","Municipio de residencia habitual (residentes en el país y que respondieron a la pregunta)","categorica","59999","Potosí sin provincia y municipio especificado"
"persona","mun_res_cod","Municipio de residencia habitual (residentes en el país y que respondieron a la pregunta)","categorica","60101","Tarija"
"persona","mun_res_cod","Municipio de residencia habitual (residentes en el país y que respondieron a la pregunta)","categorica","60199","Cercado sin municipio especificado"
"persona","mun_res_cod","Municipio de residencia habitual (residentes en el país y que respondieron a la pregunta)","categorica","60201","Padcaya"
"persona","mun_res_cod","Municipio de residencia habitual (residentes en el país y que respondieron a la pregunta)","categorica","60202","Bermejo"
"persona","mun_res_cod","Municipio de residencia habitual (residentes en el país y que respondieron a la pregunta)","categorica","60299","Arce sin municipio especificado"
"persona","mun_res_cod","Municipio de residencia habitual (residentes en el país y que respondieron a la pregunta)","categorica","60301","Yacuiba"
"persona","mun_res_cod","Municipio de residencia habitual (residentes en el país y que respondieron a la pregunta)","categorica","60302","Caraparí"
"persona","mun_res_cod","Municipio de residencia habitual (residentes en el país y que respondieron a la pregunta)","categorica","60303","Villa Montes"
"persona","mun_res_cod","Municipio de residencia habitual (residentes en el país y que respondieron a la pregunta)","categorica","60399","Gran Chaco sin municipio especificado"
"persona","mun_res_cod","Municipio de residencia habitual (residentes en el país y que respondieron a la pregunta)","categorica","60401","Uriondo"
"persona","mun_res_cod","Municipio de residencia habitual (residentes en el país y que respondieron a la pregunta)","categorica","60402","Yunchará"
"persona","mun_res_cod","Municipio de residencia habitual (residentes en el país y que respondieron a la pregunta)","categorica","60499","Avilez sin municipio especificado"
"persona","mun_res_cod","Municipio de residencia habitual (residentes en el país y que respondieron a la pregunta)","categorica","60501","San Lorenzo"
"persona","mun_res_cod","Municipio de residencia habitual (residentes en el país y que respondieron a la pregunta)","categorica","60502","El Puente"
"persona","mun_res_cod","Municipio de residencia habitual (residentes en el país y que respondieron a la pregunta)","categorica","60599","Méndez sin municipio especificado"
"persona","mun_res_cod","Municipio de residencia habitual (residentes en el país y que respondieron a la pregunta)","categorica","60601","Entre Ríos"
"persona","mun_res_cod","Municipio de residencia habitual (residentes en el país y que respondieron a la pregunta)","categorica","60699","O'connor sin municipio especificado"
"persona","mun_res_cod","Municipio de residencia habitual (residentes en el país y que respondieron a la pregunta)","categorica","69999","Tarija sin provincia y municipio especificado"
"persona","mun_res_cod","Municipio de residencia habitual (residentes en el país y que respondieron a la pregunta)","categorica","70101","Santa Cruz de la Sierra"
"persona","mun_res_cod","Municipio de residencia habitual (residentes en el país y que respondieron a la pregunta)","categorica","70102","Cotoca"
"persona","mun_res_cod","Municipio de residencia habitual (residentes en el país y que respondieron a la pregunta)","categorica","70103","Porongo"
"persona","mun_res_cod","Municipio de residencia habitual (residentes en el país y que respondieron a la pregunta)","categorica","70104","La Guardia"
"persona","mun_res_cod","Municipio de residencia habitual (residentes en el país y que respondieron a la pregunta)","categorica","70105","El Torno"
"persona","mun_res_cod","Municipio de residencia habitual (residentes en el país y que respondieron a la pregunta)","categorica","70199","Andrés Ibáñez sin municipio especificado"
"persona","mun_res_cod","Municipio de residencia habitual (residentes en el país y que respondieron a la pregunta)","categorica","70201","Warnes"
"persona","mun_res_cod","Municipio de residencia habitual (residentes en el país y que respondieron a la pregunta)","categorica","70202","Okinawa Uno"
"persona","mun_res_cod","Municipio de residencia habitual (residentes en el país y que respondieron a la pregunta)","categorica","70299","Warnes sin municipio especificado"
"persona","mun_res_cod","Municipio de residencia habitual (residentes en el país y que respondieron a la pregunta)","categorica","70301","San Ignacio"
"persona","mun_res_cod","Municipio de residencia habitual (residentes en el país y que respondieron a la pregunta)","categorica","70302","San Miguel"
"persona","mun_res_cod","Municipio de residencia habitual (residentes en el país y que respondieron a la pregunta)","categorica","70303","San Rafael"
"persona","mun_res_cod","Municipio de residencia habitual (residentes en el país y que respondieron a la pregunta)","categorica","70399","Velasco sin municipio especificado"
"persona","mun_res_cod","Municipio de residencia habitual (residentes en el país y que respondieron a la pregunta)","categorica","70401","Buena Vista"
"persona","mun_res_cod","Municipio de residencia habitual (residentes en el país y que respondieron a la pregunta)","categorica","70402","San Carlos"
"persona","mun_res_cod","Municipio de residencia habitual (residentes en el país y que respondieron a la pregunta)","categorica","70403","Yapacaní"
"persona","mun_res_cod","Municipio de residencia habitual (residentes en el país y que respondieron a la pregunta)","categorica","70404","San Juan"
"persona","mun_res_cod","Municipio de residencia habitual (residentes en el país y que respondieron a la pregunta)","categorica","70499","Ichilo sin municipio especificado"
"persona","mun_res_cod","Municipio de residencia habitual (residentes en el país y que respondieron a la pregunta)","categorica","70501","San José"
"persona","mun_res_cod","Municipio de residencia habitual (residentes en el país y que respondieron a la pregunta)","categorica","70502","Pailón"
"persona","mun_res_cod","Municipio de residencia habitual (residentes en el país y que respondieron a la pregunta)","categorica","70503","Roboré"
"persona","mun_res_cod","Municipio de residencia habitual (residentes en el país y que respondieron a la pregunta)","categorica","70599","Chiquitos sin municipio especificado"
"persona","mun_res_cod","Municipio de residencia habitual (residentes en el país y que respondieron a la pregunta)","categorica","70601","Portachuelo"
"persona","mun_res_cod","Municipio de residencia habitual (residentes en el país y que respondieron a la pregunta)","categorica","70602","Santa Rosa"
"persona","mun_res_cod","Municipio de residencia habitual (residentes en el país y que respondieron a la pregunta)","categorica","70603","Colpa Bélgica"
"persona","mun_res_cod","Municipio de residencia habitual (residentes en el país y que respondieron a la pregunta)","categorica","70699","Sara sin municipio especificado"
"persona","mun_res_cod","Municipio de residencia habitual (residentes en el país y que respondieron a la pregunta)","categorica","70701","Lagunillas"
"persona","mun_res_cod","Municipio de residencia habitual (residentes en el país y que respondieron a la pregunta)","categorica","70702","Charagua (Autonomía Guaraní Charagua Iyambae)"
"persona","mun_res_cod","Municipio de residencia habitual (residentes en el país y que respondieron a la pregunta)","categorica","70703","Cabezas"
"persona","mun_res_cod","Municipio de residencia habitual (residentes en el país y que respondieron a la pregunta)","categorica","70704","Cuevo"
"persona","mun_res_cod","Municipio de residencia habitual (residentes en el país y que respondieron a la pregunta)","categorica","70705","Gutiérrez (Autonomía Indígena Kereimba Iyaambae)"
"persona","mun_res_cod","Municipio de residencia habitual (residentes en el país y que respondieron a la pregunta)","categorica","70706","Camiri"
"persona","mun_res_cod","Municipio de residencia habitual (residentes en el país y que respondieron a la pregunta)","categorica","70707","Boyuibe"
"persona","mun_res_cod","Municipio de residencia habitual (residentes en el país y que respondieron a la pregunta)","categorica","70799","Cordillera sin municipio especificado"
"persona","mun_res_cod","Municipio de residencia habitual (residentes en el país y que respondieron a la pregunta)","categorica","70801","Vallegrande"
"persona","mun_res_cod","Municipio de residencia habitual (residentes en el país y que respondieron a la pregunta)","categorica","70802","Trigal"
"persona","mun_res_cod","Municipio de residencia habitual (residentes en el país y que respondieron a la pregunta)","categorica","70803","Moromoro"
"persona","mun_res_cod","Municipio de residencia habitual (residentes en el país y que respondieron a la pregunta)","categorica","70804","Postrervalle"
"persona","mun_res_cod","Municipio de residencia habitual (residentes en el país y que respondieron a la pregunta)","categorica","70805","Pucará"
"persona","mun_res_cod","Municipio de residencia habitual (residentes en el país y que respondieron a la pregunta)","categorica","70899","Valle Grande sin municipio especificado"
"persona","mun_res_cod","Municipio de residencia habitual (residentes en el país y que respondieron a la pregunta)","categorica","70901","Samaipata"
"persona","mun_res_cod","Municipio de residencia habitual (residentes en el país y que respondieron a la pregunta)","categorica","70902","Pampagrande"
"persona","mun_res_cod","Municipio de residencia habitual (residentes en el país y que respondieron a la pregunta)","categorica","70903","Mairana"
"persona","mun_res_cod","Municipio de residencia habitual (residentes en el país y que respondieron a la pregunta)","categorica","70904","Quirusillas"
"persona","mun_res_cod","Municipio de residencia habitual (residentes en el país y que respondieron a la pregunta)","categorica","70999","Florida sin municipio especificado"
"persona","mun_res_cod","Municipio de residencia habitual (residentes en el país y que respondieron a la pregunta)","categorica","71001","Montero"
"persona","mun_res_cod","Municipio de residencia habitual (residentes en el país y que respondieron a la pregunta)","categorica","71002","General Saavedra"
"persona","mun_res_cod","Municipio de residencia habitual (residentes en el país y que respondieron a la pregunta)","categorica","71003","Mineros"
"persona","mun_res_cod","Municipio de residencia habitual (residentes en el país y que respondieron a la pregunta)","categorica","71004","Fernández Alonso"
"persona","mun_res_cod","Municipio de residencia habitual (residentes en el país y que respondieron a la pregunta)","categorica","71005","San Pedro"
"persona","mun_res_cod","Municipio de residencia habitual (residentes en el país y que respondieron a la pregunta)","categorica","71099","Obispo Santisteban sin municipio especificado"
"persona","mun_res_cod","Municipio de residencia habitual (residentes en el país y que respondieron a la pregunta)","categorica","71101","Concepción"
"persona","mun_res_cod","Municipio de residencia habitual (residentes en el país y que respondieron a la pregunta)","categorica","71102","San Javier"
"persona","mun_res_cod","Municipio de residencia habitual (residentes en el país y que respondieron a la pregunta)","categorica","71103","San Julián"
"persona","mun_res_cod","Municipio de residencia habitual (residentes en el país y que respondieron a la pregunta)","categorica","71104","San Antonio de Lomerio"
"persona","mun_res_cod","Municipio de residencia habitual (residentes en el país y que respondieron a la pregunta)","categorica","71105","San Ramón"
"persona","mun_res_cod","Municipio de residencia habitual (residentes en el país y que respondieron a la pregunta)","categorica","71106","Cuatro Cañadas"
"persona","mun_res_cod","Municipio de residencia habitual (residentes en el país y que respondieron a la pregunta)","categorica","71199","Ñuflo de Chávez sin municipio especificado"
"persona","mun_res_cod","Municipio de residencia habitual (residentes en el país y que respondieron a la pregunta)","categorica","71201","San Matías"
"persona","mun_res_cod","Municipio de residencia habitual (residentes en el país y que respondieron a la pregunta)","categorica","71299","Ángel Sandóval sin municipio especificado"
"persona","mun_res_cod","Municipio de residencia habitual (residentes en el país y que respondieron a la pregunta)","categorica","71301","Comarapa"
"persona","mun_res_cod","Municipio de residencia habitual (residentes en el país y que respondieron a la pregunta)","categorica","71302","Saipina"
"persona","mun_res_cod","Municipio de residencia habitual (residentes en el país y que respondieron a la pregunta)","categorica","71399","Manuel María Caballero sin municipio especificado"
"persona","mun_res_cod","Municipio de residencia habitual (residentes en el país y que respondieron a la pregunta)","categorica","71401","Puerto Suárez"
"persona","mun_res_cod","Municipio de residencia habitual (residentes en el país y que respondieron a la pregunta)","categorica","71402","Puerto Quijarro"
"persona","mun_res_cod","Municipio de residencia habitual (residentes en el país y que respondieron a la pregunta)","categorica","71403","El Carmen Rivero Tórrez"
"persona","mun_res_cod","Municipio de residencia habitual (residentes en el país y que respondieron a la pregunta)","categorica","71499","Germán Busch sin municipio especificado"
"persona","mun_res_cod","Municipio de residencia habitual (residentes en el país y que respondieron a la pregunta)","categorica","71501","Ascención de Guarayos"
"persona","mun_res_cod","Municipio de residencia habitual (residentes en el país y que respondieron a la pregunta)","categorica","71502","Urubichá"
"persona","mun_res_cod","Municipio de residencia habitual (residentes en el país y que respondieron a la pregunta)","categorica","71503","El Puente"
"persona","mun_res_cod","Municipio de residencia habitual (residentes en el país y que respondieron a la pregunta)","categorica","71599","Guarayos sin municipio especificado"
"persona","mun_res_cod","Municipio de residencia habitual (residentes en el país y que respondieron a la pregunta)","categorica","79999","Santa Cruz sin provincia y municipio especificado"
"persona","mun_res_cod","Municipio de residencia habitual (residentes en el país y que respondieron a la pregunta)","categorica","80101","Trinidad"
"persona","mun_res_cod","Municipio de residencia habitual (residentes en el país y que respondieron a la pregunta)","categorica","80102","San Javier"
"persona","mun_res_cod","Municipio de residencia habitual (residentes en el país y que respondieron a la pregunta)","categorica","80199","Cercado sin municipio especificado"
"persona","mun_res_cod","Municipio de residencia habitual (residentes en el país y que respondieron a la pregunta)","categorica","80201","Riberalta"
"persona","mun_res_cod","Municipio de residencia habitual (residentes en el país y que respondieron a la pregunta)","categorica","80202","Guayaramerín"
"persona","mun_res_cod","Municipio de residencia habitual (residentes en el país y que respondieron a la pregunta)","categorica","80299","Vaca Diez sin municipio especificado"
"persona","mun_res_cod","Municipio de residencia habitual (residentes en el país y que respondieron a la pregunta)","categorica","80301","Reyes"
"persona","mun_res_cod","Municipio de residencia habitual (residentes en el país y que respondieron a la pregunta)","categorica","80302","San Borja"
"persona","mun_res_cod","Municipio de residencia habitual (residentes en el país y que respondieron a la pregunta)","categorica","80303","Santa Rosa"
"persona","mun_res_cod","Municipio de residencia habitual (residentes en el país y que respondieron a la pregunta)","categorica","80304","Puerto Menor de Rurrenabaque"
"persona","mun_res_cod","Municipio de residencia habitual (residentes en el país y que respondieron a la pregunta)","categorica","80399","General José Ballivián sin municipio especificado"
"persona","mun_res_cod","Municipio de residencia habitual (residentes en el país y que respondieron a la pregunta)","categorica","80401","Santa Ana"
"persona","mun_res_cod","Municipio de residencia habitual (residentes en el país y que respondieron a la pregunta)","categorica","80402","Exaltación"
"persona","mun_res_cod","Municipio de residencia habitual (residentes en el país y que respondieron a la pregunta)","categorica","80499","Yacuma sin municipio especificado"
"persona","mun_res_cod","Municipio de residencia habitual (residentes en el país y que respondieron a la pregunta)","categorica","80501","San Ignacio"
"persona","mun_res_cod","Municipio de residencia habitual (residentes en el país y que respondieron a la pregunta)","categorica","80599","Moxos sin municipio especificado"
"persona","mun_res_cod","Municipio de residencia habitual (residentes en el país y que respondieron a la pregunta)","categorica","80601","Loreto"
"persona","mun_res_cod","Municipio de residencia habitual (residentes en el país y que respondieron a la pregunta)","categorica","80602","San Andrés"
"persona","mun_res_cod","Municipio de residencia habitual (residentes en el país y que respondieron a la pregunta)","categorica","80699","Marbán sin municipio especificado"
"persona","mun_res_cod","Municipio de residencia habitual (residentes en el país y que respondieron a la pregunta)","categorica","80701","San Joaquín"
"persona","mun_res_cod","Municipio de residencia habitual (residentes en el país y que respondieron a la pregunta)","categorica","80702","San Ramón"
"persona","mun_res_cod","Municipio de residencia habitual (residentes en el país y que respondieron a la pregunta)","categorica","80703","Puerto Siles"
"persona","mun_res_cod","Municipio de residencia habitual (residentes en el país y que respondieron a la pregunta)","categorica","80799","Mamoré sin municipio especificado"
"persona","mun_res_cod","Municipio de residencia habitual (residentes en el país y que respondieron a la pregunta)","categorica","80801","Magdalena"
"persona","mun_res_cod","Municipio de residencia habitual (residentes en el país y que respondieron a la pregunta)","categorica","80802","Baures"
"persona","mun_res_cod","Municipio de residencia habitual (residentes en el país y que respondieron a la pregunta)","categorica","80803","Huacaraje"
"persona","mun_res_cod","Municipio de residencia habitual (residentes en el país y que respondieron a la pregunta)","categorica","80899","Iténez sin municipio especificado"
"persona","mun_res_cod","Municipio de residencia habitual (residentes en el país y que respondieron a la pregunta)","categorica","80901","TIOC-Territorio Indígena Multiétnico"
"persona","mun_res_cod","Municipio de residencia habitual (residentes en el país y que respondieron a la pregunta)","categorica","80999","Territorio Indígena Multiétnico sin municipio especificado"
"persona","mun_res_cod","Municipio de residencia habitual (residentes en el país y que respondieron a la pregunta)","categorica","89999","Beni sin provincia y municipio especificado"
"persona","mun_res_cod","Municipio de residencia habitual (residentes en el país y que respondieron a la pregunta)","categorica","90101","Cobija"
"persona","mun_res_cod","Municipio de residencia habitual (residentes en el país y que respondieron a la pregunta)","categorica","90102","Porvenir"
"persona","mun_res_cod","Municipio de residencia habitual (residentes en el país y que respondieron a la pregunta)","categorica","90103","Bolpebra"
"persona","mun_res_cod","Municipio de residencia habitual (residentes en el país y que respondieron a la pregunta)","categorica","90104","Bella Flor"
"persona","mun_res_cod","Municipio de residencia habitual (residentes en el país y que respondieron a la pregunta)","categorica","90199","Nicolás Suárez sin municipio especificado"
"persona","mun_res_cod","Municipio de residencia habitual (residentes en el país y que respondieron a la pregunta)","categorica","90201","Puerto Rico"
"persona","mun_res_cod","Municipio de residencia habitual (residentes en el país y que respondieron a la pregunta)","categorica","90202","San Pedro"
"persona","mun_res_cod","Municipio de residencia habitual (residentes en el país y que respondieron a la pregunta)","categorica","90203","Filadelfia"
"persona","mun_res_cod","Municipio de residencia habitual (residentes en el país y que respondieron a la pregunta)","categorica","90299","Manuripi sin municipio especificado"
"persona","mun_res_cod","Municipio de residencia habitual (residentes en el país y que respondieron a la pregunta)","categorica","90301","Puerto Gonzalo Moreno"
"persona","mun_res_cod","Municipio de residencia habitual (residentes en el país y que respondieron a la pregunta)","categorica","90302","San Lorenzo"
"persona","mun_res_cod","Municipio de residencia habitual (residentes en el país y que respondieron a la pregunta)","categorica","90303","Sena"
"persona","mun_res_cod","Municipio de residencia habitual (residentes en el país y que respondieron a la pregunta)","categorica","90399","Madre de Dios sin municipio especificado"
"persona","mun_res_cod","Municipio de residencia habitual (residentes en el país y que respondieron a la pregunta)","categorica","90401","Santa Rosa"
"persona","mun_res_cod","Municipio de residencia habitual (residentes en el país y que respondieron a la pregunta)","categorica","90402","Ingavi"
"persona","mun_res_cod","Municipio de residencia habitual (residentes en el país y que respondieron a la pregunta)","categorica","90499","Abuná sin municipio especificado"
"persona","mun_res_cod","Municipio de residencia habitual (residentes en el país y que respondieron a la pregunta)","categorica","90501","Nueva Esperanza"
"persona","mun_res_cod","Municipio de residencia habitual (residentes en el país y que respondieron a la pregunta)","categorica","90502","Villa Nueva"
"persona","mun_res_cod","Municipio de residencia habitual (residentes en el país y que respondieron a la pregunta)","categorica","90503","Santos Mercado"
"persona","mun_res_cod","Municipio de residencia habitual (residentes en el país y que respondieron a la pregunta)","categorica","90599","Federico Román sin municipio especificado"
"persona","mun_res_cod","Municipio de residencia habitual (residentes en el país y que respondieron a la pregunta)","categorica","99999","Pando sin provincia y municipio especificado"
"persona","mun_res_cod","Municipio de residencia habitual (residentes en el país y que respondieron a la pregunta)","categorica","999999","Sin especificar"
"persona","dep_res5_cod","Departamento de residencia hace 5 años (residentes en el país en la gestión 2019 y que respondieron a la pregunta)","categorica","1","Chuquisaca"
"persona","dep_res5_cod","Departamento de residencia hace 5 años (residentes en el país en la gestión 2019 y que respondieron a la pregunta)","categorica","2","La Paz"
"persona","dep_res5_cod","Departamento de residencia hace 5 años (residentes en el país en la gestión 2019 y que respondieron a la pregunta)","categorica","3","Cochabamba"
"persona","dep_res5_cod","Departamento de residencia hace 5 años (residentes en el país en la gestión 2019 y que respondieron a la pregunta)","categorica","4","Oruro"
"persona","dep_res5_cod","Departamento de residencia hace 5 años (residentes en el país en la gestión 2019 y que respondieron a la pregunta)","categorica","5","Potosí"
"persona","dep_res5_cod","Departamento de residencia hace 5 años (residentes en el país en la gestión 2019 y que respondieron a la pregunta)","categorica","6","Tarija"
"persona","dep_res5_cod","Departamento de residencia hace 5 años (residentes en el país en la gestión 2019 y que respondieron a la pregunta)","categorica","7","Santa Cruz"
"persona","dep_res5_cod","Departamento de residencia hace 5 años (residentes en el país en la gestión 2019 y que respondieron a la pregunta)","categorica","8","Beni"
"persona","dep_res5_cod","Departamento de residencia hace 5 años (residentes en el país en la gestión 2019 y que respondieron a la pregunta)","categorica","9","Pando"
"persona","dep_res5_cod","Departamento de residencia hace 5 años (residentes en el país en la gestión 2019 y que respondieron a la pregunta)","categorica","99","Departamento sin especificar"
"persona","prov_res5_cod","Provincia de residencia hace 5 años (residentes en el país en la gestión 2019 y que respondieron a la pregunta)","categorica","101","Oropeza"
"persona","prov_res5_cod","Provincia de residencia hace 5 años (residentes en el país en la gestión 2019 y que respondieron a la pregunta)","categorica","102","Azurduy"
"persona","prov_res5_cod","Provincia de residencia hace 5 años (residentes en el país en la gestión 2019 y que respondieron a la pregunta)","categorica","103","Zudáñez"
"persona","prov_res5_cod","Provincia de residencia hace 5 años (residentes en el país en la gestión 2019 y que respondieron a la pregunta)","categorica","104","Tomina"
"persona","prov_res5_cod","Provincia de residencia hace 5 años (residentes en el país en la gestión 2019 y que respondieron a la pregunta)","categorica","105","Hernando Siles"
"persona","prov_res5_cod","Provincia de residencia hace 5 años (residentes en el país en la gestión 2019 y que respondieron a la pregunta)","categorica","106","Yamparáez"
"persona","prov_res5_cod","Provincia de residencia hace 5 años (residentes en el país en la gestión 2019 y que respondieron a la pregunta)","categorica","107","Nor Cinti"
"persona","prov_res5_cod","Provincia de residencia hace 5 años (residentes en el país en la gestión 2019 y que respondieron a la pregunta)","categorica","108","Belisario Boeto"
"persona","prov_res5_cod","Provincia de residencia hace 5 años (residentes en el país en la gestión 2019 y que respondieron a la pregunta)","categorica","109","Sud Cinti"
"persona","prov_res5_cod","Provincia de residencia hace 5 años (residentes en el país en la gestión 2019 y que respondieron a la pregunta)","categorica","110","Luis Calvo"
"persona","prov_res5_cod","Provincia de residencia hace 5 años (residentes en el país en la gestión 2019 y que respondieron a la pregunta)","categorica","199","Chuquisaca sin provincia especificada"
"persona","prov_res5_cod","Provincia de residencia hace 5 años (residentes en el país en la gestión 2019 y que respondieron a la pregunta)","categorica","201","Murillo"
"persona","prov_res5_cod","Provincia de residencia hace 5 años (residentes en el país en la gestión 2019 y que respondieron a la pregunta)","categorica","202","Omasuyos"
"persona","prov_res5_cod","Provincia de residencia hace 5 años (residentes en el país en la gestión 2019 y que respondieron a la pregunta)","categorica","203","Pacajes"
"persona","prov_res5_cod","Provincia de residencia hace 5 años (residentes en el país en la gestión 2019 y que respondieron a la pregunta)","categorica","204","Camacho"
"persona","prov_res5_cod","Provincia de residencia hace 5 años (residentes en el país en la gestión 2019 y que respondieron a la pregunta)","categorica","205","Muñecas"
"persona","prov_res5_cod","Provincia de residencia hace 5 años (residentes en el país en la gestión 2019 y que respondieron a la pregunta)","categorica","206","Larecaja"
"persona","prov_res5_cod","Provincia de residencia hace 5 años (residentes en el país en la gestión 2019 y que respondieron a la pregunta)","categorica","207","Franz Tamayo"
"persona","prov_res5_cod","Provincia de residencia hace 5 años (residentes en el país en la gestión 2019 y que respondieron a la pregunta)","categorica","208","Ingavi"
"persona","prov_res5_cod","Provincia de residencia hace 5 años (residentes en el país en la gestión 2019 y que respondieron a la pregunta)","categorica","209","Loayza"
"persona","prov_res5_cod","Provincia de residencia hace 5 años (residentes en el país en la gestión 2019 y que respondieron a la pregunta)","categorica","210","Inquisivi"
"persona","prov_res5_cod","Provincia de residencia hace 5 años (residentes en el país en la gestión 2019 y que respondieron a la pregunta)","categorica","211","Sur Yungas"
"persona","prov_res5_cod","Provincia de residencia hace 5 años (residentes en el país en la gestión 2019 y que respondieron a la pregunta)","categorica","212","Los Andes"
"persona","prov_res5_cod","Provincia de residencia hace 5 años (residentes en el país en la gestión 2019 y que respondieron a la pregunta)","categorica","213","Aroma"
"persona","prov_res5_cod","Provincia de residencia hace 5 años (residentes en el país en la gestión 2019 y que respondieron a la pregunta)","categorica","214","Nor Yungas"
"persona","prov_res5_cod","Provincia de residencia hace 5 años (residentes en el país en la gestión 2019 y que respondieron a la pregunta)","categorica","215","Abel Iturralde"
"persona","prov_res5_cod","Provincia de residencia hace 5 años (residentes en el país en la gestión 2019 y que respondieron a la pregunta)","categorica","216","Bautista Saavedra"
"persona","prov_res5_cod","Provincia de residencia hace 5 años (residentes en el país en la gestión 2019 y que respondieron a la pregunta)","categorica","217","Manco Kapac"
"persona","prov_res5_cod","Provincia de residencia hace 5 años (residentes en el país en la gestión 2019 y que respondieron a la pregunta)","categorica","218","Gualberto Villarroel"
"persona","prov_res5_cod","Provincia de residencia hace 5 años (residentes en el país en la gestión 2019 y que respondieron a la pregunta)","categorica","219","General José Manuel Pando"
"persona","prov_res5_cod","Provincia de residencia hace 5 años (residentes en el país en la gestión 2019 y que respondieron a la pregunta)","categorica","220","Caranavi"
"persona","prov_res5_cod","Provincia de residencia hace 5 años (residentes en el país en la gestión 2019 y que respondieron a la pregunta)","categorica","299","La Paz sin provincia especificada"
"persona","prov_res5_cod","Provincia de residencia hace 5 años (residentes en el país en la gestión 2019 y que respondieron a la pregunta)","categorica","301","Cercado"
"persona","prov_res5_cod","Provincia de residencia hace 5 años (residentes en el país en la gestión 2019 y que respondieron a la pregunta)","categorica","302","Campero"
"persona","prov_res5_cod","Provincia de residencia hace 5 años (residentes en el país en la gestión 2019 y que respondieron a la pregunta)","categorica","303","Ayopaya"
"persona","prov_res5_cod","Provincia de residencia hace 5 años (residentes en el país en la gestión 2019 y que respondieron a la pregunta)","categorica","304","Esteban Arze"
"persona","prov_res5_cod","Provincia de residencia hace 5 años (residentes en el país en la gestión 2019 y que respondieron a la pregunta)","categorica","305","Arani"
"persona","prov_res5_cod","Provincia de residencia hace 5 años (residentes en el país en la gestión 2019 y que respondieron a la pregunta)","categorica","306","Arque"
"persona","prov_res5_cod","Provincia de residencia hace 5 años (residentes en el país en la gestión 2019 y que respondieron a la pregunta)","categorica","307","Capinota"
"persona","prov_res5_cod","Provincia de residencia hace 5 años (residentes en el país en la gestión 2019 y que respondieron a la pregunta)","categorica","308","Germán Jordán"
"persona","prov_res5_cod","Provincia de residencia hace 5 años (residentes en el país en la gestión 2019 y que respondieron a la pregunta)","categorica","309","Quillacollo"
"persona","prov_res5_cod","Provincia de residencia hace 5 años (residentes en el país en la gestión 2019 y que respondieron a la pregunta)","categorica","310","Chapare"
"persona","prov_res5_cod","Provincia de residencia hace 5 años (residentes en el país en la gestión 2019 y que respondieron a la pregunta)","categorica","311","Tapacarí"
"persona","prov_res5_cod","Provincia de residencia hace 5 años (residentes en el país en la gestión 2019 y que respondieron a la pregunta)","categorica","312","Carrasco"
"persona","prov_res5_cod","Provincia de residencia hace 5 años (residentes en el país en la gestión 2019 y que respondieron a la pregunta)","categorica","313","Mizque"
"persona","prov_res5_cod","Provincia de residencia hace 5 años (residentes en el país en la gestión 2019 y que respondieron a la pregunta)","categorica","314","Punata"
"persona","prov_res5_cod","Provincia de residencia hace 5 años (residentes en el país en la gestión 2019 y que respondieron a la pregunta)","categorica","315","Bolívar"
"persona","prov_res5_cod","Provincia de residencia hace 5 años (residentes en el país en la gestión 2019 y que respondieron a la pregunta)","categorica","316","Tiraque"
"persona","prov_res5_cod","Provincia de residencia hace 5 años (residentes en el país en la gestión 2019 y que respondieron a la pregunta)","categorica","399","Cochabamba sin provincia especificada"
"persona","prov_res5_cod","Provincia de residencia hace 5 años (residentes en el país en la gestión 2019 y que respondieron a la pregunta)","categorica","401","Cercado"
"persona","prov_res5_cod","Provincia de residencia hace 5 años (residentes en el país en la gestión 2019 y que respondieron a la pregunta)","categorica","402","Abaroa"
"persona","prov_res5_cod","Provincia de residencia hace 5 años (residentes en el país en la gestión 2019 y que respondieron a la pregunta)","categorica","403","Carangas"
"persona","prov_res5_cod","Provincia de residencia hace 5 años (residentes en el país en la gestión 2019 y que respondieron a la pregunta)","categorica","404","Sajama"
"persona","prov_res5_cod","Provincia de residencia hace 5 años (residentes en el país en la gestión 2019 y que respondieron a la pregunta)","categorica","405","Litoral"
"persona","prov_res5_cod","Provincia de residencia hace 5 años (residentes en el país en la gestión 2019 y que respondieron a la pregunta)","categorica","406","Poopó"
"persona","prov_res5_cod","Provincia de residencia hace 5 años (residentes en el país en la gestión 2019 y que respondieron a la pregunta)","categorica","407","Pantaleón Dalence"
"persona","prov_res5_cod","Provincia de residencia hace 5 años (residentes en el país en la gestión 2019 y que respondieron a la pregunta)","categorica","408","Ladislao Cabrera"
"persona","prov_res5_cod","Provincia de residencia hace 5 años (residentes en el país en la gestión 2019 y que respondieron a la pregunta)","categorica","409","Sabaya"
"persona","prov_res5_cod","Provincia de residencia hace 5 años (residentes en el país en la gestión 2019 y que respondieron a la pregunta)","categorica","410","Saucarí"
"persona","prov_res5_cod","Provincia de residencia hace 5 años (residentes en el país en la gestión 2019 y que respondieron a la pregunta)","categorica","411","Tomás Barrón"
"persona","prov_res5_cod","Provincia de residencia hace 5 años (residentes en el país en la gestión 2019 y que respondieron a la pregunta)","categorica","412","Sur Carangas"
"persona","prov_res5_cod","Provincia de residencia hace 5 años (residentes en el país en la gestión 2019 y que respondieron a la pregunta)","categorica","413","San Pedro de Totora"
"persona","prov_res5_cod","Provincia de residencia hace 5 años (residentes en el país en la gestión 2019 y que respondieron a la pregunta)","categorica","414","Sebastián Pagador"
"persona","prov_res5_cod","Provincia de residencia hace 5 años (residentes en el país en la gestión 2019 y que respondieron a la pregunta)","categorica","415","Mejillones"
"persona","prov_res5_cod","Provincia de residencia hace 5 años (residentes en el país en la gestión 2019 y que respondieron a la pregunta)","categorica","416","Nor Carangas"
"persona","prov_res5_cod","Provincia de residencia hace 5 años (residentes en el país en la gestión 2019 y que respondieron a la pregunta)","categorica","499","Oruro sin provincia especificada"
"persona","prov_res5_cod","Provincia de residencia hace 5 años (residentes en el país en la gestión 2019 y que respondieron a la pregunta)","categorica","501","Tomás Frías"
"persona","prov_res5_cod","Provincia de residencia hace 5 años (residentes en el país en la gestión 2019 y que respondieron a la pregunta)","categorica","502","Rafael Bustillo"
"persona","prov_res5_cod","Provincia de residencia hace 5 años (residentes en el país en la gestión 2019 y que respondieron a la pregunta)","categorica","503","Cornelio Saavedra"
"persona","prov_res5_cod","Provincia de residencia hace 5 años (residentes en el país en la gestión 2019 y que respondieron a la pregunta)","categorica","504","Chayanta"
"persona","prov_res5_cod","Provincia de residencia hace 5 años (residentes en el país en la gestión 2019 y que respondieron a la pregunta)","categorica","505","Charcas"
"persona","prov_res5_cod","Provincia de residencia hace 5 años (residentes en el país en la gestión 2019 y que respondieron a la pregunta)","categorica","506","Nor Chichas"
"persona","prov_res5_cod","Provincia de residencia hace 5 años (residentes en el país en la gestión 2019 y que respondieron a la pregunta)","categorica","507","Alonso de Ibáñez"
"persona","prov_res5_cod","Provincia de residencia hace 5 años (residentes en el país en la gestión 2019 y que respondieron a la pregunta)","categorica","508","Sur Chichas"
"persona","prov_res5_cod","Provincia de residencia hace 5 años (residentes en el país en la gestión 2019 y que respondieron a la pregunta)","categorica","509","Nor Lípez"
"persona","prov_res5_cod","Provincia de residencia hace 5 años (residentes en el país en la gestión 2019 y que respondieron a la pregunta)","categorica","510","Sur Lípez"
"persona","prov_res5_cod","Provincia de residencia hace 5 años (residentes en el país en la gestión 2019 y que respondieron a la pregunta)","categorica","511","José María Linares"
"persona","prov_res5_cod","Provincia de residencia hace 5 años (residentes en el país en la gestión 2019 y que respondieron a la pregunta)","categorica","512","Antonio Quijarro"
"persona","prov_res5_cod","Provincia de residencia hace 5 años (residentes en el país en la gestión 2019 y que respondieron a la pregunta)","categorica","513","General Bernardino Bilbao"
"persona","prov_res5_cod","Provincia de residencia hace 5 años (residentes en el país en la gestión 2019 y que respondieron a la pregunta)","categorica","514","Daniel Campos"
"persona","prov_res5_cod","Provincia de residencia hace 5 años (residentes en el país en la gestión 2019 y que respondieron a la pregunta)","categorica","515","Modesto Omiste"
"persona","prov_res5_cod","Provincia de residencia hace 5 años (residentes en el país en la gestión 2019 y que respondieron a la pregunta)","categorica","516","Enrique Baldivieso"
"persona","prov_res5_cod","Provincia de residencia hace 5 años (residentes en el país en la gestión 2019 y que respondieron a la pregunta)","categorica","599","Potosí sin provincia especificada"
"persona","prov_res5_cod","Provincia de residencia hace 5 años (residentes en el país en la gestión 2019 y que respondieron a la pregunta)","categorica","601","Cercado"
"persona","prov_res5_cod","Provincia de residencia hace 5 años (residentes en el país en la gestión 2019 y que respondieron a la pregunta)","categorica","602","Arce"
"persona","prov_res5_cod","Provincia de residencia hace 5 años (residentes en el país en la gestión 2019 y que respondieron a la pregunta)","categorica","603","Gran Chaco"
"persona","prov_res5_cod","Provincia de residencia hace 5 años (residentes en el país en la gestión 2019 y que respondieron a la pregunta)","categorica","604","Avilez"
"persona","prov_res5_cod","Provincia de residencia hace 5 años (residentes en el país en la gestión 2019 y que respondieron a la pregunta)","categorica","605","Méndez"
"persona","prov_res5_cod","Provincia de residencia hace 5 años (residentes en el país en la gestión 2019 y que respondieron a la pregunta)","categorica","606","O'Connor"
"persona","prov_res5_cod","Provincia de residencia hace 5 años (residentes en el país en la gestión 2019 y que respondieron a la pregunta)","categorica","699","Tarija sin provincia especificada"
"persona","prov_res5_cod","Provincia de residencia hace 5 años (residentes en el país en la gestión 2019 y que respondieron a la pregunta)","categorica","701","Andrés Ibáñez"
"persona","prov_res5_cod","Provincia de residencia hace 5 años (residentes en el país en la gestión 2019 y que respondieron a la pregunta)","categorica","702","Warnes"
"persona","prov_res5_cod","Provincia de residencia hace 5 años (residentes en el país en la gestión 2019 y que respondieron a la pregunta)","categorica","703","Velasco"
"persona","prov_res5_cod","Provincia de residencia hace 5 años (residentes en el país en la gestión 2019 y que respondieron a la pregunta)","categorica","704","Ichilo"
"persona","prov_res5_cod","Provincia de residencia hace 5 años (residentes en el país en la gestión 2019 y que respondieron a la pregunta)","categorica","705","Chiquitos"
"persona","prov_res5_cod","Provincia de residencia hace 5 años (residentes en el país en la gestión 2019 y que respondieron a la pregunta)","categorica","706","Sara"
"persona","prov_res5_cod","Provincia de residencia hace 5 años (residentes en el país en la gestión 2019 y que respondieron a la pregunta)","categorica","707","Cordillera"
"persona","prov_res5_cod","Provincia de residencia hace 5 años (residentes en el país en la gestión 2019 y que respondieron a la pregunta)","categorica","708","Valle Grande"
"persona","prov_res5_cod","Provincia de residencia hace 5 años (residentes en el país en la gestión 2019 y que respondieron a la pregunta)","categorica","709","Florida"
"persona","prov_res5_cod","Provincia de residencia hace 5 años (residentes en el país en la gestión 2019 y que respondieron a la pregunta)","categorica","710","Obispo Santisteban"
"persona","prov_res5_cod","Provincia de residencia hace 5 años (residentes en el país en la gestión 2019 y que respondieron a la pregunta)","categorica","711","Ñuflo de Chávez"
"persona","prov_res5_cod","Provincia de residencia hace 5 años (residentes en el país en la gestión 2019 y que respondieron a la pregunta)","categorica","712","Ángel Sandoval"
"persona","prov_res5_cod","Provincia de residencia hace 5 años (residentes en el país en la gestión 2019 y que respondieron a la pregunta)","categorica","713","Manuel María Caballero"
"persona","prov_res5_cod","Provincia de residencia hace 5 años (residentes en el país en la gestión 2019 y que respondieron a la pregunta)","categorica","714","Germán Busch"
"persona","prov_res5_cod","Provincia de residencia hace 5 años (residentes en el país en la gestión 2019 y que respondieron a la pregunta)","categorica","715","Guarayos"
"persona","prov_res5_cod","Provincia de residencia hace 5 años (residentes en el país en la gestión 2019 y que respondieron a la pregunta)","categorica","799","Santa Cruz sin provincia especificada"
"persona","prov_res5_cod","Provincia de residencia hace 5 años (residentes en el país en la gestión 2019 y que respondieron a la pregunta)","categorica","801","Cercado"
"persona","prov_res5_cod","Provincia de residencia hace 5 años (residentes en el país en la gestión 2019 y que respondieron a la pregunta)","categorica","802","Vaca Diez"
"persona","prov_res5_cod","Provincia de residencia hace 5 años (residentes en el país en la gestión 2019 y que respondieron a la pregunta)","categorica","803","General José Ballivián"
"persona","prov_res5_cod","Provincia de residencia hace 5 años (residentes en el país en la gestión 2019 y que respondieron a la pregunta)","categorica","804","Yacuma"
"persona","prov_res5_cod","Provincia de residencia hace 5 años (residentes en el país en la gestión 2019 y que respondieron a la pregunta)","categorica","805","Moxos"
"persona","prov_res5_cod","Provincia de residencia hace 5 años (residentes en el país en la gestión 2019 y que respondieron a la pregunta)","categorica","806","Marbán"
"persona","prov_res5_cod","Provincia de residencia hace 5 años (residentes en el país en la gestión 2019 y que respondieron a la pregunta)","categorica","807","Mamoré"
"persona","prov_res5_cod","Provincia de residencia hace 5 años (residentes en el país en la gestión 2019 y que respondieron a la pregunta)","categorica","808","Iténez"
"persona","prov_res5_cod","Provincia de residencia hace 5 años (residentes en el país en la gestión 2019 y que respondieron a la pregunta)","categorica","809","Territorio Indígena Multiétnico"
"persona","prov_res5_cod","Provincia de residencia hace 5 años (residentes en el país en la gestión 2019 y que respondieron a la pregunta)","categorica","899","Beni sin provincia especificada"
"persona","prov_res5_cod","Provincia de residencia hace 5 años (residentes en el país en la gestión 2019 y que respondieron a la pregunta)","categorica","901","Nicolás Suárez"
"persona","prov_res5_cod","Provincia de residencia hace 5 años (residentes en el país en la gestión 2019 y que respondieron a la pregunta)","categorica","902","Manuripi"
"persona","prov_res5_cod","Provincia de residencia hace 5 años (residentes en el país en la gestión 2019 y que respondieron a la pregunta)","categorica","903","Madre de Dios"
"persona","prov_res5_cod","Provincia de residencia hace 5 años (residentes en el país en la gestión 2019 y que respondieron a la pregunta)","categorica","904","Abuná"
"persona","prov_res5_cod","Provincia de residencia hace 5 años (residentes en el país en la gestión 2019 y que respondieron a la pregunta)","categorica","905","Federico Román"
"persona","prov_res5_cod","Provincia de residencia hace 5 años (residentes en el país en la gestión 2019 y que respondieron a la pregunta)","categorica","999","Pando sin provincia especificada"
"persona","prov_res5_cod","Provincia de residencia hace 5 años (residentes en el país en la gestión 2019 y que respondieron a la pregunta)","categorica","9999","Sin especificar"
"persona","mun_res5_cod","Municipio de residencia hace 5 años (residentes en el país en la gestión 2019 y que respondieron a la pregunta)","categorica","10101","Sucre"
"persona","mun_res5_cod","Municipio de residencia hace 5 años (residentes en el país en la gestión 2019 y que respondieron a la pregunta)","categorica","10102","Yotala"
"persona","mun_res5_cod","Municipio de residencia hace 5 años (residentes en el país en la gestión 2019 y que respondieron a la pregunta)","categorica","10103","Poroma"
"persona","mun_res5_cod","Municipio de residencia hace 5 años (residentes en el país en la gestión 2019 y que respondieron a la pregunta)","categorica","10199","Oropeza sin municipio especificado"
"persona","mun_res5_cod","Municipio de residencia hace 5 años (residentes en el país en la gestión 2019 y que respondieron a la pregunta)","categorica","10201","Azurduy"
"persona","mun_res5_cod","Municipio de residencia hace 5 años (residentes en el país en la gestión 2019 y que respondieron a la pregunta)","categorica","10202","Tarvita"
"persona","mun_res5_cod","Municipio de residencia hace 5 años (residentes en el país en la gestión 2019 y que respondieron a la pregunta)","categorica","10299","Azurduy sin municipio especificado"
"persona","mun_res5_cod","Municipio de residencia hace 5 años (residentes en el país en la gestión 2019 y que respondieron a la pregunta)","categorica","10301","Zudáñez"
"persona","mun_res5_cod","Municipio de residencia hace 5 años (residentes en el país en la gestión 2019 y que respondieron a la pregunta)","categorica","10302","Presto"
"persona","mun_res5_cod","Municipio de residencia hace 5 años (residentes en el país en la gestión 2019 y que respondieron a la pregunta)","categorica","10303","Mojocoya"
"persona","mun_res5_cod","Municipio de residencia hace 5 años (residentes en el país en la gestión 2019 y que respondieron a la pregunta)","categorica","10304","Icla"
"persona","mun_res5_cod","Municipio de residencia hace 5 años (residentes en el país en la gestión 2019 y que respondieron a la pregunta)","categorica","10399","Zudáñez sin municipio especificado"
"persona","mun_res5_cod","Municipio de residencia hace 5 años (residentes en el país en la gestión 2019 y que respondieron a la pregunta)","categorica","10401","Padilla"
"persona","mun_res5_cod","Municipio de residencia hace 5 años (residentes en el país en la gestión 2019 y que respondieron a la pregunta)","categorica","10402","Tomina"
"persona","mun_res5_cod","Municipio de residencia hace 5 años (residentes en el país en la gestión 2019 y que respondieron a la pregunta)","categorica","10403","Sopachuy"
"persona","mun_res5_cod","Municipio de residencia hace 5 años (residentes en el país en la gestión 2019 y que respondieron a la pregunta)","categorica","10404","Alcalá"
"persona","mun_res5_cod","Municipio de residencia hace 5 años (residentes en el país en la gestión 2019 y que respondieron a la pregunta)","categorica","10405","El Villar"
"persona","mun_res5_cod","Municipio de residencia hace 5 años (residentes en el país en la gestión 2019 y que respondieron a la pregunta)","categorica","10499","Tomina sin municipio especificado"
"persona","mun_res5_cod","Municipio de residencia hace 5 años (residentes en el país en la gestión 2019 y que respondieron a la pregunta)","categorica","10501","Monteagudo"
"persona","mun_res5_cod","Municipio de residencia hace 5 años (residentes en el país en la gestión 2019 y que respondieron a la pregunta)","categorica","10502","Huacareta"
"persona","mun_res5_cod","Municipio de residencia hace 5 años (residentes en el país en la gestión 2019 y que respondieron a la pregunta)","categorica","10599","Hernando Siles sin municipio especificado"
"persona","mun_res5_cod","Municipio de residencia hace 5 años (residentes en el país en la gestión 2019 y que respondieron a la pregunta)","categorica","10601","Tarabuco"
"persona","mun_res5_cod","Municipio de residencia hace 5 años (residentes en el país en la gestión 2019 y que respondieron a la pregunta)","categorica","10602","Yamparáez"
"persona","mun_res5_cod","Municipio de residencia hace 5 años (residentes en el país en la gestión 2019 y que respondieron a la pregunta)","categorica","10699","Yamparáez sin municipio especificado"
"persona","mun_res5_cod","Municipio de residencia hace 5 años (residentes en el país en la gestión 2019 y que respondieron a la pregunta)","categorica","10701","Camargo"
"persona","mun_res5_cod","Municipio de residencia hace 5 años (residentes en el país en la gestión 2019 y que respondieron a la pregunta)","categorica","10702","San Lucas"
"persona","mun_res5_cod","Municipio de residencia hace 5 años (residentes en el país en la gestión 2019 y que respondieron a la pregunta)","categorica","10703","Incahuasi"
"persona","mun_res5_cod","Municipio de residencia hace 5 años (residentes en el país en la gestión 2019 y que respondieron a la pregunta)","categorica","10704","Villa Charcas"
"persona","mun_res5_cod","Municipio de residencia hace 5 años (residentes en el país en la gestión 2019 y que respondieron a la pregunta)","categorica","10799","Nor Cinti sin municipio especificado"
"persona","mun_res5_cod","Municipio de residencia hace 5 años (residentes en el país en la gestión 2019 y que respondieron a la pregunta)","categorica","10801","Villa Serrano"
"persona","mun_res5_cod","Municipio de residencia hace 5 años (residentes en el país en la gestión 2019 y que respondieron a la pregunta)","categorica","10899","Belisario Boeto sin municipio especificado"
"persona","mun_res5_cod","Municipio de residencia hace 5 años (residentes en el país en la gestión 2019 y que respondieron a la pregunta)","categorica","10901","Villa Abecia"
"persona","mun_res5_cod","Municipio de residencia hace 5 años (residentes en el país en la gestión 2019 y que respondieron a la pregunta)","categorica","10902","Culpina"
"persona","mun_res5_cod","Municipio de residencia hace 5 años (residentes en el país en la gestión 2019 y que respondieron a la pregunta)","categorica","10903","Las Carreras"
"persona","mun_res5_cod","Municipio de residencia hace 5 años (residentes en el país en la gestión 2019 y que respondieron a la pregunta)","categorica","10999","Sud Cinti sin municipio especificado"
"persona","mun_res5_cod","Municipio de residencia hace 5 años (residentes en el país en la gestión 2019 y que respondieron a la pregunta)","categorica","11001","Villa Vaca Guzmán"
"persona","mun_res5_cod","Municipio de residencia hace 5 años (residentes en el país en la gestión 2019 y que respondieron a la pregunta)","categorica","11002","Huacaya (Autonomía Guaraní Chaqueño de Huacaya)"
"persona","mun_res5_cod","Municipio de residencia hace 5 años (residentes en el país en la gestión 2019 y que respondieron a la pregunta)","categorica","11003","Macharetí"
"persona","mun_res5_cod","Municipio de residencia hace 5 años (residentes en el país en la gestión 2019 y que respondieron a la pregunta)","categorica","11099","Luis Calvo sin municipio especificado"
"persona","mun_res5_cod","Municipio de residencia hace 5 años (residentes en el país en la gestión 2019 y que respondieron a la pregunta)","categorica","19999","Chuquisaca sin provincia y municipio especificado"
"persona","mun_res5_cod","Municipio de residencia hace 5 años (residentes en el país en la gestión 2019 y que respondieron a la pregunta)","categorica","20101","Nuestra Señora de La Paz"
"persona","mun_res5_cod","Municipio de residencia hace 5 años (residentes en el país en la gestión 2019 y que respondieron a la pregunta)","categorica","20102","Palca"
"persona","mun_res5_cod","Municipio de residencia hace 5 años (residentes en el país en la gestión 2019 y que respondieron a la pregunta)","categorica","20103","Mecapaca"
"persona","mun_res5_cod","Municipio de residencia hace 5 años (residentes en el país en la gestión 2019 y que respondieron a la pregunta)","categorica","20104","Achocalla"
"persona","mun_res5_cod","Municipio de residencia hace 5 años (residentes en el país en la gestión 2019 y que respondieron a la pregunta)","categorica","20105","El Alto"
"persona","mun_res5_cod","Municipio de residencia hace 5 años (residentes en el país en la gestión 2019 y que respondieron a la pregunta)","categorica","20199","Murillo sin municipio especificado"
"persona","mun_res5_cod","Municipio de residencia hace 5 años (residentes en el país en la gestión 2019 y que respondieron a la pregunta)","categorica","20201","Achacachi"
"persona","mun_res5_cod","Municipio de residencia hace 5 años (residentes en el país en la gestión 2019 y que respondieron a la pregunta)","categorica","20202","Villa Ancoraimes"
"persona","mun_res5_cod","Municipio de residencia hace 5 años (residentes en el país en la gestión 2019 y que respondieron a la pregunta)","categorica","20203","Huarina"
"persona","mun_res5_cod","Municipio de residencia hace 5 años (residentes en el país en la gestión 2019 y que respondieron a la pregunta)","categorica","20204","Santiago de Huata"
"persona","mun_res5_cod","Municipio de residencia hace 5 años (residentes en el país en la gestión 2019 y que respondieron a la pregunta)","categorica","20205","Huatajata"
"persona","mun_res5_cod","Municipio de residencia hace 5 años (residentes en el país en la gestión 2019 y que respondieron a la pregunta)","categorica","20206","Chua Cocani"
"persona","mun_res5_cod","Municipio de residencia hace 5 años (residentes en el país en la gestión 2019 y que respondieron a la pregunta)","categorica","20299","Omasuyos sin municipio especificado"
"persona","mun_res5_cod","Municipio de residencia hace 5 años (residentes en el país en la gestión 2019 y que respondieron a la pregunta)","categorica","20301","Corocoro"
"persona","mun_res5_cod","Municipio de residencia hace 5 años (residentes en el país en la gestión 2019 y que respondieron a la pregunta)","categorica","20302","Caquiaviri"
"persona","mun_res5_cod","Municipio de residencia hace 5 años (residentes en el país en la gestión 2019 y que respondieron a la pregunta)","categorica","20303","Calacoto"
"persona","mun_res5_cod","Municipio de residencia hace 5 años (residentes en el país en la gestión 2019 y que respondieron a la pregunta)","categorica","20304","Comanche"
"persona","mun_res5_cod","Municipio de residencia hace 5 años (residentes en el país en la gestión 2019 y que respondieron a la pregunta)","categorica","20305","Charaña"
"persona","mun_res5_cod","Municipio de residencia hace 5 años (residentes en el país en la gestión 2019 y que respondieron a la pregunta)","categorica","20306","Waldo Ballivián"
"persona","mun_res5_cod","Municipio de residencia hace 5 años (residentes en el país en la gestión 2019 y que respondieron a la pregunta)","categorica","20307","Nazacara de Pacajes"
"persona","mun_res5_cod","Municipio de residencia hace 5 años (residentes en el país en la gestión 2019 y que respondieron a la pregunta)","categorica","20308","Santiago de Callapa"
"persona","mun_res5_cod","Municipio de residencia hace 5 años (residentes en el país en la gestión 2019 y que respondieron a la pregunta)","categorica","20399","Pacajes sin municipio especificado"
"persona","mun_res5_cod","Municipio de residencia hace 5 años (residentes en el país en la gestión 2019 y que respondieron a la pregunta)","categorica","20401","Puerto Acosta"
"persona","mun_res5_cod","Municipio de residencia hace 5 años (residentes en el país en la gestión 2019 y que respondieron a la pregunta)","categorica","20402","Mocomoco"
"persona","mun_res5_cod","Municipio de residencia hace 5 años (residentes en el país en la gestión 2019 y que respondieron a la pregunta)","categorica","20403","Puerto Mayor de Carabuco"
"persona","mun_res5_cod","Municipio de residencia hace 5 años (residentes en el país en la gestión 2019 y que respondieron a la pregunta)","categorica","20404","Humanata"
"persona","mun_res5_cod","Municipio de residencia hace 5 años (residentes en el país en la gestión 2019 y que respondieron a la pregunta)","categorica","20405","Escoma"
"persona","mun_res5_cod","Municipio de residencia hace 5 años (residentes en el país en la gestión 2019 y que respondieron a la pregunta)","categorica","20499","Camacho sin municipio especificado"
"persona","mun_res5_cod","Municipio de residencia hace 5 años (residentes en el país en la gestión 2019 y que respondieron a la pregunta)","categorica","20501","Chuma"
"persona","mun_res5_cod","Municipio de residencia hace 5 años (residentes en el país en la gestión 2019 y que respondieron a la pregunta)","categorica","20502","Ayata"
"persona","mun_res5_cod","Municipio de residencia hace 5 años (residentes en el país en la gestión 2019 y que respondieron a la pregunta)","categorica","20503","Aucapata"
"persona","mun_res5_cod","Municipio de residencia hace 5 años (residentes en el país en la gestión 2019 y que respondieron a la pregunta)","categorica","20599","Muñecas sin municipio especificado"
"persona","mun_res5_cod","Municipio de residencia hace 5 años (residentes en el país en la gestión 2019 y que respondieron a la pregunta)","categorica","20601","Sorata"
"persona","mun_res5_cod","Municipio de residencia hace 5 años (residentes en el país en la gestión 2019 y que respondieron a la pregunta)","categorica","20602","Guanay"
"persona","mun_res5_cod","Municipio de residencia hace 5 años (residentes en el país en la gestión 2019 y que respondieron a la pregunta)","categorica","20603","Tacacoma"
"persona","mun_res5_cod","Municipio de residencia hace 5 años (residentes en el país en la gestión 2019 y que respondieron a la pregunta)","categorica","20604","Quiabaya"
"persona","mun_res5_cod","Municipio de residencia hace 5 años (residentes en el país en la gestión 2019 y que respondieron a la pregunta)","categorica","20605","Combaya"
"persona","mun_res5_cod","Municipio de residencia hace 5 años (residentes en el país en la gestión 2019 y que respondieron a la pregunta)","categorica","20606","Tipuani"
"persona","mun_res5_cod","Municipio de residencia hace 5 años (residentes en el país en la gestión 2019 y que respondieron a la pregunta)","categorica","20607","Mapiri"
"persona","mun_res5_cod","Municipio de residencia hace 5 años (residentes en el país en la gestión 2019 y que respondieron a la pregunta)","categorica","20608","Teoponte"
"persona","mun_res5_cod","Municipio de residencia hace 5 años (residentes en el país en la gestión 2019 y que respondieron a la pregunta)","categorica","20699","Larecaja sin municipio especificado"
"persona","mun_res5_cod","Municipio de residencia hace 5 años (residentes en el país en la gestión 2019 y que respondieron a la pregunta)","categorica","20701","Apolo"
"persona","mun_res5_cod","Municipio de residencia hace 5 años (residentes en el país en la gestión 2019 y que respondieron a la pregunta)","categorica","20702","Pelechuco"
"persona","mun_res5_cod","Municipio de residencia hace 5 años (residentes en el país en la gestión 2019 y que respondieron a la pregunta)","categorica","20799","Franz Tamayo sin municipio especificado"
"persona","mun_res5_cod","Municipio de residencia hace 5 años (residentes en el país en la gestión 2019 y que respondieron a la pregunta)","categorica","20801","Viacha"
"persona","mun_res5_cod","Municipio de residencia hace 5 años (residentes en el país en la gestión 2019 y que respondieron a la pregunta)","categorica","20802","Puerto Mayor de Guaqui"
"persona","mun_res5_cod","Municipio de residencia hace 5 años (residentes en el país en la gestión 2019 y que respondieron a la pregunta)","categorica","20803","Tiahuanacu"
"persona","mun_res5_cod","Municipio de residencia hace 5 años (residentes en el país en la gestión 2019 y que respondieron a la pregunta)","categorica","20804","Desaguadero"
"persona","mun_res5_cod","Municipio de residencia hace 5 años (residentes en el país en la gestión 2019 y que respondieron a la pregunta)","categorica","20805","La (Marka) San Andrés de Machaca"
"persona","mun_res5_cod","Municipio de residencia hace 5 años (residentes en el país en la gestión 2019 y que respondieron a la pregunta)","categorica","20806","Jesús de Machaka"
"persona","mun_res5_cod","Municipio de residencia hace 5 años (residentes en el país en la gestión 2019 y que respondieron a la pregunta)","categorica","20807","Taraco"
"persona","mun_res5_cod","Municipio de residencia hace 5 años (residentes en el país en la gestión 2019 y que respondieron a la pregunta)","categorica","20899","Ingavi sin municipio especificado"
"persona","mun_res5_cod","Municipio de residencia hace 5 años (residentes en el país en la gestión 2019 y que respondieron a la pregunta)","categorica","20901","Luribay"
"persona","mun_res5_cod","Municipio de residencia hace 5 años (residentes en el país en la gestión 2019 y que respondieron a la pregunta)","categorica","20902","Sapahaqui"
"persona","mun_res5_cod","Municipio de residencia hace 5 años (residentes en el país en la gestión 2019 y que respondieron a la pregunta)","categorica","20903","Yaco"
"persona","mun_res5_cod","Municipio de residencia hace 5 años (residentes en el país en la gestión 2019 y que respondieron a la pregunta)","categorica","20904","Malla"
"persona","mun_res5_cod","Municipio de residencia hace 5 años (residentes en el país en la gestión 2019 y que respondieron a la pregunta)","categorica","20905","Cairoma"
"persona","mun_res5_cod","Municipio de residencia hace 5 años (residentes en el país en la gestión 2019 y que respondieron a la pregunta)","categorica","20999","Loayza sin municipio especificado"
"persona","mun_res5_cod","Municipio de residencia hace 5 años (residentes en el país en la gestión 2019 y que respondieron a la pregunta)","categorica","21001","Inquisivi"
"persona","mun_res5_cod","Municipio de residencia hace 5 años (residentes en el país en la gestión 2019 y que respondieron a la pregunta)","categorica","21002","Quime"
"persona","mun_res5_cod","Municipio de residencia hace 5 años (residentes en el país en la gestión 2019 y que respondieron a la pregunta)","categorica","21003","Cajuata"
"persona","mun_res5_cod","Municipio de residencia hace 5 años (residentes en el país en la gestión 2019 y que respondieron a la pregunta)","categorica","21004","Colquiri"
"persona","mun_res5_cod","Municipio de residencia hace 5 años (residentes en el país en la gestión 2019 y que respondieron a la pregunta)","categorica","21005","Ichoca"
"persona","mun_res5_cod","Municipio de residencia hace 5 años (residentes en el país en la gestión 2019 y que respondieron a la pregunta)","categorica","21006","Villa Libertad Licoma"
"persona","mun_res5_cod","Municipio de residencia hace 5 años (residentes en el país en la gestión 2019 y que respondieron a la pregunta)","categorica","21099","Inquisivi sin municipio especificado"
"persona","mun_res5_cod","Municipio de residencia hace 5 años (residentes en el país en la gestión 2019 y que respondieron a la pregunta)","categorica","21101","Chulumani"
"persona","mun_res5_cod","Municipio de residencia hace 5 años (residentes en el país en la gestión 2019 y que respondieron a la pregunta)","categorica","21102","Irupana"
"persona","mun_res5_cod","Municipio de residencia hace 5 años (residentes en el país en la gestión 2019 y que respondieron a la pregunta)","categorica","21103","Yanacachi"
"persona","mun_res5_cod","Municipio de residencia hace 5 años (residentes en el país en la gestión 2019 y que respondieron a la pregunta)","categorica","21104","Palos Blancos"
"persona","mun_res5_cod","Municipio de residencia hace 5 años (residentes en el país en la gestión 2019 y que respondieron a la pregunta)","categorica","21105","La Asunta"
"persona","mun_res5_cod","Municipio de residencia hace 5 años (residentes en el país en la gestión 2019 y que respondieron a la pregunta)","categorica","21199","Sur Yungas sin municipio especificado"
"persona","mun_res5_cod","Municipio de residencia hace 5 años (residentes en el país en la gestión 2019 y que respondieron a la pregunta)","categorica","21201","Pucarani"
"persona","mun_res5_cod","Municipio de residencia hace 5 años (residentes en el país en la gestión 2019 y que respondieron a la pregunta)","categorica","21202","Laja"
"persona","mun_res5_cod","Municipio de residencia hace 5 años (residentes en el país en la gestión 2019 y que respondieron a la pregunta)","categorica","21203","Batallas"
"persona","mun_res5_cod","Municipio de residencia hace 5 años (residentes en el país en la gestión 2019 y que respondieron a la pregunta)","categorica","21204","Puerto Pérez"
"persona","mun_res5_cod","Municipio de residencia hace 5 años (residentes en el país en la gestión 2019 y que respondieron a la pregunta)","categorica","21299","Los Andes sin municipio especificado"
"persona","mun_res5_cod","Municipio de residencia hace 5 años (residentes en el país en la gestión 2019 y que respondieron a la pregunta)","categorica","21301","Sicasica"
"persona","mun_res5_cod","Municipio de residencia hace 5 años (residentes en el país en la gestión 2019 y que respondieron a la pregunta)","categorica","21302","Umala"
"persona","mun_res5_cod","Municipio de residencia hace 5 años (residentes en el país en la gestión 2019 y que respondieron a la pregunta)","categorica","21303","Ayo Ayo"
"persona","mun_res5_cod","Municipio de residencia hace 5 años (residentes en el país en la gestión 2019 y que respondieron a la pregunta)","categorica","21304","Calamarca"
"persona","mun_res5_cod","Municipio de residencia hace 5 años (residentes en el país en la gestión 2019 y que respondieron a la pregunta)","categorica","21305","Patacamaya"
"persona","mun_res5_cod","Municipio de residencia hace 5 años (residentes en el país en la gestión 2019 y que respondieron a la pregunta)","categorica","21306","Colquencha"
"persona","mun_res5_cod","Municipio de residencia hace 5 años (residentes en el país en la gestión 2019 y que respondieron a la pregunta)","categorica","21307","Collana"
"persona","mun_res5_cod","Municipio de residencia hace 5 años (residentes en el país en la gestión 2019 y que respondieron a la pregunta)","categorica","21399","Aroma sin municipio especificado"
"persona","mun_res5_cod","Municipio de residencia hace 5 años (residentes en el país en la gestión 2019 y que respondieron a la pregunta)","categorica","21401","Coroico"
"persona","mun_res5_cod","Municipio de residencia hace 5 años (residentes en el país en la gestión 2019 y que respondieron a la pregunta)","categorica","21402","Coripata"
"persona","mun_res5_cod","Municipio de residencia hace 5 años (residentes en el país en la gestión 2019 y que respondieron a la pregunta)","categorica","21499","Nor Yungas sin municipio especificado"
"persona","mun_res5_cod","Municipio de residencia hace 5 años (residentes en el país en la gestión 2019 y que respondieron a la pregunta)","categorica","21501","Ixiamas"
"persona","mun_res5_cod","Municipio de residencia hace 5 años (residentes en el país en la gestión 2019 y que respondieron a la pregunta)","categorica","21502","San Buenaventura"
"persona","mun_res5_cod","Municipio de residencia hace 5 años (residentes en el país en la gestión 2019 y que respondieron a la pregunta)","categorica","21599","Abel Iturralde sin municipio especificado"
"persona","mun_res5_cod","Municipio de residencia hace 5 años (residentes en el país en la gestión 2019 y que respondieron a la pregunta)","categorica","21601","Charazani"
"persona","mun_res5_cod","Municipio de residencia hace 5 años (residentes en el país en la gestión 2019 y que respondieron a la pregunta)","categorica","21602","Curva"
"persona","mun_res5_cod","Municipio de residencia hace 5 años (residentes en el país en la gestión 2019 y que respondieron a la pregunta)","categorica","21699","Bautista Saavedra sin municipio especificado"
"persona","mun_res5_cod","Municipio de residencia hace 5 años (residentes en el país en la gestión 2019 y que respondieron a la pregunta)","categorica","21701","Copacabana"
"persona","mun_res5_cod","Municipio de residencia hace 5 años (residentes en el país en la gestión 2019 y que respondieron a la pregunta)","categorica","21702","San Pedro de Tiquina"
"persona","mun_res5_cod","Municipio de residencia hace 5 años (residentes en el país en la gestión 2019 y que respondieron a la pregunta)","categorica","21703","Tito Yupanqui"
"persona","mun_res5_cod","Municipio de residencia hace 5 años (residentes en el país en la gestión 2019 y que respondieron a la pregunta)","categorica","21799","Manco Kapac sin municipio especificado"
"persona","mun_res5_cod","Municipio de residencia hace 5 años (residentes en el país en la gestión 2019 y que respondieron a la pregunta)","categorica","21801","San Pedro de Curahuara"
"persona","mun_res5_cod","Municipio de residencia hace 5 años (residentes en el país en la gestión 2019 y que respondieron a la pregunta)","categorica","21802","Papel Pampa"
"persona","mun_res5_cod","Municipio de residencia hace 5 años (residentes en el país en la gestión 2019 y que respondieron a la pregunta)","categorica","21803","Chacarilla"
"persona","mun_res5_cod","Municipio de residencia hace 5 años (residentes en el país en la gestión 2019 y que respondieron a la pregunta)","categorica","21899","Gualberto Villarroel sin municipio especificado"
"persona","mun_res5_cod","Municipio de residencia hace 5 años (residentes en el país en la gestión 2019 y que respondieron a la pregunta)","categorica","21901","Santiago de Machaca"
"persona","mun_res5_cod","Municipio de residencia hace 5 años (residentes en el país en la gestión 2019 y que respondieron a la pregunta)","categorica","21902","Catacora"
"persona","mun_res5_cod","Municipio de residencia hace 5 años (residentes en el país en la gestión 2019 y que respondieron a la pregunta)","categorica","21999","General José Manuel sin municipio especificado"
"persona","mun_res5_cod","Municipio de residencia hace 5 años (residentes en el país en la gestión 2019 y que respondieron a la pregunta)","categorica","22001","Caranavi"
"persona","mun_res5_cod","Municipio de residencia hace 5 años (residentes en el país en la gestión 2019 y que respondieron a la pregunta)","categorica","22002","Alto Beni"
"persona","mun_res5_cod","Municipio de residencia hace 5 años (residentes en el país en la gestión 2019 y que respondieron a la pregunta)","categorica","22099","Caranavi sin municipio especificado"
"persona","mun_res5_cod","Municipio de residencia hace 5 años (residentes en el país en la gestión 2019 y que respondieron a la pregunta)","categorica","29999","La Paz sin provincia y municipio especificado"
"persona","mun_res5_cod","Municipio de residencia hace 5 años (residentes en el país en la gestión 2019 y que respondieron a la pregunta)","categorica","30101","Cochabamba"
"persona","mun_res5_cod","Municipio de residencia hace 5 años (residentes en el país en la gestión 2019 y que respondieron a la pregunta)","categorica","30199","Cercado sin municipio especificado"
"persona","mun_res5_cod","Municipio de residencia hace 5 años (residentes en el país en la gestión 2019 y que respondieron a la pregunta)","categorica","30201","Aiquile"
"persona","mun_res5_cod","Municipio de residencia hace 5 años (residentes en el país en la gestión 2019 y que respondieron a la pregunta)","categorica","30202","Pasorapa"
"persona","mun_res5_cod","Municipio de residencia hace 5 años (residentes en el país en la gestión 2019 y que respondieron a la pregunta)","categorica","30203","Omereque"
"persona","mun_res5_cod","Municipio de residencia hace 5 años (residentes en el país en la gestión 2019 y que respondieron a la pregunta)","categorica","30299","Campero sin municipio especificado"
"persona","mun_res5_cod","Municipio de residencia hace 5 años (residentes en el país en la gestión 2019 y que respondieron a la pregunta)","categorica","30301","Ayopaya"
"persona","mun_res5_cod","Municipio de residencia hace 5 años (residentes en el país en la gestión 2019 y que respondieron a la pregunta)","categorica","30302","Morochata"
"persona","mun_res5_cod","Municipio de residencia hace 5 años (residentes en el país en la gestión 2019 y que respondieron a la pregunta)","categorica","30303","Cocapata"
"persona","mun_res5_cod","Municipio de residencia hace 5 años (residentes en el país en la gestión 2019 y que respondieron a la pregunta)","categorica","30399","Ayopaya sin municipio especificado"
"persona","mun_res5_cod","Municipio de residencia hace 5 años (residentes en el país en la gestión 2019 y que respondieron a la pregunta)","categorica","30401","Tarata"
"persona","mun_res5_cod","Municipio de residencia hace 5 años (residentes en el país en la gestión 2019 y que respondieron a la pregunta)","categorica","30402","Anzaldo"
"persona","mun_res5_cod","Municipio de residencia hace 5 años (residentes en el país en la gestión 2019 y que respondieron a la pregunta)","categorica","30403","Arbieto"
"persona","mun_res5_cod","Municipio de residencia hace 5 años (residentes en el país en la gestión 2019 y que respondieron a la pregunta)","categorica","30404","Sacabamba"
"persona","mun_res5_cod","Municipio de residencia hace 5 años (residentes en el país en la gestión 2019 y que respondieron a la pregunta)","categorica","30499","Esteban Arze sin municipio especificado"
"persona","mun_res5_cod","Municipio de residencia hace 5 años (residentes en el país en la gestión 2019 y que respondieron a la pregunta)","categorica","30501","Arani"
"persona","mun_res5_cod","Municipio de residencia hace 5 años (residentes en el país en la gestión 2019 y que respondieron a la pregunta)","categorica","30502","Vacas"
"persona","mun_res5_cod","Municipio de residencia hace 5 años (residentes en el país en la gestión 2019 y que respondieron a la pregunta)","categorica","30599","Arani sin municipio especificado"
"persona","mun_res5_cod","Municipio de residencia hace 5 años (residentes en el país en la gestión 2019 y que respondieron a la pregunta)","categorica","30601","Arque"
"persona","mun_res5_cod","Municipio de residencia hace 5 años (residentes en el país en la gestión 2019 y que respondieron a la pregunta)","categorica","30602","Tacopaya"
"persona","mun_res5_cod","Municipio de residencia hace 5 años (residentes en el país en la gestión 2019 y que respondieron a la pregunta)","categorica","30699","Arque sin municipio especificado"
"persona","mun_res5_cod","Municipio de residencia hace 5 años (residentes en el país en la gestión 2019 y que respondieron a la pregunta)","categorica","30701","Capinota"
"persona","mun_res5_cod","Municipio de residencia hace 5 años (residentes en el país en la gestión 2019 y que respondieron a la pregunta)","categorica","30702","Santiváñez"
"persona","mun_res5_cod","Municipio de residencia hace 5 años (residentes en el país en la gestión 2019 y que respondieron a la pregunta)","categorica","30703","Sicaya"
"persona","mun_res5_cod","Municipio de residencia hace 5 años (residentes en el país en la gestión 2019 y que respondieron a la pregunta)","categorica","30799","Capinota sin municipio especificado"
"persona","mun_res5_cod","Municipio de residencia hace 5 años (residentes en el país en la gestión 2019 y que respondieron a la pregunta)","categorica","30801","Cliza"
"persona","mun_res5_cod","Municipio de residencia hace 5 años (residentes en el país en la gestión 2019 y que respondieron a la pregunta)","categorica","30802","Toco"
"persona","mun_res5_cod","Municipio de residencia hace 5 años (residentes en el país en la gestión 2019 y que respondieron a la pregunta)","categorica","30803","Tolata"
"persona","mun_res5_cod","Municipio de residencia hace 5 años (residentes en el país en la gestión 2019 y que respondieron a la pregunta)","categorica","30899","Germán Jordán sin municipio especificado"
"persona","mun_res5_cod","Municipio de residencia hace 5 años (residentes en el país en la gestión 2019 y que respondieron a la pregunta)","categorica","30901","Quillacollo"
"persona","mun_res5_cod","Municipio de residencia hace 5 años (residentes en el país en la gestión 2019 y que respondieron a la pregunta)","categorica","30902","Sipesipe"
"persona","mun_res5_cod","Municipio de residencia hace 5 años (residentes en el país en la gestión 2019 y que respondieron a la pregunta)","categorica","30903","Tiquipaya"
"persona","mun_res5_cod","Municipio de residencia hace 5 años (residentes en el país en la gestión 2019 y que respondieron a la pregunta)","categorica","30904","Vinto"
"persona","mun_res5_cod","Municipio de residencia hace 5 años (residentes en el país en la gestión 2019 y que respondieron a la pregunta)","categorica","30905","Colcapirhua"
"persona","mun_res5_cod","Municipio de residencia hace 5 años (residentes en el país en la gestión 2019 y que respondieron a la pregunta)","categorica","30999","Quillacollo sin municipio especificado"
"persona","mun_res5_cod","Municipio de residencia hace 5 años (residentes en el país en la gestión 2019 y que respondieron a la pregunta)","categorica","31001","Sacaba"
"persona","mun_res5_cod","Municipio de residencia hace 5 años (residentes en el país en la gestión 2019 y que respondieron a la pregunta)","categorica","31002","Colomi"
"persona","mun_res5_cod","Municipio de residencia hace 5 años (residentes en el país en la gestión 2019 y que respondieron a la pregunta)","categorica","31003","Villa Tunari"
"persona","mun_res5_cod","Municipio de residencia hace 5 años (residentes en el país en la gestión 2019 y que respondieron a la pregunta)","categorica","31099","Chapare sin municipio especificado"
"persona","mun_res5_cod","Municipio de residencia hace 5 años (residentes en el país en la gestión 2019 y que respondieron a la pregunta)","categorica","31101","Tapacarí"
"persona","mun_res5_cod","Municipio de residencia hace 5 años (residentes en el país en la gestión 2019 y que respondieron a la pregunta)","categorica","31199","Tapacarí sin municipio especificado"
"persona","mun_res5_cod","Municipio de residencia hace 5 años (residentes en el país en la gestión 2019 y que respondieron a la pregunta)","categorica","31201","Totora"
"persona","mun_res5_cod","Municipio de residencia hace 5 años (residentes en el país en la gestión 2019 y que respondieron a la pregunta)","categorica","31202","Pojo"
"persona","mun_res5_cod","Municipio de residencia hace 5 años (residentes en el país en la gestión 2019 y que respondieron a la pregunta)","categorica","31203","Pocona"
"persona","mun_res5_cod","Municipio de residencia hace 5 años (residentes en el país en la gestión 2019 y que respondieron a la pregunta)","categorica","31204","Chimoré"
"persona","mun_res5_cod","Municipio de residencia hace 5 años (residentes en el país en la gestión 2019 y que respondieron a la pregunta)","categorica","31205","Puerto Villarroel"
"persona","mun_res5_cod","Municipio de residencia hace 5 años (residentes en el país en la gestión 2019 y que respondieron a la pregunta)","categorica","31206","Entre Ríos"
"persona","mun_res5_cod","Municipio de residencia hace 5 años (residentes en el país en la gestión 2019 y que respondieron a la pregunta)","categorica","31299","Carrasco sin municipio especificado"
"persona","mun_res5_cod","Municipio de residencia hace 5 años (residentes en el país en la gestión 2019 y que respondieron a la pregunta)","categorica","31301","Mizque"
"persona","mun_res5_cod","Municipio de residencia hace 5 años (residentes en el país en la gestión 2019 y que respondieron a la pregunta)","categorica","31302","Vila Vila"
"persona","mun_res5_cod","Municipio de residencia hace 5 años (residentes en el país en la gestión 2019 y que respondieron a la pregunta)","categorica","31303","Alalay"
"persona","mun_res5_cod","Municipio de residencia hace 5 años (residentes en el país en la gestión 2019 y que respondieron a la pregunta)","categorica","31304","TIOC-Raqaypampa"
"persona","mun_res5_cod","Municipio de residencia hace 5 años (residentes en el país en la gestión 2019 y que respondieron a la pregunta)","categorica","31399","Mizque sin municipio especificado"
"persona","mun_res5_cod","Municipio de residencia hace 5 años (residentes en el país en la gestión 2019 y que respondieron a la pregunta)","categorica","31401","Punata"
"persona","mun_res5_cod","Municipio de residencia hace 5 años (residentes en el país en la gestión 2019 y que respondieron a la pregunta)","categorica","31402","Villa Rivero"
"persona","mun_res5_cod","Municipio de residencia hace 5 años (residentes en el país en la gestión 2019 y que respondieron a la pregunta)","categorica","31403","San Benito"
"persona","mun_res5_cod","Municipio de residencia hace 5 años (residentes en el país en la gestión 2019 y que respondieron a la pregunta)","categorica","31404","Tacachi"
"persona","mun_res5_cod","Municipio de residencia hace 5 años (residentes en el país en la gestión 2019 y que respondieron a la pregunta)","categorica","31405","Villa Gualberto Villarroel"
"persona","mun_res5_cod","Municipio de residencia hace 5 años (residentes en el país en la gestión 2019 y que respondieron a la pregunta)","categorica","31499","Punata sin municipio especificado"
"persona","mun_res5_cod","Municipio de residencia hace 5 años (residentes en el país en la gestión 2019 y que respondieron a la pregunta)","categorica","31501","Bolívar"
"persona","mun_res5_cod","Municipio de residencia hace 5 años (residentes en el país en la gestión 2019 y que respondieron a la pregunta)","categorica","31599","Bolívar sin municipio especificado"
"persona","mun_res5_cod","Municipio de residencia hace 5 años (residentes en el país en la gestión 2019 y que respondieron a la pregunta)","categorica","31601","Tiraque"
"persona","mun_res5_cod","Municipio de residencia hace 5 años (residentes en el país en la gestión 2019 y que respondieron a la pregunta)","categorica","31602","Shinahota"
"persona","mun_res5_cod","Municipio de residencia hace 5 años (residentes en el país en la gestión 2019 y que respondieron a la pregunta)","categorica","31699","Tiraque sin municipio especificado"
"persona","mun_res5_cod","Municipio de residencia hace 5 años (residentes en el país en la gestión 2019 y que respondieron a la pregunta)","categorica","39999","Cochabamba sin provincia y municipio especificado"
"persona","mun_res5_cod","Municipio de residencia hace 5 años (residentes en el país en la gestión 2019 y que respondieron a la pregunta)","categorica","40101","Oruro"
"persona","mun_res5_cod","Municipio de residencia hace 5 años (residentes en el país en la gestión 2019 y que respondieron a la pregunta)","categorica","40102","Caracollo"
"persona","mun_res5_cod","Municipio de residencia hace 5 años (residentes en el país en la gestión 2019 y que respondieron a la pregunta)","categorica","40103","El Choro"
"persona","mun_res5_cod","Municipio de residencia hace 5 años (residentes en el país en la gestión 2019 y que respondieron a la pregunta)","categorica","40104","Paria"
"persona","mun_res5_cod","Municipio de residencia hace 5 años (residentes en el país en la gestión 2019 y que respondieron a la pregunta)","categorica","40199","Cercado sin municipio especificado"
"persona","mun_res5_cod","Municipio de residencia hace 5 años (residentes en el país en la gestión 2019 y que respondieron a la pregunta)","categorica","40201","Challapata"
"persona","mun_res5_cod","Municipio de residencia hace 5 años (residentes en el país en la gestión 2019 y que respondieron a la pregunta)","categorica","40202","Santuario de Quillacas"
"persona","mun_res5_cod","Municipio de residencia hace 5 años (residentes en el país en la gestión 2019 y que respondieron a la pregunta)","categorica","40299","Abaroa sin municipio especificado"
"persona","mun_res5_cod","Municipio de residencia hace 5 años (residentes en el país en la gestión 2019 y que respondieron a la pregunta)","categorica","40301","Corque"
"persona","mun_res5_cod","Municipio de residencia hace 5 años (residentes en el país en la gestión 2019 y que respondieron a la pregunta)","categorica","40302","Choquecota"
"persona","mun_res5_cod","Municipio de residencia hace 5 años (residentes en el país en la gestión 2019 y que respondieron a la pregunta)","categorica","40399","Carangas sin municipio especificado"
"persona","mun_res5_cod","Municipio de residencia hace 5 años (residentes en el país en la gestión 2019 y que respondieron a la pregunta)","categorica","40401","Curahuara de Carangas"
"persona","mun_res5_cod","Municipio de residencia hace 5 años (residentes en el país en la gestión 2019 y que respondieron a la pregunta)","categorica","40402","Turco"
"persona","mun_res5_cod","Municipio de residencia hace 5 años (residentes en el país en la gestión 2019 y que respondieron a la pregunta)","categorica","40499","Sajama sin municipio especificado"
"persona","mun_res5_cod","Municipio de residencia hace 5 años (residentes en el país en la gestión 2019 y que respondieron a la pregunta)","categorica","40501","Huachacalla"
"persona","mun_res5_cod","Municipio de residencia hace 5 años (residentes en el país en la gestión 2019 y que respondieron a la pregunta)","categorica","40502","Escara"
"persona","mun_res5_cod","Municipio de residencia hace 5 años (residentes en el país en la gestión 2019 y que respondieron a la pregunta)","categorica","40503","Cruz de Machacamarca"
"persona","mun_res5_cod","Municipio de residencia hace 5 años (residentes en el país en la gestión 2019 y que respondieron a la pregunta)","categorica","40504","Yunguyo del Litoral"
"persona","mun_res5_cod","Municipio de residencia hace 5 años (residentes en el país en la gestión 2019 y que respondieron a la pregunta)","categorica","40505","Esmeralda"
"persona","mun_res5_cod","Municipio de residencia hace 5 años (residentes en el país en la gestión 2019 y que respondieron a la pregunta)","categorica","40599","Litoral sin municipio especificado"
"persona","mun_res5_cod","Municipio de residencia hace 5 años (residentes en el país en la gestión 2019 y que respondieron a la pregunta)","categorica","40601","Poopó"
"persona","mun_res5_cod","Municipio de residencia hace 5 años (residentes en el país en la gestión 2019 y que respondieron a la pregunta)","categorica","40602","Pazña"
"persona","mun_res5_cod","Municipio de residencia hace 5 años (residentes en el país en la gestión 2019 y que respondieron a la pregunta)","categorica","40603","Antequera"
"persona","mun_res5_cod","Municipio de residencia hace 5 años (residentes en el país en la gestión 2019 y que respondieron a la pregunta)","categorica","40699","Poopó sin municipio especificado"
"persona","mun_res5_cod","Municipio de residencia hace 5 años (residentes en el país en la gestión 2019 y que respondieron a la pregunta)","categorica","40701","Huanuni"
"persona","mun_res5_cod","Municipio de residencia hace 5 años (residentes en el país en la gestión 2019 y que respondieron a la pregunta)","categorica","40702","Machacamarca"
"persona","mun_res5_cod","Municipio de residencia hace 5 años (residentes en el país en la gestión 2019 y que respondieron a la pregunta)","categorica","40799","Pantaleón Dalence sin municipio especificado"
"persona","mun_res5_cod","Municipio de residencia hace 5 años (residentes en el país en la gestión 2019 y que respondieron a la pregunta)","categorica","40801","Salinas de Garci Mendoza (Autonomía Indígena Originario Campesina de Salinas)"
"persona","mun_res5_cod","Municipio de residencia hace 5 años (residentes en el país en la gestión 2019 y que respondieron a la pregunta)","categorica","40802","Pampa Aullagas"
"persona","mun_res5_cod","Municipio de residencia hace 5 años (residentes en el país en la gestión 2019 y que respondieron a la pregunta)","categorica","40899","Ladislao Cabrera sin municipio especificado"
"persona","mun_res5_cod","Municipio de residencia hace 5 años (residentes en el país en la gestión 2019 y que respondieron a la pregunta)","categorica","40901","Sabaya"
"persona","mun_res5_cod","Municipio de residencia hace 5 años (residentes en el país en la gestión 2019 y que respondieron a la pregunta)","categorica","40902","Coipasa"
"persona","mun_res5_cod","Municipio de residencia hace 5 años (residentes en el país en la gestión 2019 y que respondieron a la pregunta)","categorica","40903","Uru Chipaya (Nación Originaria Uru Chipaya)"
"persona","mun_res5_cod","Municipio de residencia hace 5 años (residentes en el país en la gestión 2019 y que respondieron a la pregunta)","categorica","40999","Sabaya sin municipio especificado"
"persona","mun_res5_cod","Municipio de residencia hace 5 años (residentes en el país en la gestión 2019 y que respondieron a la pregunta)","categorica","41001","Toledo"
"persona","mun_res5_cod","Municipio de residencia hace 5 años (residentes en el país en la gestión 2019 y que respondieron a la pregunta)","categorica","41099","Saucarí sin municipio especificado"
"persona","mun_res5_cod","Municipio de residencia hace 5 años (residentes en el país en la gestión 2019 y que respondieron a la pregunta)","categorica","41101","Eucaliptus"
"persona","mun_res5_cod","Municipio de residencia hace 5 años (residentes en el país en la gestión 2019 y que respondieron a la pregunta)","categorica","41199","Tomás Barrón sin municipio especificado"
"persona","mun_res5_cod","Municipio de residencia hace 5 años (residentes en el país en la gestión 2019 y que respondieron a la pregunta)","categorica","41201","Andamarca"
"persona","mun_res5_cod","Municipio de residencia hace 5 años (residentes en el país en la gestión 2019 y que respondieron a la pregunta)","categorica","41202","Belén de Andamarca"
"persona","mun_res5_cod","Municipio de residencia hace 5 años (residentes en el país en la gestión 2019 y que respondieron a la pregunta)","categorica","41299","Sur Carangas sin municipio especificado"
"persona","mun_res5_cod","Municipio de residencia hace 5 años (residentes en el país en la gestión 2019 y que respondieron a la pregunta)","categorica","41301","Totora"
"persona","mun_res5_cod","Municipio de residencia hace 5 años (residentes en el país en la gestión 2019 y que respondieron a la pregunta)","categorica","41399","San Pedro de Totora sin municipio especificado"
"persona","mun_res5_cod","Municipio de residencia hace 5 años (residentes en el país en la gestión 2019 y que respondieron a la pregunta)","categorica","41401","Santiago de Huari"
"persona","mun_res5_cod","Municipio de residencia hace 5 años (residentes en el país en la gestión 2019 y que respondieron a la pregunta)","categorica","41499","Sebastián Pagador sin municipio especificado"
"persona","mun_res5_cod","Municipio de residencia hace 5 años (residentes en el país en la gestión 2019 y que respondieron a la pregunta)","categorica","41501","La Rivera"
"persona","mun_res5_cod","Municipio de residencia hace 5 años (residentes en el país en la gestión 2019 y que respondieron a la pregunta)","categorica","41502","Todos Santos"
"persona","mun_res5_cod","Municipio de residencia hace 5 años (residentes en el país en la gestión 2019 y que respondieron a la pregunta)","categorica","41503","Carangas"
"persona","mun_res5_cod","Municipio de residencia hace 5 años (residentes en el país en la gestión 2019 y que respondieron a la pregunta)","categorica","41599","Mejillones sin municipio especificado"
"persona","mun_res5_cod","Municipio de residencia hace 5 años (residentes en el país en la gestión 2019 y que respondieron a la pregunta)","categorica","41601","Santiago de Huayllamarca"
"persona","mun_res5_cod","Municipio de residencia hace 5 años (residentes en el país en la gestión 2019 y que respondieron a la pregunta)","categorica","41699","Nor Carangas sin municipio especificado"
"persona","mun_res5_cod","Municipio de residencia hace 5 años (residentes en el país en la gestión 2019 y que respondieron a la pregunta)","categorica","49999","Oruro sin provincia y municipio especificado"
"persona","mun_res5_cod","Municipio de residencia hace 5 años (residentes en el país en la gestión 2019 y que respondieron a la pregunta)","categorica","50101","Potosí"
"persona","mun_res5_cod","Municipio de residencia hace 5 años (residentes en el país en la gestión 2019 y que respondieron a la pregunta)","categorica","50102","Tinguipaya"
"persona","mun_res5_cod","Municipio de residencia hace 5 años (residentes en el país en la gestión 2019 y que respondieron a la pregunta)","categorica","50103","Yocalla"
"persona","mun_res5_cod","Municipio de residencia hace 5 años (residentes en el país en la gestión 2019 y que respondieron a la pregunta)","categorica","50104","Urmiri"
"persona","mun_res5_cod","Municipio de residencia hace 5 años (residentes en el país en la gestión 2019 y que respondieron a la pregunta)","categorica","50199","Tomás Frías sin municipio especificado"
"persona","mun_res5_cod","Municipio de residencia hace 5 años (residentes en el país en la gestión 2019 y que respondieron a la pregunta)","categorica","50201","Uncía"
"persona","mun_res5_cod","Municipio de residencia hace 5 años (residentes en el país en la gestión 2019 y que respondieron a la pregunta)","categorica","50202","Chayanta"
"persona","mun_res5_cod","Municipio de residencia hace 5 años (residentes en el país en la gestión 2019 y que respondieron a la pregunta)","categorica","50203","Llallagua"
"persona","mun_res5_cod","Municipio de residencia hace 5 años (residentes en el país en la gestión 2019 y que respondieron a la pregunta)","categorica","50204","Chuquihuta Ayllu Jucumani"
"persona","mun_res5_cod","Municipio de residencia hace 5 años (residentes en el país en la gestión 2019 y que respondieron a la pregunta)","categorica","50299","Rafael Bustillo sin municipio especificado"
"persona","mun_res5_cod","Municipio de residencia hace 5 años (residentes en el país en la gestión 2019 y que respondieron a la pregunta)","categorica","50301","Betanzos"
"persona","mun_res5_cod","Municipio de residencia hace 5 años (residentes en el país en la gestión 2019 y que respondieron a la pregunta)","categorica","50302","Chaquí"
"persona","mun_res5_cod","Municipio de residencia hace 5 años (residentes en el país en la gestión 2019 y que respondieron a la pregunta)","categorica","50303","Tacobamba"
"persona","mun_res5_cod","Municipio de residencia hace 5 años (residentes en el país en la gestión 2019 y que respondieron a la pregunta)","categorica","50399","Cornelio Saavedra sin municipio especificado"
"persona","mun_res5_cod","Municipio de residencia hace 5 años (residentes en el país en la gestión 2019 y que respondieron a la pregunta)","categorica","50401","Colquechaca"
"persona","mun_res5_cod","Municipio de residencia hace 5 años (residentes en el país en la gestión 2019 y que respondieron a la pregunta)","categorica","50402","Ravelo"
"persona","mun_res5_cod","Municipio de residencia hace 5 años (residentes en el país en la gestión 2019 y que respondieron a la pregunta)","categorica","50403","Pocoata"
"persona","mun_res5_cod","Municipio de residencia hace 5 años (residentes en el país en la gestión 2019 y que respondieron a la pregunta)","categorica","50404","Ocurí"
"persona","mun_res5_cod","Municipio de residencia hace 5 años (residentes en el país en la gestión 2019 y que respondieron a la pregunta)","categorica","50405","San Pedro de Macha"
"persona","mun_res5_cod","Municipio de residencia hace 5 años (residentes en el país en la gestión 2019 y que respondieron a la pregunta)","categorica","50499","Chayanta sin municipio especificado"
"persona","mun_res5_cod","Municipio de residencia hace 5 años (residentes en el país en la gestión 2019 y que respondieron a la pregunta)","categorica","50501","San Pedro"
"persona","mun_res5_cod","Municipio de residencia hace 5 años (residentes en el país en la gestión 2019 y que respondieron a la pregunta)","categorica","50502","Toro Toro"
"persona","mun_res5_cod","Municipio de residencia hace 5 años (residentes en el país en la gestión 2019 y que respondieron a la pregunta)","categorica","50599","Charcas sin municipio especificado"
"persona","mun_res5_cod","Municipio de residencia hace 5 años (residentes en el país en la gestión 2019 y que respondieron a la pregunta)","categorica","50601","Cotagaita"
"persona","mun_res5_cod","Municipio de residencia hace 5 años (residentes en el país en la gestión 2019 y que respondieron a la pregunta)","categorica","50602","Vitichi"
"persona","mun_res5_cod","Municipio de residencia hace 5 años (residentes en el país en la gestión 2019 y que respondieron a la pregunta)","categorica","50699","Nor Chichas sin municipio especificado"
"persona","mun_res5_cod","Municipio de residencia hace 5 años (residentes en el país en la gestión 2019 y que respondieron a la pregunta)","categorica","50701","Sacaca"
"persona","mun_res5_cod","Municipio de residencia hace 5 años (residentes en el país en la gestión 2019 y que respondieron a la pregunta)","categorica","50702","Caripuyo"
"persona","mun_res5_cod","Municipio de residencia hace 5 años (residentes en el país en la gestión 2019 y que respondieron a la pregunta)","categorica","50799","Alonso de Ibáñez sin municipio especificado"
"persona","mun_res5_cod","Municipio de residencia hace 5 años (residentes en el país en la gestión 2019 y que respondieron a la pregunta)","categorica","50801","Tupiza"
"persona","mun_res5_cod","Municipio de residencia hace 5 años (residentes en el país en la gestión 2019 y que respondieron a la pregunta)","categorica","50802","Atocha"
"persona","mun_res5_cod","Municipio de residencia hace 5 años (residentes en el país en la gestión 2019 y que respondieron a la pregunta)","categorica","50899","Sur Chichas sin municipio especificado"
"persona","mun_res5_cod","Municipio de residencia hace 5 años (residentes en el país en la gestión 2019 y que respondieron a la pregunta)","categorica","50901","Colcha ""K"""
"persona","mun_res5_cod","Municipio de residencia hace 5 años (residentes en el país en la gestión 2019 y que respondieron a la pregunta)","categorica","50902","San Pedro de Quemes"
"persona","mun_res5_cod","Municipio de residencia hace 5 años (residentes en el país en la gestión 2019 y que respondieron a la pregunta)","categorica","50999","Nor Lípez sin municipio especificado"
"persona","mun_res5_cod","Municipio de residencia hace 5 años (residentes en el país en la gestión 2019 y que respondieron a la pregunta)","categorica","51001","San Pablo"
"persona","mun_res5_cod","Municipio de residencia hace 5 años (residentes en el país en la gestión 2019 y que respondieron a la pregunta)","categorica","51002","Mojinete"
"persona","mun_res5_cod","Municipio de residencia hace 5 años (residentes en el país en la gestión 2019 y que respondieron a la pregunta)","categorica","51003","San Antonio de Esmoruco"
"persona","mun_res5_cod","Municipio de residencia hace 5 años (residentes en el país en la gestión 2019 y que respondieron a la pregunta)","categorica","51099","Sur Lípez sin municipio especificado"
"persona","mun_res5_cod","Municipio de residencia hace 5 años (residentes en el país en la gestión 2019 y que respondieron a la pregunta)","categorica","51101","Puna"
"persona","mun_res5_cod","Municipio de residencia hace 5 años (residentes en el país en la gestión 2019 y que respondieron a la pregunta)","categorica","51102","Caiza ""D"""
"persona","mun_res5_cod","Municipio de residencia hace 5 años (residentes en el país en la gestión 2019 y que respondieron a la pregunta)","categorica","51103","Ckochas"
"persona","mun_res5_cod","Municipio de residencia hace 5 años (residentes en el país en la gestión 2019 y que respondieron a la pregunta)","categorica","51199","José María Linares sin municipio especificado"
"persona","mun_res5_cod","Municipio de residencia hace 5 años (residentes en el país en la gestión 2019 y que respondieron a la pregunta)","categorica","51201","Uyuni"
"persona","mun_res5_cod","Municipio de residencia hace 5 años (residentes en el país en la gestión 2019 y que respondieron a la pregunta)","categorica","51202","Tomave"
"persona","mun_res5_cod","Municipio de residencia hace 5 años (residentes en el país en la gestión 2019 y que respondieron a la pregunta)","categorica","51203","Porco"
"persona","mun_res5_cod","Municipio de residencia hace 5 años (residentes en el país en la gestión 2019 y que respondieron a la pregunta)","categorica","51204","TIOC-Jatun Ayllu Yura"
"persona","mun_res5_cod","Municipio de residencia hace 5 años (residentes en el país en la gestión 2019 y que respondieron a la pregunta)","categorica","51299","Antonio Quijarro sin municipio especificado"
"persona","mun_res5_cod","Municipio de residencia hace 5 años (residentes en el país en la gestión 2019 y que respondieron a la pregunta)","categorica","51301","Arampampa"
"persona","mun_res5_cod","Municipio de residencia hace 5 años (residentes en el país en la gestión 2019 y que respondieron a la pregunta)","categorica","51302","Acasio"
"persona","mun_res5_cod","Municipio de residencia hace 5 años (residentes en el país en la gestión 2019 y que respondieron a la pregunta)","categorica","51399","General Bernardino Bilbao sin municipio especificado"
"persona","mun_res5_cod","Municipio de residencia hace 5 años (residentes en el país en la gestión 2019 y que respondieron a la pregunta)","categorica","51401","Llica"
"persona","mun_res5_cod","Municipio de residencia hace 5 años (residentes en el país en la gestión 2019 y que respondieron a la pregunta)","categorica","51402","Tahua"
"persona","mun_res5_cod","Municipio de residencia hace 5 años (residentes en el país en la gestión 2019 y que respondieron a la pregunta)","categorica","51499","Daniel Campos sin municipio especificado"
"persona","mun_res5_cod","Municipio de residencia hace 5 años (residentes en el país en la gestión 2019 y que respondieron a la pregunta)","categorica","51501","Villazón"
"persona","mun_res5_cod","Municipio de residencia hace 5 años (residentes en el país en la gestión 2019 y que respondieron a la pregunta)","categorica","51599","Modesto Omiste sin municipio especificado"
"persona","mun_res5_cod","Municipio de residencia hace 5 años (residentes en el país en la gestión 2019 y que respondieron a la pregunta)","categorica","51601","San Agustín"
"persona","mun_res5_cod","Municipio de residencia hace 5 años (residentes en el país en la gestión 2019 y que respondieron a la pregunta)","categorica","51699","Enrique Baldivieso sin municipio especificado"
"persona","mun_res5_cod","Municipio de residencia hace 5 años (residentes en el país en la gestión 2019 y que respondieron a la pregunta)","categorica","59999","Potosí sin provincia y municipio especificado"
"persona","mun_res5_cod","Municipio de residencia hace 5 años (residentes en el país en la gestión 2019 y que respondieron a la pregunta)","categorica","60101","Tarija"
"persona","mun_res5_cod","Municipio de residencia hace 5 años (residentes en el país en la gestión 2019 y que respondieron a la pregunta)","categorica","60199","Cercado sin municipio especificado"
"persona","mun_res5_cod","Municipio de residencia hace 5 años (residentes en el país en la gestión 2019 y que respondieron a la pregunta)","categorica","60201","Padcaya"
"persona","mun_res5_cod","Municipio de residencia hace 5 años (residentes en el país en la gestión 2019 y que respondieron a la pregunta)","categorica","60202","Bermejo"
"persona","mun_res5_cod","Municipio de residencia hace 5 años (residentes en el país en la gestión 2019 y que respondieron a la pregunta)","categorica","60299","Arce sin municipio especificado"
"persona","mun_res5_cod","Municipio de residencia hace 5 años (residentes en el país en la gestión 2019 y que respondieron a la pregunta)","categorica","60301","Yacuiba"
"persona","mun_res5_cod","Municipio de residencia hace 5 años (residentes en el país en la gestión 2019 y que respondieron a la pregunta)","categorica","60302","Caraparí"
"persona","mun_res5_cod","Municipio de residencia hace 5 años (residentes en el país en la gestión 2019 y que respondieron a la pregunta)","categorica","60303","Villa Montes"
"persona","mun_res5_cod","Municipio de residencia hace 5 años (residentes en el país en la gestión 2019 y que respondieron a la pregunta)","categorica","60399","Gran Chaco sin municipio especificado"
"persona","mun_res5_cod","Municipio de residencia hace 5 años (residentes en el país en la gestión 2019 y que respondieron a la pregunta)","categorica","60401","Uriondo"
"persona","mun_res5_cod","Municipio de residencia hace 5 años (residentes en el país en la gestión 2019 y que respondieron a la pregunta)","categorica","60402","Yunchará"
"persona","mun_res5_cod","Municipio de residencia hace 5 años (residentes en el país en la gestión 2019 y que respondieron a la pregunta)","categorica","60499","Avilez sin municipio especificado"
"persona","mun_res5_cod","Municipio de residencia hace 5 años (residentes en el país en la gestión 2019 y que respondieron a la pregunta)","categorica","60501","San Lorenzo"
"persona","mun_res5_cod","Municipio de residencia hace 5 años (residentes en el país en la gestión 2019 y que respondieron a la pregunta)","categorica","60502","El Puente"
"persona","mun_res5_cod","Municipio de residencia hace 5 años (residentes en el país en la gestión 2019 y que respondieron a la pregunta)","categorica","60599","Méndez sin municipio especificado"
"persona","mun_res5_cod","Municipio de residencia hace 5 años (residentes en el país en la gestión 2019 y que respondieron a la pregunta)","categorica","60601","Entre Ríos"
"persona","mun_res5_cod","Municipio de residencia hace 5 años (residentes en el país en la gestión 2019 y que respondieron a la pregunta)","categorica","60699","O'connor sin municipio especificado"
"persona","mun_res5_cod","Municipio de residencia hace 5 años (residentes en el país en la gestión 2019 y que respondieron a la pregunta)","categorica","69999","Tarija sin provincia y municipio especificado"
"persona","mun_res5_cod","Municipio de residencia hace 5 años (residentes en el país en la gestión 2019 y que respondieron a la pregunta)","categorica","70101","Santa Cruz de la Sierra"
"persona","mun_res5_cod","Municipio de residencia hace 5 años (residentes en el país en la gestión 2019 y que respondieron a la pregunta)","categorica","70102","Cotoca"
"persona","mun_res5_cod","Municipio de residencia hace 5 años (residentes en el país en la gestión 2019 y que respondieron a la pregunta)","categorica","70103","Porongo"
"persona","mun_res5_cod","Municipio de residencia hace 5 años (residentes en el país en la gestión 2019 y que respondieron a la pregunta)","categorica","70104","La Guardia"
"persona","mun_res5_cod","Municipio de residencia hace 5 años (residentes en el país en la gestión 2019 y que respondieron a la pregunta)","categorica","70105","El Torno"
"persona","mun_res5_cod","Municipio de residencia hace 5 años (residentes en el país en la gestión 2019 y que respondieron a la pregunta)","categorica","70199","Andrés Ibáñez sin municipio especificado"
"persona","mun_res5_cod","Municipio de residencia hace 5 años (residentes en el país en la gestión 2019 y que respondieron a la pregunta)","categorica","70201","Warnes"
"persona","mun_res5_cod","Municipio de residencia hace 5 años (residentes en el país en la gestión 2019 y que respondieron a la pregunta)","categorica","70202","Okinawa Uno"
"persona","mun_res5_cod","Municipio de residencia hace 5 años (residentes en el país en la gestión 2019 y que respondieron a la pregunta)","categorica","70299","Warnes sin municipio especificado"
"persona","mun_res5_cod","Municipio de residencia hace 5 años (residentes en el país en la gestión 2019 y que respondieron a la pregunta)","categorica","70301","San Ignacio"
"persona","mun_res5_cod","Municipio de residencia hace 5 años (residentes en el país en la gestión 2019 y que respondieron a la pregunta)","categorica","70302","San Miguel"
"persona","mun_res5_cod","Municipio de residencia hace 5 años (residentes en el país en la gestión 2019 y que respondieron a la pregunta)","categorica","70303","San Rafael"
"persona","mun_res5_cod","Municipio de residencia hace 5 años (residentes en el país en la gestión 2019 y que respondieron a la pregunta)","categorica","70399","Velasco sin municipio especificado"
"persona","mun_res5_cod","Municipio de residencia hace 5 años (residentes en el país en la gestión 2019 y que respondieron a la pregunta)","categorica","70401","Buena Vista"
"persona","mun_res5_cod","Municipio de residencia hace 5 años (residentes en el país en la gestión 2019 y que respondieron a la pregunta)","categorica","70402","San Carlos"
"persona","mun_res5_cod","Municipio de residencia hace 5 años (residentes en el país en la gestión 2019 y que respondieron a la pregunta)","categorica","70403","Yapacaní"
"persona","mun_res5_cod","Municipio de residencia hace 5 años (residentes en el país en la gestión 2019 y que respondieron a la pregunta)","categorica","70404","San Juan"
"persona","mun_res5_cod","Municipio de residencia hace 5 años (residentes en el país en la gestión 2019 y que respondieron a la pregunta)","categorica","70499","Ichilo sin municipio especificado"
"persona","mun_res5_cod","Municipio de residencia hace 5 años (residentes en el país en la gestión 2019 y que respondieron a la pregunta)","categorica","70501","San José"
"persona","mun_res5_cod","Municipio de residencia hace 5 años (residentes en el país en la gestión 2019 y que respondieron a la pregunta)","categorica","70502","Pailón"
"persona","mun_res5_cod","Municipio de residencia hace 5 años (residentes en el país en la gestión 2019 y que respondieron a la pregunta)","categorica","70503","Roboré"
"persona","mun_res5_cod","Municipio de residencia hace 5 años (residentes en el país en la gestión 2019 y que respondieron a la pregunta)","categorica","70599","Chiquitos sin municipio especificado"
"persona","mun_res5_cod","Municipio de residencia hace 5 años (residentes en el país en la gestión 2019 y que respondieron a la pregunta)","categorica","70601","Portachuelo"
"persona","mun_res5_cod","Municipio de residencia hace 5 años (residentes en el país en la gestión 2019 y que respondieron a la pregunta)","categorica","70602","Santa Rosa"
"persona","mun_res5_cod","Municipio de residencia hace 5 años (residentes en el país en la gestión 2019 y que respondieron a la pregunta)","categorica","70603","Colpa Bélgica"
"persona","mun_res5_cod","Municipio de residencia hace 5 años (residentes en el país en la gestión 2019 y que respondieron a la pregunta)","categorica","70699","Sara sin municipio especificado"
"persona","mun_res5_cod","Municipio de residencia hace 5 años (residentes en el país en la gestión 2019 y que respondieron a la pregunta)","categorica","70701","Lagunillas"
"persona","mun_res5_cod","Municipio de residencia hace 5 años (residentes en el país en la gestión 2019 y que respondieron a la pregunta)","categorica","70702","Charagua (Autonomía Guaraní Charagua Iyambae)"
"persona","mun_res5_cod","Municipio de residencia hace 5 años (residentes en el país en la gestión 2019 y que respondieron a la pregunta)","categorica","70703","Cabezas"
"persona","mun_res5_cod","Municipio de residencia hace 5 años (residentes en el país en la gestión 2019 y que respondieron a la pregunta)","categorica","70704","Cuevo"
"persona","mun_res5_cod","Municipio de residencia hace 5 años (residentes en el país en la gestión 2019 y que respondieron a la pregunta)","categorica","70705","Gutiérrez (Autonomía Indígena Kereimba Iyaambae)"
"persona","mun_res5_cod","Municipio de residencia hace 5 años (residentes en el país en la gestión 2019 y que respondieron a la pregunta)","categorica","70706","Camiri"
"persona","mun_res5_cod","Municipio de residencia hace 5 años (residentes en el país en la gestión 2019 y que respondieron a la pregunta)","categorica","70707","Boyuibe"
"persona","mun_res5_cod","Municipio de residencia hace 5 años (residentes en el país en la gestión 2019 y que respondieron a la pregunta)","categorica","70799","Cordillera sin municipio especificado"
"persona","mun_res5_cod","Municipio de residencia hace 5 años (residentes en el país en la gestión 2019 y que respondieron a la pregunta)","categorica","70801","Vallegrande"
"persona","mun_res5_cod","Municipio de residencia hace 5 años (residentes en el país en la gestión 2019 y que respondieron a la pregunta)","categorica","70802","Trigal"
"persona","mun_res5_cod","Municipio de residencia hace 5 años (residentes en el país en la gestión 2019 y que respondieron a la pregunta)","categorica","70803","Moromoro"
"persona","mun_res5_cod","Municipio de residencia hace 5 años (residentes en el país en la gestión 2019 y que respondieron a la pregunta)","categorica","70804","Postrervalle"
"persona","mun_res5_cod","Municipio de residencia hace 5 años (residentes en el país en la gestión 2019 y que respondieron a la pregunta)","categorica","70805","Pucará"
"persona","mun_res5_cod","Municipio de residencia hace 5 años (residentes en el país en la gestión 2019 y que respondieron a la pregunta)","categorica","70899","Valle Grande sin municipio especificado"
"persona","mun_res5_cod","Municipio de residencia hace 5 años (residentes en el país en la gestión 2019 y que respondieron a la pregunta)","categorica","70901","Samaipata"
"persona","mun_res5_cod","Municipio de residencia hace 5 años (residentes en el país en la gestión 2019 y que respondieron a la pregunta)","categorica","70902","Pampagrande"
"persona","mun_res5_cod","Municipio de residencia hace 5 años (residentes en el país en la gestión 2019 y que respondieron a la pregunta)","categorica","70903","Mairana"
"persona","mun_res5_cod","Municipio de residencia hace 5 años (residentes en el país en la gestión 2019 y que respondieron a la pregunta)","categorica","70904","Quirusillas"
"persona","mun_res5_cod","Municipio de residencia hace 5 años (residentes en el país en la gestión 2019 y que respondieron a la pregunta)","categorica","70999","Florida sin municipio especificado"
"persona","mun_res5_cod","Municipio de residencia hace 5 años (residentes en el país en la gestión 2019 y que respondieron a la pregunta)","categorica","71001","Montero"
"persona","mun_res5_cod","Municipio de residencia hace 5 años (residentes en el país en la gestión 2019 y que respondieron a la pregunta)","categorica","71002","General Saavedra"
"persona","mun_res5_cod","Municipio de residencia hace 5 años (residentes en el país en la gestión 2019 y que respondieron a la pregunta)","categorica","71003","Mineros"
"persona","mun_res5_cod","Municipio de residencia hace 5 años (residentes en el país en la gestión 2019 y que respondieron a la pregunta)","categorica","71004","Fernández Alonso"
"persona","mun_res5_cod","Municipio de residencia hace 5 años (residentes en el país en la gestión 2019 y que respondieron a la pregunta)","categorica","71005","San Pedro"
"persona","mun_res5_cod","Municipio de residencia hace 5 años (residentes en el país en la gestión 2019 y que respondieron a la pregunta)","categorica","71099","Obispo Santisteban sin municipio especificado"
"persona","mun_res5_cod","Municipio de residencia hace 5 años (residentes en el país en la gestión 2019 y que respondieron a la pregunta)","categorica","71101","Concepción"
"persona","mun_res5_cod","Municipio de residencia hace 5 años (residentes en el país en la gestión 2019 y que respondieron a la pregunta)","categorica","71102","San Javier"
"persona","mun_res5_cod","Municipio de residencia hace 5 años (residentes en el país en la gestión 2019 y que respondieron a la pregunta)","categorica","71103","San Julián"
"persona","mun_res5_cod","Municipio de residencia hace 5 años (residentes en el país en la gestión 2019 y que respondieron a la pregunta)","categorica","71104","San Antonio de Lomerio"
"persona","mun_res5_cod","Municipio de residencia hace 5 años (residentes en el país en la gestión 2019 y que respondieron a la pregunta)","categorica","71105","San Ramón"
"persona","mun_res5_cod","Municipio de residencia hace 5 años (residentes en el país en la gestión 2019 y que respondieron a la pregunta)","categorica","71106","Cuatro Cañadas"
"persona","mun_res5_cod","Municipio de residencia hace 5 años (residentes en el país en la gestión 2019 y que respondieron a la pregunta)","categorica","71199","Ñuflo de Chávez sin municipio especificado"
"persona","mun_res5_cod","Municipio de residencia hace 5 años (residentes en el país en la gestión 2019 y que respondieron a la pregunta)","categorica","71201","San Matías"
"persona","mun_res5_cod","Municipio de residencia hace 5 años (residentes en el país en la gestión 2019 y que respondieron a la pregunta)","categorica","71299","Ángel Sandóval sin municipio especificado"
"persona","mun_res5_cod","Municipio de residencia hace 5 años (residentes en el país en la gestión 2019 y que respondieron a la pregunta)","categorica","71301","Comarapa"
"persona","mun_res5_cod","Municipio de residencia hace 5 años (residentes en el país en la gestión 2019 y que respondieron a la pregunta)","categorica","71302","Saipina"
"persona","mun_res5_cod","Municipio de residencia hace 5 años (residentes en el país en la gestión 2019 y que respondieron a la pregunta)","categorica","71399","Manuel María Caballero sin municipio especificado"
"persona","mun_res5_cod","Municipio de residencia hace 5 años (residentes en el país en la gestión 2019 y que respondieron a la pregunta)","categorica","71401","Puerto Suárez"
"persona","mun_res5_cod","Municipio de residencia hace 5 años (residentes en el país en la gestión 2019 y que respondieron a la pregunta)","categorica","71402","Puerto Quijarro"
"persona","mun_res5_cod","Municipio de residencia hace 5 años (residentes en el país en la gestión 2019 y que respondieron a la pregunta)","categorica","71403","El Carmen Rivero Tórrez"
"persona","mun_res5_cod","Municipio de residencia hace 5 años (residentes en el país en la gestión 2019 y que respondieron a la pregunta)","categorica","71499","Germán Busch sin municipio especificado"
"persona","mun_res5_cod","Municipio de residencia hace 5 años (residentes en el país en la gestión 2019 y que respondieron a la pregunta)","categorica","71501","Ascención de Guarayos"
"persona","mun_res5_cod","Municipio de residencia hace 5 años (residentes en el país en la gestión 2019 y que respondieron a la pregunta)","categorica","71502","Urubichá"
"persona","mun_res5_cod","Municipio de residencia hace 5 años (residentes en el país en la gestión 2019 y que respondieron a la pregunta)","categorica","71503","El Puente"
"persona","mun_res5_cod","Municipio de residencia hace 5 años (residentes en el país en la gestión 2019 y que respondieron a la pregunta)","categorica","71599","Guarayos sin municipio especificado"
"persona","mun_res5_cod","Municipio de residencia hace 5 años (residentes en el país en la gestión 2019 y que respondieron a la pregunta)","categorica","79999","Santa Cruz sin provincia y municipio especificado"
"persona","mun_res5_cod","Municipio de residencia hace 5 años (residentes en el país en la gestión 2019 y que respondieron a la pregunta)","categorica","80101","Trinidad"
"persona","mun_res5_cod","Municipio de residencia hace 5 años (residentes en el país en la gestión 2019 y que respondieron a la pregunta)","categorica","80102","San Javier"
"persona","mun_res5_cod","Municipio de residencia hace 5 años (residentes en el país en la gestión 2019 y que respondieron a la pregunta)","categorica","80199","Cercado sin municipio especificado"
"persona","mun_res5_cod","Municipio de residencia hace 5 años (residentes en el país en la gestión 2019 y que respondieron a la pregunta)","categorica","80201","Riberalta"
"persona","mun_res5_cod","Municipio de residencia hace 5 años (residentes en el país en la gestión 2019 y que respondieron a la pregunta)","categorica","80202","Guayaramerín"
"persona","mun_res5_cod","Municipio de residencia hace 5 años (residentes en el país en la gestión 2019 y que respondieron a la pregunta)","categorica","80299","Vaca Diez sin municipio especificado"
"persona","mun_res5_cod","Municipio de residencia hace 5 años (residentes en el país en la gestión 2019 y que respondieron a la pregunta)","categorica","80301","Reyes"
"persona","mun_res5_cod","Municipio de residencia hace 5 años (residentes en el país en la gestión 2019 y que respondieron a la pregunta)","categorica","80302","San Borja"
"persona","mun_res5_cod","Municipio de residencia hace 5 años (residentes en el país en la gestión 2019 y que respondieron a la pregunta)","categorica","80303","Santa Rosa"
"persona","mun_res5_cod","Municipio de residencia hace 5 años (residentes en el país en la gestión 2019 y que respondieron a la pregunta)","categorica","80304","Puerto Menor de Rurrenabaque"
"persona","mun_res5_cod","Municipio de residencia hace 5 años (residentes en el país en la gestión 2019 y que respondieron a la pregunta)","categorica","80399","General José Ballivián sin municipio especificado"
"persona","mun_res5_cod","Municipio de residencia hace 5 años (residentes en el país en la gestión 2019 y que respondieron a la pregunta)","categorica","80401","Santa Ana"
"persona","mun_res5_cod","Municipio de residencia hace 5 años (residentes en el país en la gestión 2019 y que respondieron a la pregunta)","categorica","80402","Exaltación"
"persona","mun_res5_cod","Municipio de residencia hace 5 años (residentes en el país en la gestión 2019 y que respondieron a la pregunta)","categorica","80499","Yacuma sin municipio especificado"
"persona","mun_res5_cod","Municipio de residencia hace 5 años (residentes en el país en la gestión 2019 y que respondieron a la pregunta)","categorica","80501","San Ignacio"
"persona","mun_res5_cod","Municipio de residencia hace 5 años (residentes en el país en la gestión 2019 y que respondieron a la pregunta)","categorica","80599","Moxos sin municipio especificado"
"persona","mun_res5_cod","Municipio de residencia hace 5 años (residentes en el país en la gestión 2019 y que respondieron a la pregunta)","categorica","80601","Loreto"
"persona","mun_res5_cod","Municipio de residencia hace 5 años (residentes en el país en la gestión 2019 y que respondieron a la pregunta)","categorica","80602","San Andrés"
"persona","mun_res5_cod","Municipio de residencia hace 5 años (residentes en el país en la gestión 2019 y que respondieron a la pregunta)","categorica","80699","Marbán sin municipio especificado"
"persona","mun_res5_cod","Municipio de residencia hace 5 años (residentes en el país en la gestión 2019 y que respondieron a la pregunta)","categorica","80701","San Joaquín"
"persona","mun_res5_cod","Municipio de residencia hace 5 años (residentes en el país en la gestión 2019 y que respondieron a la pregunta)","categorica","80702","San Ramón"
"persona","mun_res5_cod","Municipio de residencia hace 5 años (residentes en el país en la gestión 2019 y que respondieron a la pregunta)","categorica","80703","Puerto Siles"
"persona","mun_res5_cod","Municipio de residencia hace 5 años (residentes en el país en la gestión 2019 y que respondieron a la pregunta)","categorica","80799","Mamoré sin municipio especificado"
"persona","mun_res5_cod","Municipio de residencia hace 5 años (residentes en el país en la gestión 2019 y que respondieron a la pregunta)","categorica","80801","Magdalena"
"persona","mun_res5_cod","Municipio de residencia hace 5 años (residentes en el país en la gestión 2019 y que respondieron a la pregunta)","categorica","80802","Baures"
"persona","mun_res5_cod","Municipio de residencia hace 5 años (residentes en el país en la gestión 2019 y que respondieron a la pregunta)","categorica","80803","Huacaraje"
"persona","mun_res5_cod","Municipio de residencia hace 5 años (residentes en el país en la gestión 2019 y que respondieron a la pregunta)","categorica","80899","Iténez sin municipio especificado"
"persona","mun_res5_cod","Municipio de residencia hace 5 años (residentes en el país en la gestión 2019 y que respondieron a la pregunta)","categorica","80901","TIOC-Territorio Indígena Multiétnico"
"persona","mun_res5_cod","Municipio de residencia hace 5 años (residentes en el país en la gestión 2019 y que respondieron a la pregunta)","categorica","80999","Territorio Indígena Multiétnico sin municipio especificado"
"persona","mun_res5_cod","Municipio de residencia hace 5 años (residentes en el país en la gestión 2019 y que respondieron a la pregunta)","categorica","89999","Beni sin provincia y municipio especificado"
"persona","mun_res5_cod","Municipio de residencia hace 5 años (residentes en el país en la gestión 2019 y que respondieron a la pregunta)","categorica","90101","Cobija"
"persona","mun_res5_cod","Municipio de residencia hace 5 años (residentes en el país en la gestión 2019 y que respondieron a la pregunta)","categorica","90102","Porvenir"
"persona","mun_res5_cod","Municipio de residencia hace 5 años (residentes en el país en la gestión 2019 y que respondieron a la pregunta)","categorica","90103","Bolpebra"
"persona","mun_res5_cod","Municipio de residencia hace 5 años (residentes en el país en la gestión 2019 y que respondieron a la pregunta)","categorica","90104","Bella Flor"
"persona","mun_res5_cod","Municipio de residencia hace 5 años (residentes en el país en la gestión 2019 y que respondieron a la pregunta)","categorica","90199","Nicolás Suárez sin municipio especificado"
"persona","mun_res5_cod","Municipio de residencia hace 5 años (residentes en el país en la gestión 2019 y que respondieron a la pregunta)","categorica","90201","Puerto Rico"
"persona","mun_res5_cod","Municipio de residencia hace 5 años (residentes en el país en la gestión 2019 y que respondieron a la pregunta)","categorica","90202","San Pedro"
"persona","mun_res5_cod","Municipio de residencia hace 5 años (residentes en el país en la gestión 2019 y que respondieron a la pregunta)","categorica","90203","Filadelfia"
"persona","mun_res5_cod","Municipio de residencia hace 5 años (residentes en el país en la gestión 2019 y que respondieron a la pregunta)","categorica","90299","Manuripi sin municipio especificado"
"persona","mun_res5_cod","Municipio de residencia hace 5 años (residentes en el país en la gestión 2019 y que respondieron a la pregunta)","categorica","90301","Puerto Gonzalo Moreno"
"persona","mun_res5_cod","Municipio de residencia hace 5 años (residentes en el país en la gestión 2019 y que respondieron a la pregunta)","categorica","90302","San Lorenzo"
"persona","mun_res5_cod","Municipio de residencia hace 5 años (residentes en el país en la gestión 2019 y que respondieron a la pregunta)","categorica","90303","Sena"
"persona","mun_res5_cod","Municipio de residencia hace 5 años (residentes en el país en la gestión 2019 y que respondieron a la pregunta)","categorica","90399","Madre de Dios sin municipio especificado"
"persona","mun_res5_cod","Municipio de residencia hace 5 años (residentes en el país en la gestión 2019 y que respondieron a la pregunta)","categorica","90401","Santa Rosa"
"persona","mun_res5_cod","Municipio de residencia hace 5 años (residentes en el país en la gestión 2019 y que respondieron a la pregunta)","categorica","90402","Ingavi"
"persona","mun_res5_cod","Municipio de residencia hace 5 años (residentes en el país en la gestión 2019 y que respondieron a la pregunta)","categorica","90499","Abuná sin municipio especificado"
"persona","mun_res5_cod","Municipio de residencia hace 5 años (residentes en el país en la gestión 2019 y que respondieron a la pregunta)","categorica","90501","Nueva Esperanza"
"persona","mun_res5_cod","Municipio de residencia hace 5 años (residentes en el país en la gestión 2019 y que respondieron a la pregunta)","categorica","90502","Villa Nueva"
"persona","mun_res5_cod","Municipio de residencia hace 5 años (residentes en el país en la gestión 2019 y que respondieron a la pregunta)","categorica","90503","Santos Mercado"
"persona","mun_res5_cod","Municipio de residencia hace 5 años (residentes en el país en la gestión 2019 y que respondieron a la pregunta)","categorica","90599","Federico Román sin municipio especificado"
"persona","mun_res5_cod","Municipio de residencia hace 5 años (residentes en el país en la gestión 2019 y que respondieron a la pregunta)","categorica","99999","Pando sin provincia y municipio especificado"
"persona","mun_res5_cod","Municipio de residencia hace 5 años (residentes en el país en la gestión 2019 y que respondieron a la pregunta)","categorica","999999","Sin especificar"
"persona","dep_lab_cod","Departamento donde trabaja (7 o más años de edad y que respondieron a la pregunta)","categorica","1","Chuquisaca"
"persona","dep_lab_cod","Departamento donde trabaja (7 o más años de edad y que respondieron a la pregunta)","categorica","2","La Paz"
"persona","dep_lab_cod","Departamento donde trabaja (7 o más años de edad y que respondieron a la pregunta)","categorica","3","Cochabamba"
"persona","dep_lab_cod","Departamento donde trabaja (7 o más años de edad y que respondieron a la pregunta)","categorica","4","Oruro"
"persona","dep_lab_cod","Departamento donde trabaja (7 o más años de edad y que respondieron a la pregunta)","categorica","5","Potosí"
"persona","dep_lab_cod","Departamento donde trabaja (7 o más años de edad y que respondieron a la pregunta)","categorica","6","Tarija"
"persona","dep_lab_cod","Departamento donde trabaja (7 o más años de edad y que respondieron a la pregunta)","categorica","7","Santa Cruz"
"persona","dep_lab_cod","Departamento donde trabaja (7 o más años de edad y que respondieron a la pregunta)","categorica","8","Beni"
"persona","dep_lab_cod","Departamento donde trabaja (7 o más años de edad y que respondieron a la pregunta)","categorica","9","Pando"
"persona","dep_lab_cod","Departamento donde trabaja (7 o más años de edad y que respondieron a la pregunta)","categorica","10","Sin especificar"
"persona","prov_lab_cod","Provincia donde trabaja (7 o más años de edad y que respondieron a la pregunta)","categorica","101","Oropeza"
"persona","prov_lab_cod","Provincia donde trabaja (7 o más años de edad y que respondieron a la pregunta)","categorica","102","Azurduy"
"persona","prov_lab_cod","Provincia donde trabaja (7 o más años de edad y que respondieron a la pregunta)","categorica","103","Zudáñez"
"persona","prov_lab_cod","Provincia donde trabaja (7 o más años de edad y que respondieron a la pregunta)","categorica","104","Tomina"
"persona","prov_lab_cod","Provincia donde trabaja (7 o más años de edad y que respondieron a la pregunta)","categorica","105","Hernando Siles"
"persona","prov_lab_cod","Provincia donde trabaja (7 o más años de edad y que respondieron a la pregunta)","categorica","106","Yamparáez"
"persona","prov_lab_cod","Provincia donde trabaja (7 o más años de edad y que respondieron a la pregunta)","categorica","107","Nor Cinti"
"persona","prov_lab_cod","Provincia donde trabaja (7 o más años de edad y que respondieron a la pregunta)","categorica","108","Belisario Boeto"
"persona","prov_lab_cod","Provincia donde trabaja (7 o más años de edad y que respondieron a la pregunta)","categorica","109","Sud Cinti"
"persona","prov_lab_cod","Provincia donde trabaja (7 o más años de edad y que respondieron a la pregunta)","categorica","110","Luis Calvo"
"persona","prov_lab_cod","Provincia donde trabaja (7 o más años de edad y que respondieron a la pregunta)","categorica","199","Chuquisaca sin provincia especificada"
"persona","prov_lab_cod","Provincia donde trabaja (7 o más años de edad y que respondieron a la pregunta)","categorica","201","Murillo"
"persona","prov_lab_cod","Provincia donde trabaja (7 o más años de edad y que respondieron a la pregunta)","categorica","202","Omasuyos"
"persona","prov_lab_cod","Provincia donde trabaja (7 o más años de edad y que respondieron a la pregunta)","categorica","203","Pacajes"
"persona","prov_lab_cod","Provincia donde trabaja (7 o más años de edad y que respondieron a la pregunta)","categorica","204","Camacho"
"persona","prov_lab_cod","Provincia donde trabaja (7 o más años de edad y que respondieron a la pregunta)","categorica","205","Muñecas"
"persona","prov_lab_cod","Provincia donde trabaja (7 o más años de edad y que respondieron a la pregunta)","categorica","206","Larecaja"
"persona","prov_lab_cod","Provincia donde trabaja (7 o más años de edad y que respondieron a la pregunta)","categorica","207","Franz Tamayo"
"persona","prov_lab_cod","Provincia donde trabaja (7 o más años de edad y que respondieron a la pregunta)","categorica","208","Ingavi"
"persona","prov_lab_cod","Provincia donde trabaja (7 o más años de edad y que respondieron a la pregunta)","categorica","209","Loayza"
"persona","prov_lab_cod","Provincia donde trabaja (7 o más años de edad y que respondieron a la pregunta)","categorica","210","Inquisivi"
"persona","prov_lab_cod","Provincia donde trabaja (7 o más años de edad y que respondieron a la pregunta)","categorica","211","Sur Yungas"
"persona","prov_lab_cod","Provincia donde trabaja (7 o más años de edad y que respondieron a la pregunta)","categorica","212","Los Andes"
"persona","prov_lab_cod","Provincia donde trabaja (7 o más años de edad y que respondieron a la pregunta)","categorica","213","Aroma"
"persona","prov_lab_cod","Provincia donde trabaja (7 o más años de edad y que respondieron a la pregunta)","categorica","214","Nor Yungas"
"persona","prov_lab_cod","Provincia donde trabaja (7 o más años de edad y que respondieron a la pregunta)","categorica","215","Abel Iturralde"
"persona","prov_lab_cod","Provincia donde trabaja (7 o más años de edad y que respondieron a la pregunta)","categorica","216","Bautista Saavedra"
"persona","prov_lab_cod","Provincia donde trabaja (7 o más años de edad y que respondieron a la pregunta)","categorica","217","Manco Kapac"
"persona","prov_lab_cod","Provincia donde trabaja (7 o más años de edad y que respondieron a la pregunta)","categorica","218","Gualberto Villarroel"
"persona","prov_lab_cod","Provincia donde trabaja (7 o más años de edad y que respondieron a la pregunta)","categorica","219","General José Manuel Pando"
"persona","prov_lab_cod","Provincia donde trabaja (7 o más años de edad y que respondieron a la pregunta)","categorica","220","Caranavi"
"persona","prov_lab_cod","Provincia donde trabaja (7 o más años de edad y que respondieron a la pregunta)","categorica","299","La Paz sin provincia especificada"
"persona","prov_lab_cod","Provincia donde trabaja (7 o más años de edad y que respondieron a la pregunta)","categorica","301","Cercado"
"persona","prov_lab_cod","Provincia donde trabaja (7 o más años de edad y que respondieron a la pregunta)","categorica","302","Campero"
"persona","prov_lab_cod","Provincia donde trabaja (7 o más años de edad y que respondieron a la pregunta)","categorica","303","Ayopaya"
"persona","prov_lab_cod","Provincia donde trabaja (7 o más años de edad y que respondieron a la pregunta)","categorica","304","Esteban Arze"
"persona","prov_lab_cod","Provincia donde trabaja (7 o más años de edad y que respondieron a la pregunta)","categorica","305","Arani"
"persona","prov_lab_cod","Provincia donde trabaja (7 o más años de edad y que respondieron a la pregunta)","categorica","306","Arque"
"persona","prov_lab_cod","Provincia donde trabaja (7 o más años de edad y que respondieron a la pregunta)","categorica","307","Capinota"
"persona","prov_lab_cod","Provincia donde trabaja (7 o más años de edad y que respondieron a la pregunta)","categorica","308","Germán Jordán"
"persona","prov_lab_cod","Provincia donde trabaja (7 o más años de edad y que respondieron a la pregunta)","categorica","309","Quillacollo"
"persona","prov_lab_cod","Provincia donde trabaja (7 o más años de edad y que respondieron a la pregunta)","categorica","310","Chapare"
"persona","prov_lab_cod","Provincia donde trabaja (7 o más años de edad y que respondieron a la pregunta)","categorica","311","Tapacarí"
"persona","prov_lab_cod","Provincia donde trabaja (7 o más años de edad y que respondieron a la pregunta)","categorica","312","Carrasco"
"persona","prov_lab_cod","Provincia donde trabaja (7 o más años de edad y que respondieron a la pregunta)","categorica","313","Mizque"
"persona","prov_lab_cod","Provincia donde trabaja (7 o más años de edad y que respondieron a la pregunta)","categorica","314","Punata"
"persona","prov_lab_cod","Provincia donde trabaja (7 o más años de edad y que respondieron a la pregunta)","categorica","315","Bolívar"
"persona","prov_lab_cod","Provincia donde trabaja (7 o más años de edad y que respondieron a la pregunta)","categorica","316","Tiraque"
"persona","prov_lab_cod","Provincia donde trabaja (7 o más años de edad y que respondieron a la pregunta)","categorica","399","Cochabamba sin provincia especificada"
"persona","prov_lab_cod","Provincia donde trabaja (7 o más años de edad y que respondieron a la pregunta)","categorica","401","Cercado"
"persona","prov_lab_cod","Provincia donde trabaja (7 o más años de edad y que respondieron a la pregunta)","categorica","402","Abaroa"
"persona","prov_lab_cod","Provincia donde trabaja (7 o más años de edad y que respondieron a la pregunta)","categorica","403","Carangas"
"persona","prov_lab_cod","Provincia donde trabaja (7 o más años de edad y que respondieron a la pregunta)","categorica","404","Sajama"
"persona","prov_lab_cod","Provincia donde trabaja (7 o más años de edad y que respondieron a la pregunta)","categorica","405","Litoral"
"persona","prov_lab_cod","Provincia donde trabaja (7 o más años de edad y que respondieron a la pregunta)","categorica","406","Poopó"
"persona","prov_lab_cod","Provincia donde trabaja (7 o más años de edad y que respondieron a la pregunta)","categorica","407","Pantaleón Dalence"
"persona","prov_lab_cod","Provincia donde trabaja (7 o más años de edad y que respondieron a la pregunta)","categorica","408","Ladislao Cabrera"
"persona","prov_lab_cod","Provincia donde trabaja (7 o más años de edad y que respondieron a la pregunta)","categorica","409","Sabaya"
"persona","prov_lab_cod","Provincia donde trabaja (7 o más años de edad y que respondieron a la pregunta)","categorica","410","Saucarí"
"persona","prov_lab_cod","Provincia donde trabaja (7 o más años de edad y que respondieron a la pregunta)","categorica","411","Tomás Barrón"
"persona","prov_lab_cod","Provincia donde trabaja (7 o más años de edad y que respondieron a la pregunta)","categorica","412","Sur Carangas"
"persona","prov_lab_cod","Provincia donde trabaja (7 o más años de edad y que respondieron a la pregunta)","categorica","413","San Pedro de Totora"
"persona","prov_lab_cod","Provincia donde trabaja (7 o más años de edad y que respondieron a la pregunta)","categorica","414","Sebastián Pagador"
"persona","prov_lab_cod","Provincia donde trabaja (7 o más años de edad y que respondieron a la pregunta)","categorica","415","Mejillones"
"persona","prov_lab_cod","Provincia donde trabaja (7 o más años de edad y que respondieron a la pregunta)","categorica","416","Nor Carangas"
"persona","prov_lab_cod","Provincia donde trabaja (7 o más años de edad y que respondieron a la pregunta)","categorica","499","Oruro sin provincia especificada"
"persona","prov_lab_cod","Provincia donde trabaja (7 o más años de edad y que respondieron a la pregunta)","categorica","501","Tomás Frías"
"persona","prov_lab_cod","Provincia donde trabaja (7 o más años de edad y que respondieron a la pregunta)","categorica","502","Rafael Bustillo"
"persona","prov_lab_cod","Provincia donde trabaja (7 o más años de edad y que respondieron a la pregunta)","categorica","503","Cornelio Saavedra"
"persona","prov_lab_cod","Provincia donde trabaja (7 o más años de edad y que respondieron a la pregunta)","categorica","504","Chayanta"
"persona","prov_lab_cod","Provincia donde trabaja (7 o más años de edad y que respondieron a la pregunta)","categorica","505","Charcas"
"persona","prov_lab_cod","Provincia donde trabaja (7 o más años de edad y que respondieron a la pregunta)","categorica","506","Nor Chichas"
"persona","prov_lab_cod","Provincia donde trabaja (7 o más años de edad y que respondieron a la pregunta)","categorica","507","Alonso de Ibáñez"
"persona","prov_lab_cod","Provincia donde trabaja (7 o más años de edad y que respondieron a la pregunta)","categorica","508","Sur Chichas"
"persona","prov_lab_cod","Provincia donde trabaja (7 o más años de edad y que respondieron a la pregunta)","categorica","509","Nor Lípez"
"persona","prov_lab_cod","Provincia donde trabaja (7 o más años de edad y que respondieron a la pregunta)","categorica","510","Sur Lípez"
"persona","prov_lab_cod","Provincia donde trabaja (7 o más años de edad y que respondieron a la pregunta)","categorica","511","José María Linares"
"persona","prov_lab_cod","Provincia donde trabaja (7 o más años de edad y que respondieron a la pregunta)","categorica","512","Antonio Quijarro"
"persona","prov_lab_cod","Provincia donde trabaja (7 o más años de edad y que respondieron a la pregunta)","categorica","513","General Bernardino Bilbao"
"persona","prov_lab_cod","Provincia donde trabaja (7 o más años de edad y que respondieron a la pregunta)","categorica","514","Daniel Campos"
"persona","prov_lab_cod","Provincia donde trabaja (7 o más años de edad y que respondieron a la pregunta)","categorica","515","Modesto Omiste"
"persona","prov_lab_cod","Provincia donde trabaja (7 o más años de edad y que respondieron a la pregunta)","categorica","516","Enrique Baldivieso"
"persona","prov_lab_cod","Provincia donde trabaja (7 o más años de edad y que respondieron a la pregunta)","categorica","599","Potosí sin provincia especificada"
"persona","prov_lab_cod","Provincia donde trabaja (7 o más años de edad y que respondieron a la pregunta)","categorica","601","Cercado"
"persona","prov_lab_cod","Provincia donde trabaja (7 o más años de edad y que respondieron a la pregunta)","categorica","602","Arce"
"persona","prov_lab_cod","Provincia donde trabaja (7 o más años de edad y que respondieron a la pregunta)","categorica","603","Gran Chaco"
"persona","prov_lab_cod","Provincia donde trabaja (7 o más años de edad y que respondieron a la pregunta)","categorica","604","Avilez"
"persona","prov_lab_cod","Provincia donde trabaja (7 o más años de edad y que respondieron a la pregunta)","categorica","605","Méndez"
"persona","prov_lab_cod","Provincia donde trabaja (7 o más años de edad y que respondieron a la pregunta)","categorica","606","O'Connor"
"persona","prov_lab_cod","Provincia donde trabaja (7 o más años de edad y que respondieron a la pregunta)","categorica","699","Tarija sin provincia especificada"
"persona","prov_lab_cod","Provincia donde trabaja (7 o más años de edad y que respondieron a la pregunta)","categorica","701","Andrés Ibáñez"
"persona","prov_lab_cod","Provincia donde trabaja (7 o más años de edad y que respondieron a la pregunta)","categorica","702","Warnes"
"persona","prov_lab_cod","Provincia donde trabaja (7 o más años de edad y que respondieron a la pregunta)","categorica","703","Velasco"
"persona","prov_lab_cod","Provincia donde trabaja (7 o más años de edad y que respondieron a la pregunta)","categorica","704","Ichilo"
"persona","prov_lab_cod","Provincia donde trabaja (7 o más años de edad y que respondieron a la pregunta)","categorica","705","Chiquitos"
"persona","prov_lab_cod","Provincia donde trabaja (7 o más años de edad y que respondieron a la pregunta)","categorica","706","Sara"
"persona","prov_lab_cod","Provincia donde trabaja (7 o más años de edad y que respondieron a la pregunta)","categorica","707","Cordillera"
"persona","prov_lab_cod","Provincia donde trabaja (7 o más años de edad y que respondieron a la pregunta)","categorica","708","Valle Grande"
"persona","prov_lab_cod","Provincia donde trabaja (7 o más años de edad y que respondieron a la pregunta)","categorica","709","Florida"
"persona","prov_lab_cod","Provincia donde trabaja (7 o más años de edad y que respondieron a la pregunta)","categorica","710","Obispo Santisteban"
"persona","prov_lab_cod","Provincia donde trabaja (7 o más años de edad y que respondieron a la pregunta)","categorica","711","Ñuflo de Chávez"
"persona","prov_lab_cod","Provincia donde trabaja (7 o más años de edad y que respondieron a la pregunta)","categorica","712","Ángel Sandoval"
"persona","prov_lab_cod","Provincia donde trabaja (7 o más años de edad y que respondieron a la pregunta)","categorica","713","Manuel María Caballero"
"persona","prov_lab_cod","Provincia donde trabaja (7 o más años de edad y que respondieron a la pregunta)","categorica","714","Germán Busch"
"persona","prov_lab_cod","Provincia donde trabaja (7 o más años de edad y que respondieron a la pregunta)","categorica","715","Guarayos"
"persona","prov_lab_cod","Provincia donde trabaja (7 o más años de edad y que respondieron a la pregunta)","categorica","799","Santa Cruz sin provincia especificada"
"persona","prov_lab_cod","Provincia donde trabaja (7 o más años de edad y que respondieron a la pregunta)","categorica","801","Cercado"
"persona","prov_lab_cod","Provincia donde trabaja (7 o más años de edad y que respondieron a la pregunta)","categorica","802","Vaca Diez"
"persona","prov_lab_cod","Provincia donde trabaja (7 o más años de edad y que respondieron a la pregunta)","categorica","803","General José Ballivián"
"persona","prov_lab_cod","Provincia donde trabaja (7 o más años de edad y que respondieron a la pregunta)","categorica","804","Yacuma"
"persona","prov_lab_cod","Provincia donde trabaja (7 o más años de edad y que respondieron a la pregunta)","categorica","805","Moxos"
"persona","prov_lab_cod","Provincia donde trabaja (7 o más años de edad y que respondieron a la pregunta)","categorica","806","Marbán"
"persona","prov_lab_cod","Provincia donde trabaja (7 o más años de edad y que respondieron a la pregunta)","categorica","807","Mamoré"
"persona","prov_lab_cod","Provincia donde trabaja (7 o más años de edad y que respondieron a la pregunta)","categorica","808","Iténez"
"persona","prov_lab_cod","Provincia donde trabaja (7 o más años de edad y que respondieron a la pregunta)","categorica","809","Territorio Indígena Multiétnico"
"persona","prov_lab_cod","Provincia donde trabaja (7 o más años de edad y que respondieron a la pregunta)","categorica","899","Beni sin provincia especificada"
"persona","prov_lab_cod","Provincia donde trabaja (7 o más años de edad y que respondieron a la pregunta)","categorica","901","Nicolás Suárez"
"persona","prov_lab_cod","Provincia donde trabaja (7 o más años de edad y que respondieron a la pregunta)","categorica","902","Manuripi"
"persona","prov_lab_cod","Provincia donde trabaja (7 o más años de edad y que respondieron a la pregunta)","categorica","903","Madre de Dios"
"persona","prov_lab_cod","Provincia donde trabaja (7 o más años de edad y que respondieron a la pregunta)","categorica","904","Abuná"
"persona","prov_lab_cod","Provincia donde trabaja (7 o más años de edad y que respondieron a la pregunta)","categorica","905","Federico Román"
"persona","prov_lab_cod","Provincia donde trabaja (7 o más años de edad y que respondieron a la pregunta)","categorica","999","Pando sin provincia especificada"
"persona","prov_lab_cod","Provincia donde trabaja (7 o más años de edad y que respondieron a la pregunta)","categorica","9997","Sin especificar"
"persona","mun_lab_cod","Municipio donde trabaja (7 o más años de edad y que respondieron a la pregunta)","categorica","10101","Sucre"
"persona","mun_lab_cod","Municipio donde trabaja (7 o más años de edad y que respondieron a la pregunta)","categorica","10102","Yotala"
"persona","mun_lab_cod","Municipio donde trabaja (7 o más años de edad y que respondieron a la pregunta)","categorica","10103","Poroma"
"persona","mun_lab_cod","Municipio donde trabaja (7 o más años de edad y que respondieron a la pregunta)","categorica","10199","Oropeza sin municipio especificado"
"persona","mun_lab_cod","Municipio donde trabaja (7 o más años de edad y que respondieron a la pregunta)","categorica","10201","Azurduy"
"persona","mun_lab_cod","Municipio donde trabaja (7 o más años de edad y que respondieron a la pregunta)","categorica","10202","Tarvita"
"persona","mun_lab_cod","Municipio donde trabaja (7 o más años de edad y que respondieron a la pregunta)","categorica","10299","Azurduy sin municipio especificado"
"persona","mun_lab_cod","Municipio donde trabaja (7 o más años de edad y que respondieron a la pregunta)","categorica","10301","Zudáñez"
"persona","mun_lab_cod","Municipio donde trabaja (7 o más años de edad y que respondieron a la pregunta)","categorica","10302","Presto"
"persona","mun_lab_cod","Municipio donde trabaja (7 o más años de edad y que respondieron a la pregunta)","categorica","10303","Mojocoya"
"persona","mun_lab_cod","Municipio donde trabaja (7 o más años de edad y que respondieron a la pregunta)","categorica","10304","Icla"
"persona","mun_lab_cod","Municipio donde trabaja (7 o más años de edad y que respondieron a la pregunta)","categorica","10399","Zudáñez sin municipio especificado"
"persona","mun_lab_cod","Municipio donde trabaja (7 o más años de edad y que respondieron a la pregunta)","categorica","10401","Padilla"
"persona","mun_lab_cod","Municipio donde trabaja (7 o más años de edad y que respondieron a la pregunta)","categorica","10402","Tomina"
"persona","mun_lab_cod","Municipio donde trabaja (7 o más años de edad y que respondieron a la pregunta)","categorica","10403","Sopachuy"
"persona","mun_lab_cod","Municipio donde trabaja (7 o más años de edad y que respondieron a la pregunta)","categorica","10404","Alcalá"
"persona","mun_lab_cod","Municipio donde trabaja (7 o más años de edad y que respondieron a la pregunta)","categorica","10405","El Villar"
"persona","mun_lab_cod","Municipio donde trabaja (7 o más años de edad y que respondieron a la pregunta)","categorica","10499","Tomina sin municipio especificado"
"persona","mun_lab_cod","Municipio donde trabaja (7 o más años de edad y que respondieron a la pregunta)","categorica","10501","Monteagudo"
"persona","mun_lab_cod","Municipio donde trabaja (7 o más años de edad y que respondieron a la pregunta)","categorica","10502","Huacareta"
"persona","mun_lab_cod","Municipio donde trabaja (7 o más años de edad y que respondieron a la pregunta)","categorica","10599","Hernando Siles sin municipio especificado"
"persona","mun_lab_cod","Municipio donde trabaja (7 o más años de edad y que respondieron a la pregunta)","categorica","10601","Tarabuco"
"persona","mun_lab_cod","Municipio donde trabaja (7 o más años de edad y que respondieron a la pregunta)","categorica","10602","Yamparáez"
"persona","mun_lab_cod","Municipio donde trabaja (7 o más años de edad y que respondieron a la pregunta)","categorica","10699","Yamparáez sin municipio especificado"
"persona","mun_lab_cod","Municipio donde trabaja (7 o más años de edad y que respondieron a la pregunta)","categorica","10701","Camargo"
"persona","mun_lab_cod","Municipio donde trabaja (7 o más años de edad y que respondieron a la pregunta)","categorica","10702","San Lucas"
"persona","mun_lab_cod","Municipio donde trabaja (7 o más años de edad y que respondieron a la pregunta)","categorica","10703","Incahuasi"
"persona","mun_lab_cod","Municipio donde trabaja (7 o más años de edad y que respondieron a la pregunta)","categorica","10704","Villa Charcas"
"persona","mun_lab_cod","Municipio donde trabaja (7 o más años de edad y que respondieron a la pregunta)","categorica","10799","Nor Cinti sin municipio especificado"
"persona","mun_lab_cod","Municipio donde trabaja (7 o más años de edad y que respondieron a la pregunta)","categorica","10801","Villa Serrano"
"persona","mun_lab_cod","Municipio donde trabaja (7 o más años de edad y que respondieron a la pregunta)","categorica","10899","Belisario Boeto sin municipio especificado"
"persona","mun_lab_cod","Municipio donde trabaja (7 o más años de edad y que respondieron a la pregunta)","categorica","10901","Villa Abecia"
"persona","mun_lab_cod","Municipio donde trabaja (7 o más años de edad y que respondieron a la pregunta)","categorica","10902","Culpina"
"persona","mun_lab_cod","Municipio donde trabaja (7 o más años de edad y que respondieron a la pregunta)","categorica","10903","Las Carreras"
"persona","mun_lab_cod","Municipio donde trabaja (7 o más años de edad y que respondieron a la pregunta)","categorica","10999","Sud Cinti sin municipio especificado"
"persona","mun_lab_cod","Municipio donde trabaja (7 o más años de edad y que respondieron a la pregunta)","categorica","11001","Villa Vaca Guzmán"
"persona","mun_lab_cod","Municipio donde trabaja (7 o más años de edad y que respondieron a la pregunta)","categorica","11002","Huacaya (Autonomía Guaraní Chaqueño de Huacaya)"
"persona","mun_lab_cod","Municipio donde trabaja (7 o más años de edad y que respondieron a la pregunta)","categorica","11003","Macharetí"
"persona","mun_lab_cod","Municipio donde trabaja (7 o más años de edad y que respondieron a la pregunta)","categorica","11099","Luis Calvo sin municipio especificado"
"persona","mun_lab_cod","Municipio donde trabaja (7 o más años de edad y que respondieron a la pregunta)","categorica","19999","Chuquisaca sin provincia y municipio especificado"
"persona","mun_lab_cod","Municipio donde trabaja (7 o más años de edad y que respondieron a la pregunta)","categorica","20101","Nuestra Señora de La Paz"
"persona","mun_lab_cod","Municipio donde trabaja (7 o más años de edad y que respondieron a la pregunta)","categorica","20102","Palca"
"persona","mun_lab_cod","Municipio donde trabaja (7 o más años de edad y que respondieron a la pregunta)","categorica","20103","Mecapaca"
"persona","mun_lab_cod","Municipio donde trabaja (7 o más años de edad y que respondieron a la pregunta)","categorica","20104","Achocalla"
"persona","mun_lab_cod","Municipio donde trabaja (7 o más años de edad y que respondieron a la pregunta)","categorica","20105","El Alto"
"persona","mun_lab_cod","Municipio donde trabaja (7 o más años de edad y que respondieron a la pregunta)","categorica","20199","Murillo sin municipio especificado"
"persona","mun_lab_cod","Municipio donde trabaja (7 o más años de edad y que respondieron a la pregunta)","categorica","20201","Achacachi"
"persona","mun_lab_cod","Municipio donde trabaja (7 o más años de edad y que respondieron a la pregunta)","categorica","20202","Villa Ancoraimes"
"persona","mun_lab_cod","Municipio donde trabaja (7 o más años de edad y que respondieron a la pregunta)","categorica","20203","Huarina"
"persona","mun_lab_cod","Municipio donde trabaja (7 o más años de edad y que respondieron a la pregunta)","categorica","20204","Santiago de Huata"
"persona","mun_lab_cod","Municipio donde trabaja (7 o más años de edad y que respondieron a la pregunta)","categorica","20205","Huatajata"
"persona","mun_lab_cod","Municipio donde trabaja (7 o más años de edad y que respondieron a la pregunta)","categorica","20206","Chua Cocani"
"persona","mun_lab_cod","Municipio donde trabaja (7 o más años de edad y que respondieron a la pregunta)","categorica","20299","Omasuyos sin municipio especificado"
"persona","mun_lab_cod","Municipio donde trabaja (7 o más años de edad y que respondieron a la pregunta)","categorica","20301","Corocoro"
"persona","mun_lab_cod","Municipio donde trabaja (7 o más años de edad y que respondieron a la pregunta)","categorica","20302","Caquiaviri"
"persona","mun_lab_cod","Municipio donde trabaja (7 o más años de edad y que respondieron a la pregunta)","categorica","20303","Calacoto"
"persona","mun_lab_cod","Municipio donde trabaja (7 o más años de edad y que respondieron a la pregunta)","categorica","20304","Comanche"
"persona","mun_lab_cod","Municipio donde trabaja (7 o más años de edad y que respondieron a la pregunta)","categorica","20305","Charaña"
"persona","mun_lab_cod","Municipio donde trabaja (7 o más años de edad y que respondieron a la pregunta)","categorica","20306","Waldo Ballivián"
"persona","mun_lab_cod","Municipio donde trabaja (7 o más años de edad y que respondieron a la pregunta)","categorica","20307","Nazacara de Pacajes"
"persona","mun_lab_cod","Municipio donde trabaja (7 o más años de edad y que respondieron a la pregunta)","categorica","20308","Santiago de Callapa"
"persona","mun_lab_cod","Municipio donde trabaja (7 o más años de edad y que respondieron a la pregunta)","categorica","20399","Pacajes sin municipio especificado"
"persona","mun_lab_cod","Municipio donde trabaja (7 o más años de edad y que respondieron a la pregunta)","categorica","20401","Puerto Acosta"
"persona","mun_lab_cod","Municipio donde trabaja (7 o más años de edad y que respondieron a la pregunta)","categorica","20402","Mocomoco"
"persona","mun_lab_cod","Municipio donde trabaja (7 o más años de edad y que respondieron a la pregunta)","categorica","20403","Puerto Mayor de Carabuco"
"persona","mun_lab_cod","Municipio donde trabaja (7 o más años de edad y que respondieron a la pregunta)","categorica","20404","Humanata"
"persona","mun_lab_cod","Municipio donde trabaja (7 o más años de edad y que respondieron a la pregunta)","categorica","20405","Escoma"
"persona","mun_lab_cod","Municipio donde trabaja (7 o más años de edad y que respondieron a la pregunta)","categorica","20499","Camacho sin municipio especificado"
"persona","mun_lab_cod","Municipio donde trabaja (7 o más años de edad y que respondieron a la pregunta)","categorica","20501","Chuma"
"persona","mun_lab_cod","Municipio donde trabaja (7 o más años de edad y que respondieron a la pregunta)","categorica","20502","Ayata"
"persona","mun_lab_cod","Municipio donde trabaja (7 o más años de edad y que respondieron a la pregunta)","categorica","20503","Aucapata"
"persona","mun_lab_cod","Municipio donde trabaja (7 o más años de edad y que respondieron a la pregunta)","categorica","20599","Muñecas sin municipio especificado"
"persona","mun_lab_cod","Municipio donde trabaja (7 o más años de edad y que respondieron a la pregunta)","categorica","20601","Sorata"
"persona","mun_lab_cod","Municipio donde trabaja (7 o más años de edad y que respondieron a la pregunta)","categorica","20602","Guanay"
"persona","mun_lab_cod","Municipio donde trabaja (7 o más años de edad y que respondieron a la pregunta)","categorica","20603","Tacacoma"
"persona","mun_lab_cod","Municipio donde trabaja (7 o más años de edad y que respondieron a la pregunta)","categorica","20604","Quiabaya"
"persona","mun_lab_cod","Municipio donde trabaja (7 o más años de edad y que respondieron a la pregunta)","categorica","20605","Combaya"
"persona","mun_lab_cod","Municipio donde trabaja (7 o más años de edad y que respondieron a la pregunta)","categorica","20606","Tipuani"
"persona","mun_lab_cod","Municipio donde trabaja (7 o más años de edad y que respondieron a la pregunta)","categorica","20607","Mapiri"
"persona","mun_lab_cod","Municipio donde trabaja (7 o más años de edad y que respondieron a la pregunta)","categorica","20608","Teoponte"
"persona","mun_lab_cod","Municipio donde trabaja (7 o más años de edad y que respondieron a la pregunta)","categorica","20699","Larecaja sin municipio especificado"
"persona","mun_lab_cod","Municipio donde trabaja (7 o más años de edad y que respondieron a la pregunta)","categorica","20701","Apolo"
"persona","mun_lab_cod","Municipio donde trabaja (7 o más años de edad y que respondieron a la pregunta)","categorica","20702","Pelechuco"
"persona","mun_lab_cod","Municipio donde trabaja (7 o más años de edad y que respondieron a la pregunta)","categorica","20799","Franz Tamayo sin municipio especificado"
"persona","mun_lab_cod","Municipio donde trabaja (7 o más años de edad y que respondieron a la pregunta)","categorica","20801","Viacha"
"persona","mun_lab_cod","Municipio donde trabaja (7 o más años de edad y que respondieron a la pregunta)","categorica","20802","Puerto Mayor de Guaqui"
"persona","mun_lab_cod","Municipio donde trabaja (7 o más años de edad y que respondieron a la pregunta)","categorica","20803","Tiahuanacu"
"persona","mun_lab_cod","Municipio donde trabaja (7 o más años de edad y que respondieron a la pregunta)","categorica","20804","Desaguadero"
"persona","mun_lab_cod","Municipio donde trabaja (7 o más años de edad y que respondieron a la pregunta)","categorica","20805","La (Marka) San Andrés de Machaca"
"persona","mun_lab_cod","Municipio donde trabaja (7 o más años de edad y que respondieron a la pregunta)","categorica","20806","Jesús de Machaka"
"persona","mun_lab_cod","Municipio donde trabaja (7 o más años de edad y que respondieron a la pregunta)","categorica","20807","Taraco"
"persona","mun_lab_cod","Municipio donde trabaja (7 o más años de edad y que respondieron a la pregunta)","categorica","20899","Ingavi sin municipio especificado"
"persona","mun_lab_cod","Municipio donde trabaja (7 o más años de edad y que respondieron a la pregunta)","categorica","20901","Luribay"
"persona","mun_lab_cod","Municipio donde trabaja (7 o más años de edad y que respondieron a la pregunta)","categorica","20902","Sapahaqui"
"persona","mun_lab_cod","Municipio donde trabaja (7 o más años de edad y que respondieron a la pregunta)","categorica","20903","Yaco"
"persona","mun_lab_cod","Municipio donde trabaja (7 o más años de edad y que respondieron a la pregunta)","categorica","20904","Malla"
"persona","mun_lab_cod","Municipio donde trabaja (7 o más años de edad y que respondieron a la pregunta)","categorica","20905","Cairoma"
"persona","mun_lab_cod","Municipio donde trabaja (7 o más años de edad y que respondieron a la pregunta)","categorica","20999","Loayza sin municipio especificado"
"persona","mun_lab_cod","Municipio donde trabaja (7 o más años de edad y que respondieron a la pregunta)","categorica","21001","Inquisivi"
"persona","mun_lab_cod","Municipio donde trabaja (7 o más años de edad y que respondieron a la pregunta)","categorica","21002","Quime"
"persona","mun_lab_cod","Municipio donde trabaja (7 o más años de edad y que respondieron a la pregunta)","categorica","21003","Cajuata"
"persona","mun_lab_cod","Municipio donde trabaja (7 o más años de edad y que respondieron a la pregunta)","categorica","21004","Colquiri"
"persona","mun_lab_cod","Municipio donde trabaja (7 o más años de edad y que respondieron a la pregunta)","categorica","21005","Ichoca"
"persona","mun_lab_cod","Municipio donde trabaja (7 o más años de edad y que respondieron a la pregunta)","categorica","21006","Villa Libertad Licoma"
"persona","mun_lab_cod","Municipio donde trabaja (7 o más años de edad y que respondieron a la pregunta)","categorica","21099","Inquisivi sin municipio especificado"
"persona","mun_lab_cod","Municipio donde trabaja (7 o más años de edad y que respondieron a la pregunta)","categorica","21101","Chulumani"
"persona","mun_lab_cod","Municipio donde trabaja (7 o más años de edad y que respondieron a la pregunta)","categorica","21102","Irupana"
"persona","mun_lab_cod","Municipio donde trabaja (7 o más años de edad y que respondieron a la pregunta)","categorica","21103","Yanacachi"
"persona","mun_lab_cod","Municipio donde trabaja (7 o más años de edad y que respondieron a la pregunta)","categorica","21104","Palos Blancos"
"persona","mun_lab_cod","Municipio donde trabaja (7 o más años de edad y que respondieron a la pregunta)","categorica","21105","La Asunta"
"persona","mun_lab_cod","Municipio donde trabaja (7 o más años de edad y que respondieron a la pregunta)","categorica","21199","Sur Yungas sin municipio especificado"
"persona","mun_lab_cod","Municipio donde trabaja (7 o más años de edad y que respondieron a la pregunta)","categorica","21201","Pucarani"
"persona","mun_lab_cod","Municipio donde trabaja (7 o más años de edad y que respondieron a la pregunta)","categorica","21202","Laja"
"persona","mun_lab_cod","Municipio donde trabaja (7 o más años de edad y que respondieron a la pregunta)","categorica","21203","Batallas"
"persona","mun_lab_cod","Municipio donde trabaja (7 o más años de edad y que respondieron a la pregunta)","categorica","21204","Puerto Pérez"
"persona","mun_lab_cod","Municipio donde trabaja (7 o más años de edad y que respondieron a la pregunta)","categorica","21299","Los Andes sin municipio especificado"
"persona","mun_lab_cod","Municipio donde trabaja (7 o más años de edad y que respondieron a la pregunta)","categorica","21301","Sicasica"
"persona","mun_lab_cod","Municipio donde trabaja (7 o más años de edad y que respondieron a la pregunta)","categorica","21302","Umala"
"persona","mun_lab_cod","Municipio donde trabaja (7 o más años de edad y que respondieron a la pregunta)","categorica","21303","Ayo Ayo"
"persona","mun_lab_cod","Municipio donde trabaja (7 o más años de edad y que respondieron a la pregunta)","categorica","21304","Calamarca"
"persona","mun_lab_cod","Municipio donde trabaja (7 o más años de edad y que respondieron a la pregunta)","categorica","21305","Patacamaya"
"persona","mun_lab_cod","Municipio donde trabaja (7 o más años de edad y que respondieron a la pregunta)","categorica","21306","Colquencha"
"persona","mun_lab_cod","Municipio donde trabaja (7 o más años de edad y que respondieron a la pregunta)","categorica","21307","Collana"
"persona","mun_lab_cod","Municipio donde trabaja (7 o más años de edad y que respondieron a la pregunta)","categorica","21399","Aroma sin municipio especificado"
"persona","mun_lab_cod","Municipio donde trabaja (7 o más años de edad y que respondieron a la pregunta)","categorica","21401","Coroico"
"persona","mun_lab_cod","Municipio donde trabaja (7 o más años de edad y que respondieron a la pregunta)","categorica","21402","Coripata"
"persona","mun_lab_cod","Municipio donde trabaja (7 o más años de edad y que respondieron a la pregunta)","categorica","21499","Nor Yungas sin municipio especificado"
"persona","mun_lab_cod","Municipio donde trabaja (7 o más años de edad y que respondieron a la pregunta)","categorica","21501","Ixiamas"
"persona","mun_lab_cod","Municipio donde trabaja (7 o más años de edad y que respondieron a la pregunta)","categorica","21502","San Buenaventura"
"persona","mun_lab_cod","Municipio donde trabaja (7 o más años de edad y que respondieron a la pregunta)","categorica","21599","Abel Iturralde sin municipio especificado"
"persona","mun_lab_cod","Municipio donde trabaja (7 o más años de edad y que respondieron a la pregunta)","categorica","21601","Charazani"
"persona","mun_lab_cod","Municipio donde trabaja (7 o más años de edad y que respondieron a la pregunta)","categorica","21602","Curva"
"persona","mun_lab_cod","Municipio donde trabaja (7 o más años de edad y que respondieron a la pregunta)","categorica","21699","Bautista Saavedra sin municipio especificado"
"persona","mun_lab_cod","Municipio donde trabaja (7 o más años de edad y que respondieron a la pregunta)","categorica","21701","Copacabana"
"persona","mun_lab_cod","Municipio donde trabaja (7 o más años de edad y que respondieron a la pregunta)","categorica","21702","San Pedro de Tiquina"
"persona","mun_lab_cod","Municipio donde trabaja (7 o más años de edad y que respondieron a la pregunta)","categorica","21703","Tito Yupanqui"
"persona","mun_lab_cod","Municipio donde trabaja (7 o más años de edad y que respondieron a la pregunta)","categorica","21799","Manco Kapac sin municipio especificado"
"persona","mun_lab_cod","Municipio donde trabaja (7 o más años de edad y que respondieron a la pregunta)","categorica","21801","San Pedro de Curahuara"
"persona","mun_lab_cod","Municipio donde trabaja (7 o más años de edad y que respondieron a la pregunta)","categorica","21802","Papel Pampa"
"persona","mun_lab_cod","Municipio donde trabaja (7 o más años de edad y que respondieron a la pregunta)","categorica","21803","Chacarilla"
"persona","mun_lab_cod","Municipio donde trabaja (7 o más años de edad y que respondieron a la pregunta)","categorica","21899","Gualberto Villarroel sin municipio especificado"
"persona","mun_lab_cod","Municipio donde trabaja (7 o más años de edad y que respondieron a la pregunta)","categorica","21901","Santiago de Machaca"
"persona","mun_lab_cod","Municipio donde trabaja (7 o más años de edad y que respondieron a la pregunta)","categorica","21902","Catacora"
"persona","mun_lab_cod","Municipio donde trabaja (7 o más años de edad y que respondieron a la pregunta)","categorica","21999","General José Manuel sin municipio especificado"
"persona","mun_lab_cod","Municipio donde trabaja (7 o más años de edad y que respondieron a la pregunta)","categorica","22001","Caranavi"
"persona","mun_lab_cod","Municipio donde trabaja (7 o más años de edad y que respondieron a la pregunta)","categorica","22002","Alto Beni"
"persona","mun_lab_cod","Municipio donde trabaja (7 o más años de edad y que respondieron a la pregunta)","categorica","22099","Caranavi sin municipio especificado"
"persona","mun_lab_cod","Municipio donde trabaja (7 o más años de edad y que respondieron a la pregunta)","categorica","29999","La Paz sin provincia y municipio especificado"
"persona","mun_lab_cod","Municipio donde trabaja (7 o más años de edad y que respondieron a la pregunta)","categorica","30101","Cochabamba"
"persona","mun_lab_cod","Municipio donde trabaja (7 o más años de edad y que respondieron a la pregunta)","categorica","30199","Cercado sin municipio especificado"
"persona","mun_lab_cod","Municipio donde trabaja (7 o más años de edad y que respondieron a la pregunta)","categorica","30201","Aiquile"
"persona","mun_lab_cod","Municipio donde trabaja (7 o más años de edad y que respondieron a la pregunta)","categorica","30202","Pasorapa"
"persona","mun_lab_cod","Municipio donde trabaja (7 o más años de edad y que respondieron a la pregunta)","categorica","30203","Omereque"
"persona","mun_lab_cod","Municipio donde trabaja (7 o más años de edad y que respondieron a la pregunta)","categorica","30299","Campero sin municipio especificado"
"persona","mun_lab_cod","Municipio donde trabaja (7 o más años de edad y que respondieron a la pregunta)","categorica","30301","Ayopaya"
"persona","mun_lab_cod","Municipio donde trabaja (7 o más años de edad y que respondieron a la pregunta)","categorica","30302","Morochata"
"persona","mun_lab_cod","Municipio donde trabaja (7 o más años de edad y que respondieron a la pregunta)","categorica","30303","Cocapata"
"persona","mun_lab_cod","Municipio donde trabaja (7 o más años de edad y que respondieron a la pregunta)","categorica","30399","Ayopaya sin municipio especificado"
"persona","mun_lab_cod","Municipio donde trabaja (7 o más años de edad y que respondieron a la pregunta)","categorica","30401","Tarata"
"persona","mun_lab_cod","Municipio donde trabaja (7 o más años de edad y que respondieron a la pregunta)","categorica","30402","Anzaldo"
"persona","mun_lab_cod","Municipio donde trabaja (7 o más años de edad y que respondieron a la pregunta)","categorica","30403","Arbieto"
"persona","mun_lab_cod","Municipio donde trabaja (7 o más años de edad y que respondieron a la pregunta)","categorica","30404","Sacabamba"
"persona","mun_lab_cod","Municipio donde trabaja (7 o más años de edad y que respondieron a la pregunta)","categorica","30499","Esteban Arze sin municipio especificado"
"persona","mun_lab_cod","Municipio donde trabaja (7 o más años de edad y que respondieron a la pregunta)","categorica","30501","Arani"
"persona","mun_lab_cod","Municipio donde trabaja (7 o más años de edad y que respondieron a la pregunta)","categorica","30502","Vacas"
"persona","mun_lab_cod","Municipio donde trabaja (7 o más años de edad y que respondieron a la pregunta)","categorica","30599","Arani sin municipio especificado"
"persona","mun_lab_cod","Municipio donde trabaja (7 o más años de edad y que respondieron a la pregunta)","categorica","30601","Arque"
"persona","mun_lab_cod","Municipio donde trabaja (7 o más años de edad y que respondieron a la pregunta)","categorica","30602","Tacopaya"
"persona","mun_lab_cod","Municipio donde trabaja (7 o más años de edad y que respondieron a la pregunta)","categorica","30699","Arque sin municipio especificado"
"persona","mun_lab_cod","Municipio donde trabaja (7 o más años de edad y que respondieron a la pregunta)","categorica","30701","Capinota"
"persona","mun_lab_cod","Municipio donde trabaja (7 o más años de edad y que respondieron a la pregunta)","categorica","30702","Santiváñez"
"persona","mun_lab_cod","Municipio donde trabaja (7 o más años de edad y que respondieron a la pregunta)","categorica","30703","Sicaya"
"persona","mun_lab_cod","Municipio donde trabaja (7 o más años de edad y que respondieron a la pregunta)","categorica","30799","Capinota sin municipio especificado"
"persona","mun_lab_cod","Municipio donde trabaja (7 o más años de edad y que respondieron a la pregunta)","categorica","30801","Cliza"
"persona","mun_lab_cod","Municipio donde trabaja (7 o más años de edad y que respondieron a la pregunta)","categorica","30802","Toco"
"persona","mun_lab_cod","Municipio donde trabaja (7 o más años de edad y que respondieron a la pregunta)","categorica","30803","Tolata"
"persona","mun_lab_cod","Municipio donde trabaja (7 o más años de edad y que respondieron a la pregunta)","categorica","30899","Germán Jordán sin municipio especificado"
"persona","mun_lab_cod","Municipio donde trabaja (7 o más años de edad y que respondieron a la pregunta)","categorica","30901","Quillacollo"
"persona","mun_lab_cod","Municipio donde trabaja (7 o más años de edad y que respondieron a la pregunta)","categorica","30902","Sipesipe"
"persona","mun_lab_cod","Municipio donde trabaja (7 o más años de edad y que respondieron a la pregunta)","categorica","30903","Tiquipaya"
"persona","mun_lab_cod","Municipio donde trabaja (7 o más años de edad y que respondieron a la pregunta)","categorica","30904","Vinto"
"persona","mun_lab_cod","Municipio donde trabaja (7 o más años de edad y que respondieron a la pregunta)","categorica","30905","Colcapirhua"
"persona","mun_lab_cod","Municipio donde trabaja (7 o más años de edad y que respondieron a la pregunta)","categorica","30999","Quillacollo sin municipio especificado"
"persona","mun_lab_cod","Municipio donde trabaja (7 o más años de edad y que respondieron a la pregunta)","categorica","31001","Sacaba"
"persona","mun_lab_cod","Municipio donde trabaja (7 o más años de edad y que respondieron a la pregunta)","categorica","31002","Colomi"
"persona","mun_lab_cod","Municipio donde trabaja (7 o más años de edad y que respondieron a la pregunta)","categorica","31003","Villa Tunari"
"persona","mun_lab_cod","Municipio donde trabaja (7 o más años de edad y que respondieron a la pregunta)","categorica","31099","Chapare sin municipio especificado"
"persona","mun_lab_cod","Municipio donde trabaja (7 o más años de edad y que respondieron a la pregunta)","categorica","31101","Tapacarí"
"persona","mun_lab_cod","Municipio donde trabaja (7 o más años de edad y que respondieron a la pregunta)","categorica","31199","Tapacarí sin municipio especificado"
"persona","mun_lab_cod","Municipio donde trabaja (7 o más años de edad y que respondieron a la pregunta)","categorica","31201","Totora"
"persona","mun_lab_cod","Municipio donde trabaja (7 o más años de edad y que respondieron a la pregunta)","categorica","31202","Pojo"
"persona","mun_lab_cod","Municipio donde trabaja (7 o más años de edad y que respondieron a la pregunta)","categorica","31203","Pocona"
"persona","mun_lab_cod","Municipio donde trabaja (7 o más años de edad y que respondieron a la pregunta)","categorica","31204","Chimoré"
"persona","mun_lab_cod","Municipio donde trabaja (7 o más años de edad y que respondieron a la pregunta)","categorica","31205","Puerto Villarroel"
"persona","mun_lab_cod","Municipio donde trabaja (7 o más años de edad y que respondieron a la pregunta)","categorica","31206","Entre Ríos"
"persona","mun_lab_cod","Municipio donde trabaja (7 o más años de edad y que respondieron a la pregunta)","categorica","31299","Carrasco sin municipio especificado"
"persona","mun_lab_cod","Municipio donde trabaja (7 o más años de edad y que respondieron a la pregunta)","categorica","31301","Mizque"
"persona","mun_lab_cod","Municipio donde trabaja (7 o más años de edad y que respondieron a la pregunta)","categorica","31302","Vila Vila"
"persona","mun_lab_cod","Municipio donde trabaja (7 o más años de edad y que respondieron a la pregunta)","categorica","31303","Alalay"
"persona","mun_lab_cod","Municipio donde trabaja (7 o más años de edad y que respondieron a la pregunta)","categorica","31304","TIOC-Raqaypampa"
"persona","mun_lab_cod","Municipio donde trabaja (7 o más años de edad y que respondieron a la pregunta)","categorica","31399","Mizque sin municipio especificado"
"persona","mun_lab_cod","Municipio donde trabaja (7 o más años de edad y que respondieron a la pregunta)","categorica","31401","Punata"
"persona","mun_lab_cod","Municipio donde trabaja (7 o más años de edad y que respondieron a la pregunta)","categorica","31402","Villa Rivero"
"persona","mun_lab_cod","Municipio donde trabaja (7 o más años de edad y que respondieron a la pregunta)","categorica","31403","San Benito"
"persona","mun_lab_cod","Municipio donde trabaja (7 o más años de edad y que respondieron a la pregunta)","categorica","31404","Tacachi"
"persona","mun_lab_cod","Municipio donde trabaja (7 o más años de edad y que respondieron a la pregunta)","categorica","31405","Villa Gualberto Villarroel"
"persona","mun_lab_cod","Municipio donde trabaja (7 o más años de edad y que respondieron a la pregunta)","categorica","31499","Punata sin municipio especificado"
"persona","mun_lab_cod","Municipio donde trabaja (7 o más años de edad y que respondieron a la pregunta)","categorica","31501","Bolívar"
"persona","mun_lab_cod","Municipio donde trabaja (7 o más años de edad y que respondieron a la pregunta)","categorica","31599","Bolívar sin municipio especificado"
"persona","mun_lab_cod","Municipio donde trabaja (7 o más años de edad y que respondieron a la pregunta)","categorica","31601","Tiraque"
"persona","mun_lab_cod","Municipio donde trabaja (7 o más años de edad y que respondieron a la pregunta)","categorica","31602","Shinahota"
"persona","mun_lab_cod","Municipio donde trabaja (7 o más años de edad y que respondieron a la pregunta)","categorica","31699","Tiraque sin municipio especificado"
"persona","mun_lab_cod","Municipio donde trabaja (7 o más años de edad y que respondieron a la pregunta)","categorica","39999","Cochabamba sin provincia y municipio especificado"
"persona","mun_lab_cod","Municipio donde trabaja (7 o más años de edad y que respondieron a la pregunta)","categorica","40101","Oruro"
"persona","mun_lab_cod","Municipio donde trabaja (7 o más años de edad y que respondieron a la pregunta)","categorica","40102","Caracollo"
"persona","mun_lab_cod","Municipio donde trabaja (7 o más años de edad y que respondieron a la pregunta)","categorica","40103","El Choro"
"persona","mun_lab_cod","Municipio donde trabaja (7 o más años de edad y que respondieron a la pregunta)","categorica","40104","Paria"
"persona","mun_lab_cod","Municipio donde trabaja (7 o más años de edad y que respondieron a la pregunta)","categorica","40199","Cercado sin municipio especificado"
"persona","mun_lab_cod","Municipio donde trabaja (7 o más años de edad y que respondieron a la pregunta)","categorica","40201","Challapata"
"persona","mun_lab_cod","Municipio donde trabaja (7 o más años de edad y que respondieron a la pregunta)","categorica","40202","Santuario de Quillacas"
"persona","mun_lab_cod","Municipio donde trabaja (7 o más años de edad y que respondieron a la pregunta)","categorica","40299","Abaroa sin municipio especificado"
"persona","mun_lab_cod","Municipio donde trabaja (7 o más años de edad y que respondieron a la pregunta)","categorica","40301","Corque"
"persona","mun_lab_cod","Municipio donde trabaja (7 o más años de edad y que respondieron a la pregunta)","categorica","40302","Choquecota"
"persona","mun_lab_cod","Municipio donde trabaja (7 o más años de edad y que respondieron a la pregunta)","categorica","40399","Carangas sin municipio especificado"
"persona","mun_lab_cod","Municipio donde trabaja (7 o más años de edad y que respondieron a la pregunta)","categorica","40401","Curahuara de Carangas"
"persona","mun_lab_cod","Municipio donde trabaja (7 o más años de edad y que respondieron a la pregunta)","categorica","40402","Turco"
"persona","mun_lab_cod","Municipio donde trabaja (7 o más años de edad y que respondieron a la pregunta)","categorica","40499","Sajama sin municipio especificado"
"persona","mun_lab_cod","Municipio donde trabaja (7 o más años de edad y que respondieron a la pregunta)","categorica","40501","Huachacalla"
"persona","mun_lab_cod","Municipio donde trabaja (7 o más años de edad y que respondieron a la pregunta)","categorica","40502","Escara"
"persona","mun_lab_cod","Municipio donde trabaja (7 o más años de edad y que respondieron a la pregunta)","categorica","40503","Cruz de Machacamarca"
"persona","mun_lab_cod","Municipio donde trabaja (7 o más años de edad y que respondieron a la pregunta)","categorica","40504","Yunguyo del Litoral"
"persona","mun_lab_cod","Municipio donde trabaja (7 o más años de edad y que respondieron a la pregunta)","categorica","40505","Esmeralda"
"persona","mun_lab_cod","Municipio donde trabaja (7 o más años de edad y que respondieron a la pregunta)","categorica","40599","Litoral sin municipio especificado"
"persona","mun_lab_cod","Municipio donde trabaja (7 o más años de edad y que respondieron a la pregunta)","categorica","40601","Poopó"
"persona","mun_lab_cod","Municipio donde trabaja (7 o más años de edad y que respondieron a la pregunta)","categorica","40602","Pazña"
"persona","mun_lab_cod","Municipio donde trabaja (7 o más años de edad y que respondieron a la pregunta)","categorica","40603","Antequera"
"persona","mun_lab_cod","Municipio donde trabaja (7 o más años de edad y que respondieron a la pregunta)","categorica","40699","Poopó sin municipio especificado"
"persona","mun_lab_cod","Municipio donde trabaja (7 o más años de edad y que respondieron a la pregunta)","categorica","40701","Huanuni"
"persona","mun_lab_cod","Municipio donde trabaja (7 o más años de edad y que respondieron a la pregunta)","categorica","40702","Machacamarca"
"persona","mun_lab_cod","Municipio donde trabaja (7 o más años de edad y que respondieron a la pregunta)","categorica","40799","Pantaleón Dalence sin municipio especificado"
"persona","mun_lab_cod","Municipio donde trabaja (7 o más años de edad y que respondieron a la pregunta)","categorica","40801","Salinas de Garci Mendoza (Autonomía Indígena Originario Campesina de Salinas)"
"persona","mun_lab_cod","Municipio donde trabaja (7 o más años de edad y que respondieron a la pregunta)","categorica","40802","Pampa Aullagas"
"persona","mun_lab_cod","Municipio donde trabaja (7 o más años de edad y que respondieron a la pregunta)","categorica","40899","Ladislao Cabrera sin municipio especificado"
"persona","mun_lab_cod","Municipio donde trabaja (7 o más años de edad y que respondieron a la pregunta)","categorica","40901","Sabaya"
"persona","mun_lab_cod","Municipio donde trabaja (7 o más años de edad y que respondieron a la pregunta)","categorica","40902","Coipasa"
"persona","mun_lab_cod","Municipio donde trabaja (7 o más años de edad y que respondieron a la pregunta)","categorica","40903","Uru Chipaya (Nación Originaria Uru Chipaya)"
"persona","mun_lab_cod","Municipio donde trabaja (7 o más años de edad y que respondieron a la pregunta)","categorica","40999","Sabaya sin municipio especificado"
"persona","mun_lab_cod","Municipio donde trabaja (7 o más años de edad y que respondieron a la pregunta)","categorica","41001","Toledo"
"persona","mun_lab_cod","Municipio donde trabaja (7 o más años de edad y que respondieron a la pregunta)","categorica","41099","Saucarí sin municipio especificado"
"persona","mun_lab_cod","Municipio donde trabaja (7 o más años de edad y que respondieron a la pregunta)","categorica","41101","Eucaliptus"
"persona","mun_lab_cod","Municipio donde trabaja (7 o más años de edad y que respondieron a la pregunta)","categorica","41199","Tomás Barrón sin municipio especificado"
"persona","mun_lab_cod","Municipio donde trabaja (7 o más años de edad y que respondieron a la pregunta)","categorica","41201","Andamarca"
"persona","mun_lab_cod","Municipio donde trabaja (7 o más años de edad y que respondieron a la pregunta)","categorica","41202","Belén de Andamarca"
"persona","mun_lab_cod","Municipio donde trabaja (7 o más años de edad y que respondieron a la pregunta)","categorica","41299","Sur Carangas sin municipio especificado"
"persona","mun_lab_cod","Municipio donde trabaja (7 o más años de edad y que respondieron a la pregunta)","categorica","41301","Totora"
"persona","mun_lab_cod","Municipio donde trabaja (7 o más años de edad y que respondieron a la pregunta)","categorica","41399","San Pedro de Totora sin municipio especificado"
"persona","mun_lab_cod","Municipio donde trabaja (7 o más años de edad y que respondieron a la pregunta)","categorica","41401","Santiago de Huari"
"persona","mun_lab_cod","Municipio donde trabaja (7 o más años de edad y que respondieron a la pregunta)","categorica","41499","Sebastián Pagador sin municipio especificado"
"persona","mun_lab_cod","Municipio donde trabaja (7 o más años de edad y que respondieron a la pregunta)","categorica","41501","La Rivera"
"persona","mun_lab_cod","Municipio donde trabaja (7 o más años de edad y que respondieron a la pregunta)","categorica","41502","Todos Santos"
"persona","mun_lab_cod","Municipio donde trabaja (7 o más años de edad y que respondieron a la pregunta)","categorica","41503","Carangas"
"persona","mun_lab_cod","Municipio donde trabaja (7 o más años de edad y que respondieron a la pregunta)","categorica","41599","Mejillones sin municipio especificado"
"persona","mun_lab_cod","Municipio donde trabaja (7 o más años de edad y que respondieron a la pregunta)","categorica","41601","Santiago de Huayllamarca"
"persona","mun_lab_cod","Municipio donde trabaja (7 o más años de edad y que respondieron a la pregunta)","categorica","41699","Nor Carangas sin municipio especificado"
"persona","mun_lab_cod","Municipio donde trabaja (7 o más años de edad y que respondieron a la pregunta)","categorica","49999","Oruro sin provincia y municipio especificado"
"persona","mun_lab_cod","Municipio donde trabaja (7 o más años de edad y que respondieron a la pregunta)","categorica","50101","Potosí"
"persona","mun_lab_cod","Municipio donde trabaja (7 o más años de edad y que respondieron a la pregunta)","categorica","50102","Tinguipaya"
"persona","mun_lab_cod","Municipio donde trabaja (7 o más años de edad y que respondieron a la pregunta)","categorica","50103","Yocalla"
"persona","mun_lab_cod","Municipio donde trabaja (7 o más años de edad y que respondieron a la pregunta)","categorica","50104","Urmiri"
"persona","mun_lab_cod","Municipio donde trabaja (7 o más años de edad y que respondieron a la pregunta)","categorica","50199","Tomás Frías sin municipio especificado"
"persona","mun_lab_cod","Municipio donde trabaja (7 o más años de edad y que respondieron a la pregunta)","categorica","50201","Uncía"
"persona","mun_lab_cod","Municipio donde trabaja (7 o más años de edad y que respondieron a la pregunta)","categorica","50202","Chayanta"
"persona","mun_lab_cod","Municipio donde trabaja (7 o más años de edad y que respondieron a la pregunta)","categorica","50203","Llallagua"
"persona","mun_lab_cod","Municipio donde trabaja (7 o más años de edad y que respondieron a la pregunta)","categorica","50204","Chuquihuta Ayllu Jucumani"
"persona","mun_lab_cod","Municipio donde trabaja (7 o más años de edad y que respondieron a la pregunta)","categorica","50299","Rafael Bustillo sin municipio especificado"
"persona","mun_lab_cod","Municipio donde trabaja (7 o más años de edad y que respondieron a la pregunta)","categorica","50301","Betanzos"
"persona","mun_lab_cod","Municipio donde trabaja (7 o más años de edad y que respondieron a la pregunta)","categorica","50302","Chaquí"
"persona","mun_lab_cod","Municipio donde trabaja (7 o más años de edad y que respondieron a la pregunta)","categorica","50303","Tacobamba"
"persona","mun_lab_cod","Municipio donde trabaja (7 o más años de edad y que respondieron a la pregunta)","categorica","50399","Cornelio Saavedra sin municipio especificado"
"persona","mun_lab_cod","Municipio donde trabaja (7 o más años de edad y que respondieron a la pregunta)","categorica","50401","Colquechaca"
"persona","mun_lab_cod","Municipio donde trabaja (7 o más años de edad y que respondieron a la pregunta)","categorica","50402","Ravelo"
"persona","mun_lab_cod","Municipio donde trabaja (7 o más años de edad y que respondieron a la pregunta)","categorica","50403","Pocoata"
"persona","mun_lab_cod","Municipio donde trabaja (7 o más años de edad y que respondieron a la pregunta)","categorica","50404","Ocurí"
"persona","mun_lab_cod","Municipio donde trabaja (7 o más años de edad y que respondieron a la pregunta)","categorica","50405","San Pedro de Macha"
"persona","mun_lab_cod","Municipio donde trabaja (7 o más años de edad y que respondieron a la pregunta)","categorica","50499","Chayanta sin municipio especificado"
"persona","mun_lab_cod","Municipio donde trabaja (7 o más años de edad y que respondieron a la pregunta)","categorica","50501","San Pedro"
"persona","mun_lab_cod","Municipio donde trabaja (7 o más años de edad y que respondieron a la pregunta)","categorica","50502","Toro Toro"
"persona","mun_lab_cod","Municipio donde trabaja (7 o más años de edad y que respondieron a la pregunta)","categorica","50599","Charcas sin municipio especificado"
"persona","mun_lab_cod","Municipio donde trabaja (7 o más años de edad y que respondieron a la pregunta)","categorica","50601","Cotagaita"
"persona","mun_lab_cod","Municipio donde trabaja (7 o más años de edad y que respondieron a la pregunta)","categorica","50602","Vitichi"
"persona","mun_lab_cod","Municipio donde trabaja (7 o más años de edad y que respondieron a la pregunta)","categorica","50699","Nor Chichas sin municipio especificado"
"persona","mun_lab_cod","Municipio donde trabaja (7 o más años de edad y que respondieron a la pregunta)","categorica","50701","Sacaca"
"persona","mun_lab_cod","Municipio donde trabaja (7 o más años de edad y que respondieron a la pregunta)","categorica","50702","Caripuyo"
"persona","mun_lab_cod","Municipio donde trabaja (7 o más años de edad y que respondieron a la pregunta)","categorica","50799","Alonso de Ibáñez sin municipio especificado"
"persona","mun_lab_cod","Municipio donde trabaja (7 o más años de edad y que respondieron a la pregunta)","categorica","50801","Tupiza"
"persona","mun_lab_cod","Municipio donde trabaja (7 o más años de edad y que respondieron a la pregunta)","categorica","50802","Atocha"
"persona","mun_lab_cod","Municipio donde trabaja (7 o más años de edad y que respondieron a la pregunta)","categorica","50899","Sur Chichas sin municipio especificado"
"persona","mun_lab_cod","Municipio donde trabaja (7 o más años de edad y que respondieron a la pregunta)","categorica","50901","Colcha ""K"""
"persona","mun_lab_cod","Municipio donde trabaja (7 o más años de edad y que respondieron a la pregunta)","categorica","50902","San Pedro de Quemes"
"persona","mun_lab_cod","Municipio donde trabaja (7 o más años de edad y que respondieron a la pregunta)","categorica","50999","Nor Lípez sin municipio especificado"
"persona","mun_lab_cod","Municipio donde trabaja (7 o más años de edad y que respondieron a la pregunta)","categorica","51001","San Pablo"
"persona","mun_lab_cod","Municipio donde trabaja (7 o más años de edad y que respondieron a la pregunta)","categorica","51002","Mojinete"
"persona","mun_lab_cod","Municipio donde trabaja (7 o más años de edad y que respondieron a la pregunta)","categorica","51003","San Antonio de Esmoruco"
"persona","mun_lab_cod","Municipio donde trabaja (7 o más años de edad y que respondieron a la pregunta)","categorica","51099","Sur Lípez sin municipio especificado"
"persona","mun_lab_cod","Municipio donde trabaja (7 o más años de edad y que respondieron a la pregunta)","categorica","51101","Puna"
"persona","mun_lab_cod","Municipio donde trabaja (7 o más años de edad y que respondieron a la pregunta)","categorica","51102","Caiza ""D"""
"persona","mun_lab_cod","Municipio donde trabaja (7 o más años de edad y que respondieron a la pregunta)","categorica","51103","Ckochas"
"persona","mun_lab_cod","Municipio donde trabaja (7 o más años de edad y que respondieron a la pregunta)","categorica","51199","José María Linares sin municipio especificado"
"persona","mun_lab_cod","Municipio donde trabaja (7 o más años de edad y que respondieron a la pregunta)","categorica","51201","Uyuni"
"persona","mun_lab_cod","Municipio donde trabaja (7 o más años de edad y que respondieron a la pregunta)","categorica","51202","Tomave"
"persona","mun_lab_cod","Municipio donde trabaja (7 o más años de edad y que respondieron a la pregunta)","categorica","51203","Porco"
"persona","mun_lab_cod","Municipio donde trabaja (7 o más años de edad y que respondieron a la pregunta)","categorica","51204","TIOC-Jatun Ayllu Yura"
"persona","mun_lab_cod","Municipio donde trabaja (7 o más años de edad y que respondieron a la pregunta)","categorica","51299","Antonio Quijarro sin municipio especificado"
"persona","mun_lab_cod","Municipio donde trabaja (7 o más años de edad y que respondieron a la pregunta)","categorica","51301","Arampampa"
"persona","mun_lab_cod","Municipio donde trabaja (7 o más años de edad y que respondieron a la pregunta)","categorica","51302","Acasio"
"persona","mun_lab_cod","Municipio donde trabaja (7 o más años de edad y que respondieron a la pregunta)","categorica","51399","General Bernardino Bilbao sin municipio especificado"
"persona","mun_lab_cod","Municipio donde trabaja (7 o más años de edad y que respondieron a la pregunta)","categorica","51401","Llica"
"persona","mun_lab_cod","Municipio donde trabaja (7 o más años de edad y que respondieron a la pregunta)","categorica","51402","Tahua"
"persona","mun_lab_cod","Municipio donde trabaja (7 o más años de edad y que respondieron a la pregunta)","categorica","51499","Daniel Campos sin municipio especificado"
"persona","mun_lab_cod","Municipio donde trabaja (7 o más años de edad y que respondieron a la pregunta)","categorica","51501","Villazón"
"persona","mun_lab_cod","Municipio donde trabaja (7 o más años de edad y que respondieron a la pregunta)","categorica","51599","Modesto Omiste sin municipio especificado"
"persona","mun_lab_cod","Municipio donde trabaja (7 o más años de edad y que respondieron a la pregunta)","categorica","51601","San Agustín"
"persona","mun_lab_cod","Municipio donde trabaja (7 o más años de edad y que respondieron a la pregunta)","categorica","51699","Enrique Baldivieso sin municipio especificado"
"persona","mun_lab_cod","Municipio donde trabaja (7 o más años de edad y que respondieron a la pregunta)","categorica","59999","Potosí sin provincia y municipio especificado"
"persona","mun_lab_cod","Municipio donde trabaja (7 o más años de edad y que respondieron a la pregunta)","categorica","60101","Tarija"
"persona","mun_lab_cod","Municipio donde trabaja (7 o más años de edad y que respondieron a la pregunta)","categorica","60199","Cercado sin municipio especificado"
"persona","mun_lab_cod","Municipio donde trabaja (7 o más años de edad y que respondieron a la pregunta)","categorica","60201","Padcaya"
"persona","mun_lab_cod","Municipio donde trabaja (7 o más años de edad y que respondieron a la pregunta)","categorica","60202","Bermejo"
"persona","mun_lab_cod","Municipio donde trabaja (7 o más años de edad y que respondieron a la pregunta)","categorica","60299","Arce sin municipio especificado"
"persona","mun_lab_cod","Municipio donde trabaja (7 o más años de edad y que respondieron a la pregunta)","categorica","60301","Yacuiba"
"persona","mun_lab_cod","Municipio donde trabaja (7 o más años de edad y que respondieron a la pregunta)","categorica","60302","Caraparí"
"persona","mun_lab_cod","Municipio donde trabaja (7 o más años de edad y que respondieron a la pregunta)","categorica","60303","Villa Montes"
"persona","mun_lab_cod","Municipio donde trabaja (7 o más años de edad y que respondieron a la pregunta)","categorica","60399","Gran Chaco sin municipio especificado"
"persona","mun_lab_cod","Municipio donde trabaja (7 o más años de edad y que respondieron a la pregunta)","categorica","60401","Uriondo"
"persona","mun_lab_cod","Municipio donde trabaja (7 o más años de edad y que respondieron a la pregunta)","categorica","60402","Yunchará"
"persona","mun_lab_cod","Municipio donde trabaja (7 o más años de edad y que respondieron a la pregunta)","categorica","60499","Avilez sin municipio especificado"
"persona","mun_lab_cod","Municipio donde trabaja (7 o más años de edad y que respondieron a la pregunta)","categorica","60501","San Lorenzo"
"persona","mun_lab_cod","Municipio donde trabaja (7 o más años de edad y que respondieron a la pregunta)","categorica","60502","El Puente"
"persona","mun_lab_cod","Municipio donde trabaja (7 o más años de edad y que respondieron a la pregunta)","categorica","60599","Méndez sin municipio especificado"
"persona","mun_lab_cod","Municipio donde trabaja (7 o más años de edad y que respondieron a la pregunta)","categorica","60601","Entre Ríos"
"persona","mun_lab_cod","Municipio donde trabaja (7 o más años de edad y que respondieron a la pregunta)","categorica","60699","O'connor sin municipio especificado"
"persona","mun_lab_cod","Municipio donde trabaja (7 o más años de edad y que respondieron a la pregunta)","categorica","69999","Tarija sin provincia y municipio especificado"
"persona","mun_lab_cod","Municipio donde trabaja (7 o más años de edad y que respondieron a la pregunta)","categorica","70101","Santa Cruz de la Sierra"
"persona","mun_lab_cod","Municipio donde trabaja (7 o más años de edad y que respondieron a la pregunta)","categorica","70102","Cotoca"
"persona","mun_lab_cod","Municipio donde trabaja (7 o más años de edad y que respondieron a la pregunta)","categorica","70103","Porongo"
"persona","mun_lab_cod","Municipio donde trabaja (7 o más años de edad y que respondieron a la pregunta)","categorica","70104","La Guardia"
"persona","mun_lab_cod","Municipio donde trabaja (7 o más años de edad y que respondieron a la pregunta)","categorica","70105","El Torno"
"persona","mun_lab_cod","Municipio donde trabaja (7 o más años de edad y que respondieron a la pregunta)","categorica","70199","Andrés Ibáñez sin municipio especificado"
"persona","mun_lab_cod","Municipio donde trabaja (7 o más años de edad y que respondieron a la pregunta)","categorica","70201","Warnes"
"persona","mun_lab_cod","Municipio donde trabaja (7 o más años de edad y que respondieron a la pregunta)","categorica","70202","Okinawa Uno"
"persona","mun_lab_cod","Municipio donde trabaja (7 o más años de edad y que respondieron a la pregunta)","categorica","70299","Warnes sin municipio especificado"
"persona","mun_lab_cod","Municipio donde trabaja (7 o más años de edad y que respondieron a la pregunta)","categorica","70301","San Ignacio"
"persona","mun_lab_cod","Municipio donde trabaja (7 o más años de edad y que respondieron a la pregunta)","categorica","70302","San Miguel"
"persona","mun_lab_cod","Municipio donde trabaja (7 o más años de edad y que respondieron a la pregunta)","categorica","70303","San Rafael"
"persona","mun_lab_cod","Municipio donde trabaja (7 o más años de edad y que respondieron a la pregunta)","categorica","70399","Velasco sin municipio especificado"
"persona","mun_lab_cod","Municipio donde trabaja (7 o más años de edad y que respondieron a la pregunta)","categorica","70401","Buena Vista"
"persona","mun_lab_cod","Municipio donde trabaja (7 o más años de edad y que respondieron a la pregunta)","categorica","70402","San Carlos"
"persona","mun_lab_cod","Municipio donde trabaja (7 o más años de edad y que respondieron a la pregunta)","categorica","70403","Yapacaní"
"persona","mun_lab_cod","Municipio donde trabaja (7 o más años de edad y que respondieron a la pregunta)","categorica","70404","San Juan"
"persona","mun_lab_cod","Municipio donde trabaja (7 o más años de edad y que respondieron a la pregunta)","categorica","70499","Ichilo sin municipio especificado"
"persona","mun_lab_cod","Municipio donde trabaja (7 o más años de edad y que respondieron a la pregunta)","categorica","70501","San José"
"persona","mun_lab_cod","Municipio donde trabaja (7 o más años de edad y que respondieron a la pregunta)","categorica","70502","Pailón"
"persona","mun_lab_cod","Municipio donde trabaja (7 o más años de edad y que respondieron a la pregunta)","categorica","70503","Roboré"
"persona","mun_lab_cod","Municipio donde trabaja (7 o más años de edad y que respondieron a la pregunta)","categorica","70599","Chiquitos sin municipio especificado"
"persona","mun_lab_cod","Municipio donde trabaja (7 o más años de edad y que respondieron a la pregunta)","categorica","70601","Portachuelo"
"persona","mun_lab_cod","Municipio donde trabaja (7 o más años de edad y que respondieron a la pregunta)","categorica","70602","Santa Rosa"
"persona","mun_lab_cod","Municipio donde trabaja (7 o más años de edad y que respondieron a la pregunta)","categorica","70603","Colpa Bélgica"
"persona","mun_lab_cod","Municipio donde trabaja (7 o más años de edad y que respondieron a la pregunta)","categorica","70699","Sara sin municipio especificado"
"persona","mun_lab_cod","Municipio donde trabaja (7 o más años de edad y que respondieron a la pregunta)","categorica","70701","Lagunillas"
"persona","mun_lab_cod","Municipio donde trabaja (7 o más años de edad y que respondieron a la pregunta)","categorica","70702","Charagua (Autonomía Guaraní Charagua Iyambae)"
"persona","mun_lab_cod","Municipio donde trabaja (7 o más años de edad y que respondieron a la pregunta)","categorica","70703","Cabezas"
"persona","mun_lab_cod","Municipio donde trabaja (7 o más años de edad y que respondieron a la pregunta)","categorica","70704","Cuevo"
"persona","mun_lab_cod","Municipio donde trabaja (7 o más años de edad y que respondieron a la pregunta)","categorica","70705","Gutiérrez (Autonomía Indígena Kereimba Iyaambae)"
"persona","mun_lab_cod","Municipio donde trabaja (7 o más años de edad y que respondieron a la pregunta)","categorica","70706","Camiri"
"persona","mun_lab_cod","Municipio donde trabaja (7 o más años de edad y que respondieron a la pregunta)","categorica","70707","Boyuibe"
"persona","mun_lab_cod","Municipio donde trabaja (7 o más años de edad y que respondieron a la pregunta)","categorica","70799","Cordillera sin municipio especificado"
"persona","mun_lab_cod","Municipio donde trabaja (7 o más años de edad y que respondieron a la pregunta)","categorica","70801","Vallegrande"
"persona","mun_lab_cod","Municipio donde trabaja (7 o más años de edad y que respondieron a la pregunta)","categorica","70802","Trigal"
"persona","mun_lab_cod","Municipio donde trabaja (7 o más años de edad y que respondieron a la pregunta)","categorica","70803","Moromoro"
"persona","mun_lab_cod","Municipio donde trabaja (7 o más años de edad y que respondieron a la pregunta)","categorica","70804","Postrervalle"
"persona","mun_lab_cod","Municipio donde trabaja (7 o más años de edad y que respondieron a la pregunta)","categorica","70805","Pucará"
"persona","mun_lab_cod","Municipio donde trabaja (7 o más años de edad y que respondieron a la pregunta)","categorica","70899","Valle Grande sin municipio especificado"
"persona","mun_lab_cod","Municipio donde trabaja (7 o más años de edad y que respondieron a la pregunta)","categorica","70901","Samaipata"
"persona","mun_lab_cod","Municipio donde trabaja (7 o más años de edad y que respondieron a la pregunta)","categorica","70902","Pampagrande"
"persona","mun_lab_cod","Municipio donde trabaja (7 o más años de edad y que respondieron a la pregunta)","categorica","70903","Mairana"
"persona","mun_lab_cod","Municipio donde trabaja (7 o más años de edad y que respondieron a la pregunta)","categorica","70904","Quirusillas"
"persona","mun_lab_cod","Municipio donde trabaja (7 o más años de edad y que respondieron a la pregunta)","categorica","70999","Florida sin municipio especificado"
"persona","mun_lab_cod","Municipio donde trabaja (7 o más años de edad y que respondieron a la pregunta)","categorica","71001","Montero"
"persona","mun_lab_cod","Municipio donde trabaja (7 o más años de edad y que respondieron a la pregunta)","categorica","71002","General Saavedra"
"persona","mun_lab_cod","Municipio donde trabaja (7 o más años de edad y que respondieron a la pregunta)","categorica","71003","Mineros"
"persona","mun_lab_cod","Municipio donde trabaja (7 o más años de edad y que respondieron a la pregunta)","categorica","71004","Fernández Alonso"
"persona","mun_lab_cod","Municipio donde trabaja (7 o más años de edad y que respondieron a la pregunta)","categorica","71005","San Pedro"
"persona","mun_lab_cod","Municipio donde trabaja (7 o más años de edad y que respondieron a la pregunta)","categorica","71099","Obispo Santisteban sin municipio especificado"
"persona","mun_lab_cod","Municipio donde trabaja (7 o más años de edad y que respondieron a la pregunta)","categorica","71101","Concepción"
"persona","mun_lab_cod","Municipio donde trabaja (7 o más años de edad y que respondieron a la pregunta)","categorica","71102","San Javier"
"persona","mun_lab_cod","Municipio donde trabaja (7 o más años de edad y que respondieron a la pregunta)","categorica","71103","San Julián"
"persona","mun_lab_cod","Municipio donde trabaja (7 o más años de edad y que respondieron a la pregunta)","categorica","71104","San Antonio de Lomerio"
"persona","mun_lab_cod","Municipio donde trabaja (7 o más años de edad y que respondieron a la pregunta)","categorica","71105","San Ramón"
"persona","mun_lab_cod","Municipio donde trabaja (7 o más años de edad y que respondieron a la pregunta)","categorica","71106","Cuatro Cañadas"
"persona","mun_lab_cod","Municipio donde trabaja (7 o más años de edad y que respondieron a la pregunta)","categorica","71199","Ñuflo de Chávez sin municipio especificado"
"persona","mun_lab_cod","Municipio donde trabaja (7 o más años de edad y que respondieron a la pregunta)","categorica","71201","San Matías"
"persona","mun_lab_cod","Municipio donde trabaja (7 o más años de edad y que respondieron a la pregunta)","categorica","71299","Ángel Sandóval sin municipio especificado"
"persona","mun_lab_cod","Municipio donde trabaja (7 o más años de edad y que respondieron a la pregunta)","categorica","71301","Comarapa"
"persona","mun_lab_cod","Municipio donde trabaja (7 o más años de edad y que respondieron a la pregunta)","categorica","71302","Saipina"
"persona","mun_lab_cod","Municipio donde trabaja (7 o más años de edad y que respondieron a la pregunta)","categorica","71399","Manuel María Caballero sin municipio especificado"
"persona","mun_lab_cod","Municipio donde trabaja (7 o más años de edad y que respondieron a la pregunta)","categorica","71401","Puerto Suárez"
"persona","mun_lab_cod","Municipio donde trabaja (7 o más años de edad y que respondieron a la pregunta)","categorica","71402","Puerto Quijarro"
"persona","mun_lab_cod","Municipio donde trabaja (7 o más años de edad y que respondieron a la pregunta)","categorica","71403","El Carmen Rivero Tórrez"
"persona","mun_lab_cod","Municipio donde trabaja (7 o más años de edad y que respondieron a la pregunta)","categorica","71499","Germán Busch sin municipio especificado"
"persona","mun_lab_cod","Municipio donde trabaja (7 o más años de edad y que respondieron a la pregunta)","categorica","71501","Ascención de Guarayos"
"persona","mun_lab_cod","Municipio donde trabaja (7 o más años de edad y que respondieron a la pregunta)","categorica","71502","Urubichá"
"persona","mun_lab_cod","Municipio donde trabaja (7 o más años de edad y que respondieron a la pregunta)","categorica","71503","El Puente"
"persona","mun_lab_cod","Municipio donde trabaja (7 o más años de edad y que respondieron a la pregunta)","categorica","71599","Guarayos sin municipio especificado"
"persona","mun_lab_cod","Municipio donde trabaja (7 o más años de edad y que respondieron a la pregunta)","categorica","79999","Santa Cruz sin provincia y municipio especificado"
"persona","mun_lab_cod","Municipio donde trabaja (7 o más años de edad y que respondieron a la pregunta)","categorica","80101","Trinidad"
"persona","mun_lab_cod","Municipio donde trabaja (7 o más años de edad y que respondieron a la pregunta)","categorica","80102","San Javier"
"persona","mun_lab_cod","Municipio donde trabaja (7 o más años de edad y que respondieron a la pregunta)","categorica","80199","Cercado sin municipio especificado"
"persona","mun_lab_cod","Municipio donde trabaja (7 o más años de edad y que respondieron a la pregunta)","categorica","80201","Riberalta"
"persona","mun_lab_cod","Municipio donde trabaja (7 o más años de edad y que respondieron a la pregunta)","categorica","80202","Guayaramerín"
"persona","mun_lab_cod","Municipio donde trabaja (7 o más años de edad y que respondieron a la pregunta)","categorica","80299","Vaca Diez sin municipio especificado"
"persona","mun_lab_cod","Municipio donde trabaja (7 o más años de edad y que respondieron a la pregunta)","categorica","80301","Reyes"
"persona","mun_lab_cod","Municipio donde trabaja (7 o más años de edad y que respondieron a la pregunta)","categorica","80302","San Borja"
"persona","mun_lab_cod","Municipio donde trabaja (7 o más años de edad y que respondieron a la pregunta)","categorica","80303","Santa Rosa"
"persona","mun_lab_cod","Municipio donde trabaja (7 o más años de edad y que respondieron a la pregunta)","categorica","80304","Puerto Menor de Rurrenabaque"
"persona","mun_lab_cod","Municipio donde trabaja (7 o más años de edad y que respondieron a la pregunta)","categorica","80399","General José Ballivián sin municipio especificado"
"persona","mun_lab_cod","Municipio donde trabaja (7 o más años de edad y que respondieron a la pregunta)","categorica","80401","Santa Ana"
"persona","mun_lab_cod","Municipio donde trabaja (7 o más años de edad y que respondieron a la pregunta)","categorica","80402","Exaltación"
"persona","mun_lab_cod","Municipio donde trabaja (7 o más años de edad y que respondieron a la pregunta)","categorica","80499","Yacuma sin municipio especificado"
"persona","mun_lab_cod","Municipio donde trabaja (7 o más años de edad y que respondieron a la pregunta)","categorica","80501","San Ignacio"
"persona","mun_lab_cod","Municipio donde trabaja (7 o más años de edad y que respondieron a la pregunta)","categorica","80599","Moxos sin municipio especificado"
"persona","mun_lab_cod","Municipio donde trabaja (7 o más años de edad y que respondieron a la pregunta)","categorica","80601","Loreto"
"persona","mun_lab_cod","Municipio donde trabaja (7 o más años de edad y que respondieron a la pregunta)","categorica","80602","San Andrés"
"persona","mun_lab_cod","Municipio donde trabaja (7 o más años de edad y que respondieron a la pregunta)","categorica","80699","Marbán sin municipio especificado"
"persona","mun_lab_cod","Municipio donde trabaja (7 o más años de edad y que respondieron a la pregunta)","categorica","80701","San Joaquín"
"persona","mun_lab_cod","Municipio donde trabaja (7 o más años de edad y que respondieron a la pregunta)","categorica","80702","San Ramón"
"persona","mun_lab_cod","Municipio donde trabaja (7 o más años de edad y que respondieron a la pregunta)","categorica","80703","Puerto Siles"
"persona","mun_lab_cod","Municipio donde trabaja (7 o más años de edad y que respondieron a la pregunta)","categorica","80799","Mamoré sin municipio especificado"
"persona","mun_lab_cod","Municipio donde trabaja (7 o más años de edad y que respondieron a la pregunta)","categorica","80801","Magdalena"
"persona","mun_lab_cod","Municipio donde trabaja (7 o más años de edad y que respondieron a la pregunta)","categorica","80802","Baures"
"persona","mun_lab_cod","Municipio donde trabaja (7 o más años de edad y que respondieron a la pregunta)","categorica","80803","Huacaraje"
"persona","mun_lab_cod","Municipio donde trabaja (7 o más años de edad y que respondieron a la pregunta)","categorica","80899","Iténez sin municipio especificado"
"persona","mun_lab_cod","Municipio donde trabaja (7 o más años de edad y que respondieron a la pregunta)","categorica","80901","TIOC-Territorio Indígena Multiétnico"
"persona","mun_lab_cod","Municipio donde trabaja (7 o más años de edad y que respondieron a la pregunta)","categorica","80999","Territorio Indígena Multiétnico sin municipio especificado"
"persona","mun_lab_cod","Municipio donde trabaja (7 o más años de edad y que respondieron a la pregunta)","categorica","89999","Beni sin provincia y municipio especificado"
"persona","mun_lab_cod","Municipio donde trabaja (7 o más años de edad y que respondieron a la pregunta)","categorica","90101","Cobija"
"persona","mun_lab_cod","Municipio donde trabaja (7 o más años de edad y que respondieron a la pregunta)","categorica","90102","Porvenir"
"persona","mun_lab_cod","Municipio donde trabaja (7 o más años de edad y que respondieron a la pregunta)","categorica","90103","Bolpebra"
"persona","mun_lab_cod","Municipio donde trabaja (7 o más años de edad y que respondieron a la pregunta)","categorica","90104","Bella Flor"
"persona","mun_lab_cod","Municipio donde trabaja (7 o más años de edad y que respondieron a la pregunta)","categorica","90199","Nicolás Suárez sin municipio especificado"
"persona","mun_lab_cod","Municipio donde trabaja (7 o más años de edad y que respondieron a la pregunta)","categorica","90201","Puerto Rico"
"persona","mun_lab_cod","Municipio donde trabaja (7 o más años de edad y que respondieron a la pregunta)","categorica","90202","San Pedro"
"persona","mun_lab_cod","Municipio donde trabaja (7 o más años de edad y que respondieron a la pregunta)","categorica","90203","Filadelfia"
"persona","mun_lab_cod","Municipio donde trabaja (7 o más años de edad y que respondieron a la pregunta)","categorica","90299","Manuripi sin municipio especificado"
"persona","mun_lab_cod","Municipio donde trabaja (7 o más años de edad y que respondieron a la pregunta)","categorica","90301","Puerto Gonzalo Moreno"
"persona","mun_lab_cod","Municipio donde trabaja (7 o más años de edad y que respondieron a la pregunta)","categorica","90302","San Lorenzo"
"persona","mun_lab_cod","Municipio donde trabaja (7 o más años de edad y que respondieron a la pregunta)","categorica","90303","Sena"
"persona","mun_lab_cod","Municipio donde trabaja (7 o más años de edad y que respondieron a la pregunta)","categorica","90399","Madre de Dios sin municipio especificado"
"persona","mun_lab_cod","Municipio donde trabaja (7 o más años de edad y que respondieron a la pregunta)","categorica","90401","Santa Rosa"
"persona","mun_lab_cod","Municipio donde trabaja (7 o más años de edad y que respondieron a la pregunta)","categorica","90402","Ingavi"
"persona","mun_lab_cod","Municipio donde trabaja (7 o más años de edad y que respondieron a la pregunta)","categorica","90499","Abuná sin municipio especificado"
"persona","mun_lab_cod","Municipio donde trabaja (7 o más años de edad y que respondieron a la pregunta)","categorica","90501","Nueva Esperanza"
"persona","mun_lab_cod","Municipio donde trabaja (7 o más años de edad y que respondieron a la pregunta)","categorica","90502","Villa Nueva"
"persona","mun_lab_cod","Municipio donde trabaja (7 o más años de edad y que respondieron a la pregunta)","categorica","90503","Santos Mercado"
"persona","mun_lab_cod","Municipio donde trabaja (7 o más años de edad y que respondieron a la pregunta)","categorica","90599","Federico Román sin municipio especificado"
"persona","mun_lab_cod","Municipio donde trabaja (7 o más años de edad y que respondieron a la pregunta)","categorica","99999","Pando sin provincia y municipio especificado"
"persona","mun_lab_cod","Municipio donde trabaja (7 o más años de edad y que respondieron a la pregunta)","categorica","999995","Sin especificar"
"persona","pet_19","Población en edad de trabajar (7 o más años) 19° CIET (residentes en el país que respondieron a las preguntas de condición de actividad)","categorica","1","PET - Población en edad de trabajar (7 años o más )"
"persona","pet_19","Población en edad de trabajar (7 o más años) 19° CIET (residentes en el país que respondieron a las preguntas de condición de actividad)","categorica","2","PENT - Población en edad de no trabajar (menor a 7 años)"
"persona","pet_19","Población en edad de trabajar (7 o más años) 19° CIET (residentes en el país que respondieron a las preguntas de condición de actividad)","categorica","9","No especificaron condición de actividad"
"persona","condact_19","Condición de actividad (7 o más años de edad) 19° CIET (residentes en el país que respondieron las preguntas de condición de actividad)","categorica","1","Ocupado"
"persona","condact_19","Condición de actividad (7 o más años de edad) 19° CIET (residentes en el país que respondieron las preguntas de condición de actividad)","categorica","2","Desocupado Cesante"
"persona","condact_19","Condición de actividad (7 o más años de edad) 19° CIET (residentes en el país que respondieron las preguntas de condición de actividad)","categorica","3","Desocupado Aspirante"
"persona","condact_19","Condición de actividad (7 o más años de edad) 19° CIET (residentes en el país que respondieron las preguntas de condición de actividad)","categorica","4","Inactiva"
"persona","condact_19","Condición de actividad (7 o más años de edad) 19° CIET (residentes en el país que respondieron las preguntas de condición de actividad)","categorica","5","PENT"
"persona","condact_19","Condición de actividad (7 o más años de edad) 19° CIET (residentes en el país que respondieron las preguntas de condición de actividad)","categorica","9","Sin especificar condición de actividad"
"persona","ft_19","Población dentro de la fuerza de trabajo (7 o más años) 19° CIET (residentes en el país que respondieron a las preguntas de condición de actividad)","categorica","1","Ocupado"
"persona","ft_19","Población dentro de la fuerza de trabajo (7 o más años) 19° CIET (residentes en el país que respondieron a las preguntas de condición de actividad)","categorica","2","Cesante"
"persona","ft_19","Población dentro de la fuerza de trabajo (7 o más años) 19° CIET (residentes en el país que respondieron a las preguntas de condición de actividad)","categorica","3","Aspirante"
"persona","fft_19","Población fuera de la fuerza de trabajo (7 o más años) 19° CIET (residentes en el país que respondieron a las preguntas de condición de actividad)","categorica","0","Pasante o aprendiz sin pago"
"persona","fft_19","Población fuera de la fuerza de trabajo (7 o más años) 19° CIET (residentes en el país que respondieron a las preguntas de condición de actividad)","categorica","1","Estudiante"
"persona","fft_19","Población fuera de la fuerza de trabajo (7 o más años) 19° CIET (residentes en el país que respondieron a las preguntas de condición de actividad)","categorica","2","Labores de casa"
"persona","fft_19","Población fuera de la fuerza de trabajo (7 o más años) 19° CIET (residentes en el país que respondieron a las preguntas de condición de actividad)","categorica","3","Jubilado, pensionista o rentista"
"persona","fft_19","Población fuera de la fuerza de trabajo (7 o más años) 19° CIET (residentes en el país que respondieron a las preguntas de condición de actividad)","categorica","4","Otro"
"persona","ocu_1d_13","Grupo ocupacional (7 o más años de edad ) 13° CIET (residentes en el país que respondieron las preguntas de condición de actividad) COB gran grupo","categorica","0","Ocupaciones Militares"
"persona","ocu_1d_13","Grupo ocupacional (7 o más años de edad ) 13° CIET (residentes en el país que respondieron las preguntas de condición de actividad) COB gran grupo","categorica","1","Directores y Gerentes"
"persona","ocu_1d_13","Grupo ocupacional (7 o más años de edad ) 13° CIET (residentes en el país que respondieron las preguntas de condición de actividad) COB gran grupo","categorica","2","Profesionales científicos e intelectuales"
"persona","ocu_1d_13","Grupo ocupacional (7 o más años de edad ) 13° CIET (residentes en el país que respondieron las preguntas de condición de actividad) COB gran grupo","categorica","3","Técnicos de nivel medio"
"persona","ocu_1d_13","Grupo ocupacional (7 o más años de edad ) 13° CIET (residentes en el país que respondieron las preguntas de condición de actividad) COB gran grupo","categorica","4","Personal de apoyo administrativo"
"persona","ocu_1d_13","Grupo ocupacional (7 o más años de edad ) 13° CIET (residentes en el país que respondieron las preguntas de condición de actividad) COB gran grupo","categorica","5","Trabajadores de los servicios y vendedores"
"persona","ocu_1d_13","Grupo ocupacional (7 o más años de edad ) 13° CIET (residentes en el país que respondieron las preguntas de condición de actividad) COB gran grupo","categorica","6","Agricultores, pecuarios, agropecuarios, forestales, acuicultores y pesqueros"
"persona","ocu_1d_13","Grupo ocupacional (7 o más años de edad ) 13° CIET (residentes en el país que respondieron las preguntas de condición de actividad) COB gran grupo","categorica","7","Trabajadores de la construcción, industria manufacturera y otros oficios"
"persona","ocu_1d_13","Grupo ocupacional (7 o más años de edad ) 13° CIET (residentes en el país que respondieron las preguntas de condición de actividad) COB gran grupo","categorica","8","Operadores de instalaciones y máquinas y ensambladores"
"persona","ocu_1d_13","Grupo ocupacional (7 o más años de edad ) 13° CIET (residentes en el país que respondieron las preguntas de condición de actividad) COB gran grupo","categorica","9","Trabajadores no calificados"
"persona","ocu_1d_13","Grupo ocupacional (7 o más años de edad ) 13° CIET (residentes en el país que respondieron las preguntas de condición de actividad) COB gran grupo","categorica","97","Descripciones incompletas"
"persona","ocu_1d_13","Grupo ocupacional (7 o más años de edad ) 13° CIET (residentes en el país que respondieron las preguntas de condición de actividad) COB gran grupo","categorica","99","Sin Especificar"
"persona","p50_catocu_13","Categoría ocupacional (7 o más años de edad) 13° CIET (residentes en el país que respondieron las preguntas de condición de actividad)","categorica","1","Trabajadora(or) por cuenta propia"
"persona","p50_catocu_13","Categoría ocupacional (7 o más años de edad) 13° CIET (residentes en el país que respondieron las preguntas de condición de actividad)","categorica","2","Empleada(o) u obrera(o)"
"persona","p50_catocu_13","Categoría ocupacional (7 o más años de edad) 13° CIET (residentes en el país que respondieron las preguntas de condición de actividad)","categorica","3","Empleadora(or) o socia(o)"
"persona","p50_catocu_13","Categoría ocupacional (7 o más años de edad) 13° CIET (residentes en el país que respondieron las preguntas de condición de actividad)","categorica","4","Trabajadora(or) familiar sin renumeración"
"persona","p50_catocu_13","Categoría ocupacional (7 o más años de edad) 13° CIET (residentes en el país que respondieron las preguntas de condición de actividad)","categorica","5","Trabajadora(or) del hogar"
"persona","p50_catocu_13","Categoría ocupacional (7 o más años de edad) 13° CIET (residentes en el país que respondieron las preguntas de condición de actividad)","categorica","6","Cooperativista de producción"
"persona","p50_catocu_13","Categoría ocupacional (7 o más años de edad) 13° CIET (residentes en el país que respondieron las preguntas de condición de actividad)","categorica","9","Sin especificar"
"persona","act_eco_2d_13","Actividad económica (7 o más años de edad ) 13° CIET (residentes en el país que respondieron las preguntas de condición de actividad) CAEB sección","categorica","1","A. Agricultura, ganadería, silvicultura y pesca"
"persona","act_eco_2d_13","Actividad económica (7 o más años de edad ) 13° CIET (residentes en el país que respondieron las preguntas de condición de actividad) CAEB sección","categorica","2","B. Explotación de minas y canteras"
"persona","act_eco_2d_13","Actividad económica (7 o más años de edad ) 13° CIET (residentes en el país que respondieron las preguntas de condición de actividad) CAEB sección","categorica","3","C. Industrias manufactureras"
"persona","act_eco_2d_13","Actividad económica (7 o más años de edad ) 13° CIET (residentes en el país que respondieron las preguntas de condición de actividad) CAEB sección","categorica","4","D. Suministro de electricidad, gas, vapor y aire acondicionado"
"persona","act_eco_2d_13","Actividad económica (7 o más años de edad ) 13° CIET (residentes en el país que respondieron las preguntas de condición de actividad) CAEB sección","categorica","5","E. Suministro de agua; evacuación de aguas residuales, gestión de desechos y descontaminación"
"persona","act_eco_2d_13","Actividad económica (7 o más años de edad ) 13° CIET (residentes en el país que respondieron las preguntas de condición de actividad) CAEB sección","categorica","6","F. Construcción"
"persona","act_eco_2d_13","Actividad económica (7 o más años de edad ) 13° CIET (residentes en el país que respondieron las preguntas de condición de actividad) CAEB sección","categorica","7","G. Comercio al por mayor y al por menor, reparación de vehículos automotores y motocicletas"
"persona","act_eco_2d_13","Actividad económica (7 o más años de edad ) 13° CIET (residentes en el país que respondieron las preguntas de condición de actividad) CAEB sección","categorica","8","H. Transporte y almacenamiento"
"persona","act_eco_2d_13","Actividad económica (7 o más años de edad ) 13° CIET (residentes en el país que respondieron las preguntas de condición de actividad) CAEB sección","categorica","9","I. Actividades de alojamiento y de servicio de comidas"
"persona","act_eco_2d_13","Actividad económica (7 o más años de edad ) 13° CIET (residentes en el país que respondieron las preguntas de condición de actividad) CAEB sección","categorica","10","J. Información y comunicaciones"
"persona","act_eco_2d_13","Actividad económica (7 o más años de edad ) 13° CIET (residentes en el país que respondieron las preguntas de condición de actividad) CAEB sección","categorica","11","K. Actividades financieras y de seguros"
"persona","act_eco_2d_13","Actividad económica (7 o más años de edad ) 13° CIET (residentes en el país que respondieron las preguntas de condición de actividad) CAEB sección","categorica","12","L. Actividades inmobiliarias"
"persona","act_eco_2d_13","Actividad económica (7 o más años de edad ) 13° CIET (residentes en el país que respondieron las preguntas de condición de actividad) CAEB sección","categorica","13","M. Actividades profesionales, científicas y técnicas"
"persona","act_eco_2d_13","Actividad económica (7 o más años de edad ) 13° CIET (residentes en el país que respondieron las preguntas de condición de actividad) CAEB sección","categorica","14","N. Actividades de servicios administrativos y de apoyo"
"persona","act_eco_2d_13","Actividad económica (7 o más años de edad ) 13° CIET (residentes en el país que respondieron las preguntas de condición de actividad) CAEB sección","categorica","15","O. Administración pública y defensa; planes de seguridad social de afiliación obligatoria"
"persona","act_eco_2d_13","Actividad económica (7 o más años de edad ) 13° CIET (residentes en el país que respondieron las preguntas de condición de actividad) CAEB sección","categorica","16","P. Enseñanza"
"persona","act_eco_2d_13","Actividad económica (7 o más años de edad ) 13° CIET (residentes en el país que respondieron las preguntas de condición de actividad) CAEB sección","categorica","17","Q. Actividades de atención de la salud humana y de asistencia social"
"persona","act_eco_2d_13","Actividad económica (7 o más años de edad ) 13° CIET (residentes en el país que respondieron las preguntas de condición de actividad) CAEB sección","categorica","18","R. Actividades artísticas, de entretenimiento y recreativas"
"persona","act_eco_2d_13","Actividad económica (7 o más años de edad ) 13° CIET (residentes en el país que respondieron las preguntas de condición de actividad) CAEB sección","categorica","19","S. Otras actividades de servicios"
"persona","act_eco_2d_13","Actividad económica (7 o más años de edad ) 13° CIET (residentes en el país que respondieron las preguntas de condición de actividad) CAEB sección","categorica","20","T. Actividades de los hogares como empleadores; actividades no diferenciadas de los hogares como productores de bienes y servicios como uso propio"
"persona","act_eco_2d_13","Actividad económica (7 o más años de edad ) 13° CIET (residentes en el país que respondieron las preguntas de condición de actividad) CAEB sección","categorica","21","U. Actividades de organizaciones y órganos extraterritoriales"
"persona","act_eco_2d_13","Actividad económica (7 o más años de edad ) 13° CIET (residentes en el país que respondieron las preguntas de condición de actividad) CAEB sección","categorica","97","Descripciones incompletas"
"persona","act_eco_2d_13","Actividad económica (7 o más años de edad ) 13° CIET (residentes en el país que respondieron las preguntas de condición de actividad) CAEB sección","categorica","99","Sin especificar"
"persona","pet_13","Población en edad de trabajar (7 o más años de edad ) 13° CIET (residentes en el país que respondieron las preguntas de condición de actividad)","categorica","1","PET - Población en edad de trabajar (7 o más años)"
"persona","pet_13","Población en edad de trabajar (7 o más años de edad ) 13° CIET (residentes en el país que respondieron las preguntas de condición de actividad)","categorica","2","PENT - Población en edad de no trabajar (menor a 7 años)"
"persona","pet_13","Población en edad de trabajar (7 o más años de edad ) 13° CIET (residentes en el país que respondieron las preguntas de condición de actividad)","categorica","9","No especificaron condición de actividad"
"persona","condact_13","Condición de actividad (7 o más años de edad) 13° CIET (residentes en el país que respondieron las preguntas de condición de actividad)","categorica","1","Ocupado"
"persona","condact_13","Condición de actividad (7 o más años de edad) 13° CIET (residentes en el país que respondieron las preguntas de condición de actividad)","categorica","2","Desocupado Cesante"
"persona","condact_13","Condición de actividad (7 o más años de edad) 13° CIET (residentes en el país que respondieron las preguntas de condición de actividad)","categorica","3","Desocupado Aspirante"
"persona","condact_13","Condición de actividad (7 o más años de edad) 13° CIET (residentes en el país que respondieron las preguntas de condición de actividad)","categorica","4","Inactiva"
"persona","condact_13","Condición de actividad (7 o más años de edad) 13° CIET (residentes en el país que respondieron las preguntas de condición de actividad)","categorica","5","PENT"
"persona","condact_13","Condición de actividad (7 o más años de edad) 13° CIET (residentes en el país que respondieron las preguntas de condición de actividad)","categorica","9","Sin especificar condición de actividad"
"persona","pea_13","Población Económicamente Activa (7 o más años de edad) 13° CIET (residentes en el país que respondieron las preguntas de condición de actividad)","categorica","1","Ocupado"
"persona","pea_13","Población Económicamente Activa (7 o más años de edad) 13° CIET (residentes en el país que respondieron las preguntas de condición de actividad)","categorica","2","Cesante"
"persona","pea_13","Población Económicamente Activa (7 o más años de edad) 13° CIET (residentes en el país que respondieron las preguntas de condición de actividad)","categorica","3","Aspirante"
"persona","pei_13","Población Económicamente Inactiva (7 o más años de edad) 13° CIET (residentes en el país que respondieron las preguntas de condición de actividad)","categorica","1","Estudiante"
"persona","pei_13","Población Económicamente Inactiva (7 o más años de edad) 13° CIET (residentes en el país que respondieron las preguntas de condición de actividad)","categorica","2","Labores de casa"
"persona","pei_13","Población Económicamente Inactiva (7 o más años de edad) 13° CIET (residentes en el país que respondieron las preguntas de condición de actividad)","categorica","3","Jubilado, pensionista o rentista"
"persona","pei_13","Población Económicamente Inactiva (7 o más años de edad) 13° CIET (residentes en el país que respondieron las preguntas de condición de actividad)","categorica","4","Otro"
"vivienda","urbrur","Área Urbana - Rural","categorica","1","Urbana"
"vivienda","urbrur","Área Urbana - Rural","categorica","2","Rural"
"vivienda","v01_tipoviv","1. La vivienda es: (Tipo de vivienda)","categorica","1","Casa"
"vivienda","v01_tipoviv","1. La vivienda es: (Tipo de vivienda)","categorica","2","Choza, pahuichi"
"vivienda","v01_tipoviv","1. La vivienda es: (Tipo de vivienda)","categorica","3","Departamento"
"vivienda","v01_tipoviv","1. La vivienda es: (Tipo de vivienda)","categorica","4","Cuarto(s) o habitación(es) suelta(s)"
"vivienda","v01_tipoviv","1. La vivienda es: (Tipo de vivienda)","categorica","5","Vivienda improvisada o vivienda móvil"
"vivienda","v01_tipoviv","1. La vivienda es: (Tipo de vivienda)","categorica","6","Establecimiento no destinado para vivienda"
"vivienda","v01_tipoviv","1. La vivienda es: (Tipo de vivienda)","categorica","7","Hotel, hostal, residencial o alojamiento"
"vivienda","v01_tipoviv","1. La vivienda es: (Tipo de vivienda)","categorica","8","Hospital o clínica con internación"
"vivienda","v01_tipoviv","1. La vivienda es: (Tipo de vivienda)","categorica","9","Cuartel o establecimiento militar o policial"
"vivienda","v01_tipoviv","1. La vivienda es: (Tipo de vivienda)","categorica","10","Residencia u otro de adultos mayores"
"vivienda","v01_tipoviv","1. La vivienda es: (Tipo de vivienda)","categorica","11","Albergue de niñas(os) y adolescentes"
"vivienda","v01_tipoviv","1. La vivienda es: (Tipo de vivienda)","categorica","12","Recinto penitenciario o de reintegración"
"vivienda","v01_tipoviv","1. La vivienda es: (Tipo de vivienda)","categorica","13","Campamento de trabajo"
"vivienda","v01_tipoviv","1. La vivienda es: (Tipo de vivienda)","categorica","14","Otra (Instituto de rehabilitación, convento)"
"vivienda","v01_tipoviv","1. La vivienda es: (Tipo de vivienda)","categorica","15","Persona que vive en la calle"
"vivienda","v01_tipoviv","1. La vivienda es: (Tipo de vivienda)","categorica","16","En tránsito: terminal, aeropuerto, puerto u otro"
"vivienda","v02_condocup","2. La vivienda esta: (Condición de ocupación de la vivienda)","categorica","0","Ocupada con personas presentes sin Jefe"
"vivienda","v02_condocup","2. La vivienda esta: (Condición de ocupación de la vivienda)","categorica","1","Ocupada con personas presentes"
"vivienda","v02_condocup","2. La vivienda esta: (Condición de ocupación de la vivienda)","categorica","2","Ocupada con personas temporalmente ausentes"
"vivienda","v02_condocup","2. La vivienda esta: (Condición de ocupación de la vivienda)","categorica","3","Desocupada para alquilar y/o vender"
"vivienda","v02_condocup","2. La vivienda esta: (Condición de ocupación de la vivienda)","categorica","4","Desocupada terminándose de construir o reparar"
"vivienda","v02_condocup","2. La vivienda esta: (Condición de ocupación de la vivienda)","categorica","5","Desocupada abandonada"
"vivienda","v03_pared","3. Cual es el material de construcción más utilizado en las paredes de esta vivienda","categorica","1","Ladrillo, bloque de cemento, hormigón"
"vivienda","v03_pared","3. Cual es el material de construcción más utilizado en las paredes de esta vivienda","categorica","2","Adobe, tapial"
"vivienda","v03_pared","3. Cual es el material de construcción más utilizado en las paredes de esta vivienda","categorica","3","Tabique, quinche"
"vivienda","v03_pared","3. Cual es el material de construcción más utilizado en las paredes de esta vivienda","categorica","4","Piedra"
"vivienda","v03_pared","3. Cual es el material de construcción más utilizado en las paredes de esta vivienda","categorica","5","Madera"
"vivienda","v03_pared","3. Cual es el material de construcción más utilizado en las paredes de esta vivienda","categorica","6","Caña, palma, tronco"
"vivienda","v03_pared","3. Cual es el material de construcción más utilizado en las paredes de esta vivienda","categorica","7","Otro"
"vivienda","v04_revoq","4. Las paredes interiores de esta vivienda. Tienen revoque","categorica","1","Sí"
"vivienda","v04_revoq","4. Las paredes interiores de esta vivienda. Tienen revoque","categorica","2","No"
"vivienda","v05_techo","5. Cuál es el material de construcción más utilizado en los techos de esta vivienda","categorica","1","Calamina o plancha"
"vivienda","v05_techo","5. Cuál es el material de construcción más utilizado en los techos de esta vivienda","categorica","2","Teja (de cemento, arcilla o fibrocemento)"
"vivienda","v05_techo","5. Cuál es el material de construcción más utilizado en los techos de esta vivienda","categorica","3","Losa de hormigón armado"
"vivienda","v05_techo","5. Cuál es el material de construcción más utilizado en los techos de esta vivienda","categorica","4","Paja, palma, caña, barro, jatata, motacú, chuchio"
"vivienda","v05_techo","5. Cuál es el material de construcción más utilizado en los techos de esta vivienda","categorica","5","Otro"
"vivienda","v06_piso","6. Cuál es el material más utilizado en los pisos de esta vivienda","categorica","1","Tierra"
"vivienda","v06_piso","6. Cuál es el material más utilizado en los pisos de esta vivienda","categorica","2","Tablón de madera"
"vivienda","v06_piso","6. Cuál es el material más utilizado en los pisos de esta vivienda","categorica","3","Machimbre, parquet"
"vivienda","v06_piso","6. Cuál es el material más utilizado en los pisos de esta vivienda","categorica","4","Cerámica, porcelanato"
"vivienda","v06_piso","6. Cuál es el material más utilizado en los pisos de esta vivienda","categorica","5","Cemento"
"vivienda","v06_piso","6. Cuál es el material más utilizado en los pisos de esta vivienda","categorica","6","Mosaico, baldosa"
"vivienda","v06_piso","6. Cuál es el material más utilizado en los pisos de esta vivienda","categorica","7","Ladrillo"
"vivienda","v06_piso","6. Cuál es el material más utilizado en los pisos de esta vivienda","categorica","8","Piso Flotante"
"vivienda","v06_piso","6. Cuál es el material más utilizado en los pisos de esta vivienda","categorica","9","Otro"
"vivienda","v07_aguapro","7. Principalmente, el agua que usan en la vivienda proviene de:","categorica","1","Cañería de red"
"vivienda","v07_aguapro","7. Principalmente, el agua que usan en la vivienda proviene de:","categorica","2","Pileta pública"
"vivienda","v07_aguapro","7. Principalmente, el agua que usan en la vivienda proviene de:","categorica","3","Cosecha de agua de lluvia"
"vivienda","v07_aguapro","7. Principalmente, el agua que usan en la vivienda proviene de:","categorica","4","Pozo excavado o perforado con bomba"
"vivienda","v07_aguapro","7. Principalmente, el agua que usan en la vivienda proviene de:","categorica","5","Pozo no protegido o sin bomba"
"vivienda","v07_aguapro","7. Principalmente, el agua que usan en la vivienda proviene de:","categorica","6","Manantial o vertiente protegida"
"vivienda","v07_aguapro","7. Principalmente, el agua que usan en la vivienda proviene de:","categorica","7","Río, acequia o vertiente no protegida"
"vivienda","v07_aguapro","7. Principalmente, el agua que usan en la vivienda proviene de:","categorica","8","Carro repartidor (aguatero)"
"vivienda","v07_aguapro","7. Principalmente, el agua que usan en la vivienda proviene de:","categorica","9","Otro"
"vivienda","v08_aguadist","8. El agua que usan en la vivienda se distribuye:","categorica","1","Por cañería dentro de la vivienda"
"vivienda","v08_aguadist","8. El agua que usan en la vivienda se distribuye:","categorica","2","Por cañería fuera de la vivienda, pero dentro del lote o terreno"
"vivienda","v08_aguadist","8. El agua que usan en la vivienda se distribuye:","categorica","3","No se distribuye por cañería"
"vivienda","v09_energia","9. De donde proviene la energía eléctrica que usan en la vivienda","categorica","1","Servicio público de energía eléctrica"
"vivienda","v09_energia","9. De donde proviene la energía eléctrica que usan en la vivienda","categorica","2","Motor propio (Generador)"
"vivienda","v09_energia","9. De donde proviene la energía eléctrica que usan en la vivienda","categorica","3","Panel solar"
"vivienda","v09_energia","9. De donde proviene la energía eléctrica que usan en la vivienda","categorica","4","Otro"
"vivienda","v09_energia","9. De donde proviene la energía eléctrica que usan en la vivienda","categorica","5","No tiene"
"vivienda","v10_combus","10. Cuál es el principal combustible o energía que utiliza para cocinar","categorica","1","Gas en garrafa"
"vivienda","v10_combus","10. Cuál es el principal combustible o energía que utiliza para cocinar","categorica","2","Gas por cañería (a domicilio)"
"vivienda","v10_combus","10. Cuál es el principal combustible o energía que utiliza para cocinar","categorica","3","Leña"
"vivienda","v10_combus","10. Cuál es el principal combustible o energía que utiliza para cocinar","categorica","4","Guano, bosta o taquia"
"vivienda","v10_combus","10. Cuál es el principal combustible o energía que utiliza para cocinar","categorica","5","Electricidad"
"vivienda","v10_combus","10. Cuál es el principal combustible o energía que utiliza para cocinar","categorica","6","Energía solar (cocina solar)"
"vivienda","v10_combus","10. Cuál es el principal combustible o energía que utiliza para cocinar","categorica","7","Otro"
"vivienda","v10_combus","10. Cuál es el principal combustible o energía que utiliza para cocinar","categorica","8","No cocina"
"vivienda","v11_basura","11. Habitualmente. Qué hacen con la basura que generan","categorica","1","La depositan en el contenedor o basurero público"
"vivienda","v11_basura","11. Habitualmente. Qué hacen con la basura que generan","categorica","2","La entregan al carro basurero (servicio público)"
"vivienda","v11_basura","11. Habitualmente. Qué hacen con la basura que generan","categorica","3","La botan en un terreno baldío o la calle"
"vivienda","v11_basura","11. Habitualmente. Qué hacen con la basura que generan","categorica","4","La botan al río"
"vivienda","v11_basura","11. Habitualmente. Qué hacen con la basura que generan","categorica","5","La queman"
"vivienda","v11_basura","11. Habitualmente. Qué hacen con la basura que generan","categorica","6","La entierran"
"vivienda","v11_basura","11. Habitualmente. Qué hacen con la basura que generan","categorica","7","Otra forma"
"vivienda","v12_cocina","12. Tienen un cuarto solo para cocinar","categorica","1","Sí"
"vivienda","v12_cocina","12. Tienen un cuarto solo para cocinar","categorica","2","No"
"vivienda","v13_habitac","13. Cuántos cuartos o habitaciones ocupan, sin contar baño y cocina","categorica","1","Uno"
"vivienda","v13_habitac","13. Cuántos cuartos o habitaciones ocupan, sin contar baño y cocina","categorica","2","Dos"
"vivienda","v13_habitac","13. Cuántos cuartos o habitaciones ocupan, sin contar baño y cocina","categorica","3","Tres"
"vivienda","v13_habitac","13. Cuántos cuartos o habitaciones ocupan, sin contar baño y cocina","categorica","4","Cuatro"
"vivienda","v13_habitac","13. Cuántos cuartos o habitaciones ocupan, sin contar baño y cocina","categorica","5","Cinco"
"vivienda","v13_habitac","13. Cuántos cuartos o habitaciones ocupan, sin contar baño y cocina","categorica","6","Seis"
"vivienda","v13_habitac","13. Cuántos cuartos o habitaciones ocupan, sin contar baño y cocina","categorica","7","Siete"
"vivienda","v13_habitac","13. Cuántos cuartos o habitaciones ocupan, sin contar baño y cocina","categorica","8","Ocho o más"
"vivienda","v14_dormit","14. De estos cuartos o habitaciones, Cuántos se utilizan solo para dormir","categorica","0","Cero"
"vivienda","v14_dormit","14. De estos cuartos o habitaciones, Cuántos se utilizan solo para dormir","categorica","1","Uno"
"vivienda","v14_dormit","14. De estos cuartos o habitaciones, Cuántos se utilizan solo para dormir","categorica","2","Dos"
"vivienda","v14_dormit","14. De estos cuartos o habitaciones, Cuántos se utilizan solo para dormir","categorica","3","Tres"
"vivienda","v14_dormit","14. De estos cuartos o habitaciones, Cuántos se utilizan solo para dormir","categorica","4","Cuatro"
"vivienda","v14_dormit","14. De estos cuartos o habitaciones, Cuántos se utilizan solo para dormir","categorica","5","Cinco"
"vivienda","v14_dormit","14. De estos cuartos o habitaciones, Cuántos se utilizan solo para dormir","categorica","6","Seis"
"vivienda","v14_dormit","14. De estos cuartos o habitaciones, Cuántos se utilizan solo para dormir","categorica","7","Siete"
"vivienda","v14_dormit","14. De estos cuartos o habitaciones, Cuántos se utilizan solo para dormir","categorica","8","Ocho o más"
"vivienda","v15_servsan","15. Tienen, baño o letrina","categorica","1","Sí, usado solo por su hogar"
"vivienda","v15_servsan","15. Tienen, baño o letrina","categorica","2","Sí, compartido con otros hogares"
"vivienda","v15_servsan","15. Tienen, baño o letrina","categorica","3","No tiene"
"vivienda","v16_desague","16. El baño o letrina tiene desagüe:","categorica","1","A la red de alcantarillado"
"vivienda","v16_desague","16. El baño o letrina tiene desagüe:","categorica","2","A una cámara séptica"
"vivienda","v16_desague","16. El baño o letrina tiene desagüe:","categorica","3","A un pozo ciego"
"vivienda","v16_desague","16. El baño o letrina tiene desagüe:","categorica","4","A un pozo de absorción"
"vivienda","v16_desague","16. El baño o letrina tiene desagüe:","categorica","5","A la superficie (calle, quebrada o río)"
"vivienda","v16_desague","16. El baño o letrina tiene desagüe:","categorica","6","Es baño ecológico"
"vivienda","v17_tenencia","17. La vivienda que ocupan es: (Tenencia de la vivienda)","categorica","1","Propia y totalmente pagada"
"vivienda","v17_tenencia","17. La vivienda que ocupan es: (Tenencia de la vivienda)","categorica","2","Propia y la están pagando"
"vivienda","v17_tenencia","17. La vivienda que ocupan es: (Tenencia de la vivienda)","categorica","3","Prestada por parientes o amigos"
"vivienda","v17_tenencia","17. La vivienda que ocupan es: (Tenencia de la vivienda)","categorica","4","Alquilada"
"vivienda","v17_tenencia","17. La vivienda que ocupan es: (Tenencia de la vivienda)","categorica","5","En contrato anticrético"
"vivienda","v17_tenencia","17. La vivienda que ocupan es: (Tenencia de la vivienda)","categorica","6","En contrato mixto (anticrético y alquiler)"
"vivienda","v17_tenencia","17. La vivienda que ocupan es: (Tenencia de la vivienda)","categorica","7","Cedida por servicios"
"vivienda","v17_tenencia","17. La vivienda que ocupan es: (Tenencia de la vivienda)","categorica","8","Otra"
"vivienda","v18a_bici","18.1. Su hogar tiene: Bicicleta","categorica","1","Sí"
"vivienda","v18a_bici","18.1. Su hogar tiene: Bicicleta","categorica","2","No"
"vivienda","v18a_bici","18.1. Su hogar tiene: Bicicleta","categorica","9","Sin especificar"
"vivienda","v18b_moto","18.2. Su hogar tiene: Motocicleta o cuadratrack","categorica","1","Sí"
"vivienda","v18b_moto","18.2. Su hogar tiene: Motocicleta o cuadratrack","categorica","2","No"
"vivienda","v18b_moto","18.2. Su hogar tiene: Motocicleta o cuadratrack","categorica","9","Sin especificar"
"vivienda","v18c_auto","18.3. Su hogar tiene: Vehículo automotor","categorica","1","Sí"
"vivienda","v18c_auto","18.3. Su hogar tiene: Vehículo automotor","categorica","2","No"
"vivienda","v18c_auto","18.3. Su hogar tiene: Vehículo automotor","categorica","9","Sin especificar"
"vivienda","v18d_carreta","18.4. Su hogar tiene: Carreta o carretón","categorica","1","Sí"
"vivienda","v18d_carreta","18.4. Su hogar tiene: Carreta o carretón","categorica","2","No"
"vivienda","v18d_carreta","18.4. Su hogar tiene: Carreta o carretón","categorica","9","Sin especificar"
"vivienda","v18e_bote","18.5. Su hogar tiene: Deslizador, balsa, canoa o bote","categorica","1","Sí"
"vivienda","v18e_bote","18.5. Su hogar tiene: Deslizador, balsa, canoa o bote","categorica","2","No"
"vivienda","v18e_bote","18.5. Su hogar tiene: Deslizador, balsa, canoa o bote","categorica","9","Sin especificar"
"vivienda","v18f_refri","18.6. Su hogar tiene: Refrigerador o congeladora","categorica","1","Sí"
"vivienda","v18f_refri","18.6. Su hogar tiene: Refrigerador o congeladora","categorica","2","No"
"vivienda","v18f_refri","18.6. Su hogar tiene: Refrigerador o congeladora","categorica","9","Sin especificar"
"vivienda","v18g_micro","18.7. Su hogar tiene: Microondas","categorica","1","Sí"
"vivienda","v18g_micro","18.7. Su hogar tiene: Microondas","categorica","2","No"
"vivienda","v18g_micro","18.7. Su hogar tiene: Microondas","categorica","9","Sin especificar"
"vivienda","v18h_calefon","18.8. Su hogar tiene: Calefón, termotanque","categorica","1","Sí"
"vivienda","v18h_calefon","18.8. Su hogar tiene: Calefón, termotanque","categorica","2","No"
"vivienda","v18h_calefon","18.8. Su hogar tiene: Calefón, termotanque","categorica","9","Sin especificar"
"vivienda","v18i_aire","18.9. Su hogar tiene: Aire acondicionado","categorica","1","Sí"
"vivienda","v18i_aire","18.9. Su hogar tiene: Aire acondicionado","categorica","2","No"
"vivienda","v18i_aire","18.9. Su hogar tiene: Aire acondicionado","categorica","9","Sin especificar"
"vivienda","v18j_lavadora","18.10. Su hogar tiene: Lavadora de ropa","categorica","1","Sí"
"vivienda","v18j_lavadora","18.10. Su hogar tiene: Lavadora de ropa","categorica","2","No"
"vivienda","v18j_lavadora","18.10. Su hogar tiene: Lavadora de ropa","categorica","9","Sin especificar"
"vivienda","v19a_radio","19.1. Su hogar tiene: Radio o equipo de sonido","categorica","1","Sí"
"vivienda","v19a_radio","19.1. Su hogar tiene: Radio o equipo de sonido","categorica","2","No"
"vivienda","v19a_radio","19.1. Su hogar tiene: Radio o equipo de sonido","categorica","9","Sin especificar"
"vivienda","v19b_tv","19.2. Su hogar tiene: Televisor","categorica","1","Sí"
"vivienda","v19b_tv","19.2. Su hogar tiene: Televisor","categorica","2","No"
"vivienda","v19b_tv","19.2. Su hogar tiene: Televisor","categorica","9","Sin especificar"
"vivienda","v19c_compu","19.3. Su hogar tiene: Computadora, laptop o tablet","categorica","1","Sí"
"vivienda","v19c_compu","19.3. Su hogar tiene: Computadora, laptop o tablet","categorica","2","No"
"vivienda","v19c_compu","19.3. Su hogar tiene: Computadora, laptop o tablet","categorica","9","Sin especificar"
"vivienda","v19d_celular","19.4. Su hogar tiene: Teléfono celular","categorica","1","Sí"
"vivienda","v19d_celular","19.4. Su hogar tiene: Teléfono celular","categorica","2","No"
"vivienda","v19d_celular","19.4. Su hogar tiene: Teléfono celular","categorica","9","Sin especificar"
"vivienda","v19e_inetfijo","19.5. Su hogar tiene: Internet fijo en la vivienda","categorica","1","Sí"
"vivienda","v19e_inetfijo","19.5. Su hogar tiene: Internet fijo en la vivienda","categorica","2","No"
"vivienda","v19e_inetfijo","19.5. Su hogar tiene: Internet fijo en la vivienda","categorica","9","Sin especificar"
"vivienda","v19f_inetmovil","19.6. Su hogar tiene: Internet móvil (megas o datos)","categorica","1","Sí"
"vivienda","v19f_inetmovil","19.6. Su hogar tiene: Internet móvil (megas o datos)","categorica","2","No"
"vivienda","v19f_inetmovil","19.6. Su hogar tiene: Internet móvil (megas o datos)","categorica","9","Sin especificar"
"vivienda","v19g_tvcable","19.7. Su hogar tiene: Servicio de TV cable o satelital","categorica","1","Sí"
"vivienda","v19g_tvcable","19.7. Su hogar tiene: Servicio de TV cable o satelital","categorica","2","No"
"vivienda","v19g_tvcable","19.7. Su hogar tiene: Servicio de TV cable o satelital","categorica","9","Sin especificar"
"vivienda","v19h_telfijo","19.8. Su hogar tiene: Servicio de telefonía fija","categorica","1","Sí"
"vivienda","v19h_telfijo","19.8. Su hogar tiene: Servicio de telefonía fija","categorica","2","No"
"vivienda","v19h_telfijo","19.8. Su hogar tiene: Servicio de telefonía fija","categorica","9","Sin especificar"
"vivienda","v20a_emi","20.A. Alguna persona que vivía con usted(es) en este hogar, actualmente vive en otro país","categorica","1","Sí"
"vivienda","v20a_emi","20.A. Alguna persona que vivía con usted(es) en este hogar, actualmente vive en otro país","categorica","2","No"
"vivienda","v20b_totemi","20.B. Cuantas personas","numerica",NA,NA
"vivienda","v21a_fal","21.A. Desde 2019 a la fecha, murió alguna persona que vivía con usted(es) en este hogar","categorica","1","Sí"
"vivienda","v21a_fal","21.A. Desde 2019 a la fecha, murió alguna persona que vivía con usted(es) en este hogar","categorica","2","No"
"vivienda","v21b_totfal","21.B. Cuantas personas","numerica",NA,NA
"vivienda","tot_pers","Total personas","numerica",NA,NA
"vivienda","tip_hog","Tipología de hogar","categorica","1","Hogar unipersonal"
"vivienda","tip_hog","Tipología de hogar","categorica","2","Hogar de pareja nuclear"
"vivienda","tip_hog","Tipología de hogar","categorica","3","Hogar monoparental"
"vivienda","tip_hog","Tipología de hogar","categorica","4","Hogar nuclear completo"
"vivienda","tip_hog","Tipología de hogar","categorica","5","Hogar extendido"
"vivienda","tip_hog","Tipología de hogar","categorica","6","Hogar compuesto"
"vivienda","tip_hog","Tipología de hogar","categorica","7","Otro tipo de hogar"
"vivienda","tip_hog","Tipología de hogar","categorica","8","Hogar de menores sin jefe de hogar"
"vivienda","v19e_f","Internet fijo en la vivienda o internet móvil","categorica","1","Sí"
"vivienda","v19e_f","Internet fijo en la vivienda o internet móvil","categorica","2","No"
"vivienda","v19e_f","Internet fijo en la vivienda o internet móvil","categorica","9","Sin especificar"
"vivienda","v19h_d","Servicio de telefonía fija o teléfono celular","categorica","1","Sí"
"vivienda","v19h_d","Servicio de telefonía fija o teléfono celular","categorica","2","No"
"vivienda","v19h_d","Servicio de telefonía fija o teléfono celular","categorica","9","Sin especificar"
"emigracion","e203_sexo","20.3. La persona es:","categorica","1","Mujer"
"emigracion","e203_sexo","20.3. La persona es:","categorica","2","Hombre"
"emigracion","e203_sexo","20.3. La persona es:","categorica","9","Sin Especificar"
"emigracion","e204_ansal","20.4. En qué año salió del país","categorica","9999","Sin especificar"
"emigracion","e205_edad","20.5. A qué edad se fue","categorica","999","Sin especificar"
"emigracion","pais_destino_cod","20.2. En que país vive actualmente","categorica","4","Afganistán"
"emigracion","pais_destino_cod","20.2. En que país vive actualmente","categorica","8","Albania"
"emigracion","pais_destino_cod","20.2. En que país vive actualmente","categorica","12","Argelia"
"emigracion","pais_destino_cod","20.2. En que país vive actualmente","categorica","16","Samoa Americana"
"emigracion","pais_destino_cod","20.2. En que país vive actualmente","categorica","20","Andorra"
"emigracion","pais_destino_cod","20.2. En que país vive actualmente","categorica","24","Angola"
"emigracion","pais_destino_cod","20.2. En que país vive actualmente","categorica","28","Antigua y Barbuda"
"emigracion","pais_destino_cod","20.2. En que país vive actualmente","categorica","31","Azerbaiyán"
"emigracion","pais_destino_cod","20.2. En que país vive actualmente","categorica","32","Argentina"
"emigracion","pais_destino_cod","20.2. En que país vive actualmente","categorica","36","Australia"
"emigracion","pais_destino_cod","20.2. En que país vive actualmente","categorica","40","Austria"
"emigracion","pais_destino_cod","20.2. En que país vive actualmente","categorica","44","Bahamas"
"emigracion","pais_destino_cod","20.2. En que país vive actualmente","categorica","48","Bahrein"
"emigracion","pais_destino_cod","20.2. En que país vive actualmente","categorica","50","Bangladesh"
"emigracion","pais_destino_cod","20.2. En que país vive actualmente","categorica","51","Armenia"
"emigracion","pais_destino_cod","20.2. En que país vive actualmente","categorica","52","Barbados"
"emigracion","pais_destino_cod","20.2. En que país vive actualmente","categorica","56","Bélgica"
"emigracion","pais_destino_cod","20.2. En que país vive actualmente","categorica","60","Bermuda"
"emigracion","pais_destino_cod","20.2. En que país vive actualmente","categorica","64","Bhután"
"emigracion","pais_destino_cod","20.2. En que país vive actualmente","categorica","68","Bolivia (Estado Plurinacional de"
"emigracion","pais_destino_cod","20.2. En que país vive actualmente","categorica","70","Bosnia y Herzegovina"
"emigracion","pais_destino_cod","20.2. En que país vive actualmente","categorica","72","Botswana"
"emigracion","pais_destino_cod","20.2. En que país vive actualmente","categorica","76","Brasil"
"emigracion","pais_destino_cod","20.2. En que país vive actualmente","categorica","84","Belice"
"emigracion","pais_destino_cod","20.2. En que país vive actualmente","categorica","90","Islas Salomón"
"emigracion","pais_destino_cod","20.2. En que país vive actualmente","categorica","92","Islas Vírgenes Británicas"
"emigracion","pais_destino_cod","20.2. En que país vive actualmente","categorica","96","Brunei Darussalam"
"emigracion","pais_destino_cod","20.2. En que país vive actualmente","categorica","100","Bulgaria"
"emigracion","pais_destino_cod","20.2. En que país vive actualmente","categorica","104","Myanmar"
"emigracion","pais_destino_cod","20.2. En que país vive actualmente","categorica","108","Burundi"
"emigracion","pais_destino_cod","20.2. En que país vive actualmente","categorica","112","Belarús"
"emigracion","pais_destino_cod","20.2. En que país vive actualmente","categorica","116","Camboya"
"emigracion","pais_destino_cod","20.2. En que país vive actualmente","categorica","120","Camerún"
"emigracion","pais_destino_cod","20.2. En que país vive actualmente","categorica","124","Canadá"
"emigracion","pais_destino_cod","20.2. En que país vive actualmente","categorica","132","Cabo Verde"
"emigracion","pais_destino_cod","20.2. En que país vive actualmente","categorica","136","Islas Caimán"
"emigracion","pais_destino_cod","20.2. En que país vive actualmente","categorica","140","República Centroafricana"
"emigracion","pais_destino_cod","20.2. En que país vive actualmente","categorica","144","Sri Lanka"
"emigracion","pais_destino_cod","20.2. En que país vive actualmente","categorica","148","Chad"
"emigracion","pais_destino_cod","20.2. En que país vive actualmente","categorica","152","Chile"
"emigracion","pais_destino_cod","20.2. En que país vive actualmente","categorica","156","China"
"emigracion","pais_destino_cod","20.2. En que país vive actualmente","categorica","158","Taiwán (Provincia de China)"
"emigracion","pais_destino_cod","20.2. En que país vive actualmente","categorica","162","Isla Christmas"
"emigracion","pais_destino_cod","20.2. En que país vive actualmente","categorica","166","Islas Cocos (Keeling)"
"emigracion","pais_destino_cod","20.2. En que país vive actualmente","categorica","170","Colombia"
"emigracion","pais_destino_cod","20.2. En que país vive actualmente","categorica","174","Comoras"
"emigracion","pais_destino_cod","20.2. En que país vive actualmente","categorica","175","Mayotte"
"emigracion","pais_destino_cod","20.2. En que país vive actualmente","categorica","178","Congo"
"emigracion","pais_destino_cod","20.2. En que país vive actualmente","categorica","180","República Democrática del Congo"
"emigracion","pais_destino_cod","20.2. En que país vive actualmente","categorica","184","Islas Cook"
"emigracion","pais_destino_cod","20.2. En que país vive actualmente","categorica","188","Costa Rica"
"emigracion","pais_destino_cod","20.2. En que país vive actualmente","categorica","191","Croacia"
"emigracion","pais_destino_cod","20.2. En que país vive actualmente","categorica","192","Cuba"
"emigracion","pais_destino_cod","20.2. En que país vive actualmente","categorica","196","Chipre"
"emigracion","pais_destino_cod","20.2. En que país vive actualmente","categorica","203","República Checa"
"emigracion","pais_destino_cod","20.2. En que país vive actualmente","categorica","204","Benin"
"emigracion","pais_destino_cod","20.2. En que país vive actualmente","categorica","208","Dinamarca"
"emigracion","pais_destino_cod","20.2. En que país vive actualmente","categorica","212","Dominica"
"emigracion","pais_destino_cod","20.2. En que país vive actualmente","categorica","214","República Dominicana"
"emigracion","pais_destino_cod","20.2. En que país vive actualmente","categorica","218","Ecuador"
"emigracion","pais_destino_cod","20.2. En que país vive actualmente","categorica","222","El Salvador"
"emigracion","pais_destino_cod","20.2. En que país vive actualmente","categorica","226","Guinea Ecuatorial"
"emigracion","pais_destino_cod","20.2. En que país vive actualmente","categorica","231","Etiopía"
"emigracion","pais_destino_cod","20.2. En que país vive actualmente","categorica","232","Eritrea"
"emigracion","pais_destino_cod","20.2. En que país vive actualmente","categorica","233","Estonia"
"emigracion","pais_destino_cod","20.2. En que país vive actualmente","categorica","234","Islas Feroe"
"emigracion","pais_destino_cod","20.2. En que país vive actualmente","categorica","238","Islas Malvinas (Falkland)"
"emigracion","pais_destino_cod","20.2. En que país vive actualmente","categorica","239","Georgia del Sur y las Islas Sandwich del Sur"
"emigracion","pais_destino_cod","20.2. En que país vive actualmente","categorica","242","Fiji"
"emigracion","pais_destino_cod","20.2. En que país vive actualmente","categorica","246","Finlandia"
"emigracion","pais_destino_cod","20.2. En que país vive actualmente","categorica","248","Islas Åland"
"emigracion","pais_destino_cod","20.2. En que país vive actualmente","categorica","250","Francia"
"emigracion","pais_destino_cod","20.2. En que país vive actualmente","categorica","254","Guayana Francesa"
"emigracion","pais_destino_cod","20.2. En que país vive actualmente","categorica","258","Polinesia Francesa"
"emigracion","pais_destino_cod","20.2. En que país vive actualmente","categorica","260","Territorio de las Tierras Australes Francesas"
"emigracion","pais_destino_cod","20.2. En que país vive actualmente","categorica","262","Djibouti"
"emigracion","pais_destino_cod","20.2. En que país vive actualmente","categorica","266","Gabón"
"emigracion","pais_destino_cod","20.2. En que país vive actualmente","categorica","268","Georgia"
"emigracion","pais_destino_cod","20.2. En que país vive actualmente","categorica","270","Gambia"
"emigracion","pais_destino_cod","20.2. En que país vive actualmente","categorica","275","Estado de Palestina"
"emigracion","pais_destino_cod","20.2. En que país vive actualmente","categorica","276","Alemania"
"emigracion","pais_destino_cod","20.2. En que país vive actualmente","categorica","288","Ghana"
"emigracion","pais_destino_cod","20.2. En que país vive actualmente","categorica","292","Gibraltar"
"emigracion","pais_destino_cod","20.2. En que país vive actualmente","categorica","296","Kiribati"
"emigracion","pais_destino_cod","20.2. En que país vive actualmente","categorica","300","Grecia"
"emigracion","pais_destino_cod","20.2. En que país vive actualmente","categorica","304","Groenlandia"
"emigracion","pais_destino_cod","20.2. En que país vive actualmente","categorica","308","Granada"
"emigracion","pais_destino_cod","20.2. En que país vive actualmente","categorica","312","Guadalupe"
"emigracion","pais_destino_cod","20.2. En que país vive actualmente","categorica","316","Guam"
"emigracion","pais_destino_cod","20.2. En que país vive actualmente","categorica","320","Guatemala"
"emigracion","pais_destino_cod","20.2. En que país vive actualmente","categorica","324","Guinea"
"emigracion","pais_destino_cod","20.2. En que país vive actualmente","categorica","328","Guyana"
"emigracion","pais_destino_cod","20.2. En que país vive actualmente","categorica","332","Haití"
"emigracion","pais_destino_cod","20.2. En que país vive actualmente","categorica","336","Santa Sede"
"emigracion","pais_destino_cod","20.2. En que país vive actualmente","categorica","340","Honduras"
"emigracion","pais_destino_cod","20.2. En que país vive actualmente","categorica","344","China, región administrativa especial de Hong Kong"
"emigracion","pais_destino_cod","20.2. En que país vive actualmente","categorica","348","Hungría"
"emigracion","pais_destino_cod","20.2. En que país vive actualmente","categorica","352","Islandia"
"emigracion","pais_destino_cod","20.2. En que país vive actualmente","categorica","356","India"
"emigracion","pais_destino_cod","20.2. En que país vive actualmente","categorica","360","Indonesia"
"emigracion","pais_destino_cod","20.2. En que país vive actualmente","categorica","364","Irán (República Islámica del)"
"emigracion","pais_destino_cod","20.2. En que país vive actualmente","categorica","368","Iraq"
"emigracion","pais_destino_cod","20.2. En que país vive actualmente","categorica","372","Irlanda"
"emigracion","pais_destino_cod","20.2. En que país vive actualmente","categorica","376","Israel"
"emigracion","pais_destino_cod","20.2. En que país vive actualmente","categorica","380","Italia"
"emigracion","pais_destino_cod","20.2. En que país vive actualmente","categorica","384","Costa de Marfil"
"emigracion","pais_destino_cod","20.2. En que país vive actualmente","categorica","388","Jamaica"
"emigracion","pais_destino_cod","20.2. En que país vive actualmente","categorica","392","Japón"
"emigracion","pais_destino_cod","20.2. En que país vive actualmente","categorica","398","Kazajstán"
"emigracion","pais_destino_cod","20.2. En que país vive actualmente","categorica","400","Jordania"
"emigracion","pais_destino_cod","20.2. En que país vive actualmente","categorica","404","Kenya"
"emigracion","pais_destino_cod","20.2. En que país vive actualmente","categorica","408","República Popular Democrática de Corea"
"emigracion","pais_destino_cod","20.2. En que país vive actualmente","categorica","410","República de Corea"
"emigracion","pais_destino_cod","20.2. En que país vive actualmente","categorica","414","Kuwait"
"emigracion","pais_destino_cod","20.2. En que país vive actualmente","categorica","417","Kirguistán"
"emigracion","pais_destino_cod","20.2. En que país vive actualmente","categorica","418","República Democrática Popular Lao"
"emigracion","pais_destino_cod","20.2. En que país vive actualmente","categorica","422","Líbano"
"emigracion","pais_destino_cod","20.2. En que país vive actualmente","categorica","426","Lesotho"
"emigracion","pais_destino_cod","20.2. En que país vive actualmente","categorica","428","Letonia"
"emigracion","pais_destino_cod","20.2. En que país vive actualmente","categorica","430","Liberia"
"emigracion","pais_destino_cod","20.2. En que país vive actualmente","categorica","434","Libia"
"emigracion","pais_destino_cod","20.2. En que país vive actualmente","categorica","438","Liechtenstein"
"emigracion","pais_destino_cod","20.2. En que país vive actualmente","categorica","440","Lituania"
"emigracion","pais_destino_cod","20.2. En que país vive actualmente","categorica","442","Luxemburgo"
"emigracion","pais_destino_cod","20.2. En que país vive actualmente","categorica","446","China, región administrativa especial de Macao"
"emigracion","pais_destino_cod","20.2. En que país vive actualmente","categorica","450","Madagascar"
"emigracion","pais_destino_cod","20.2. En que país vive actualmente","categorica","454","Malawi"
"emigracion","pais_destino_cod","20.2. En que país vive actualmente","categorica","458","Malasia"
"emigracion","pais_destino_cod","20.2. En que país vive actualmente","categorica","462","Maldivas"
"emigracion","pais_destino_cod","20.2. En que país vive actualmente","categorica","466","Malí"
"emigracion","pais_destino_cod","20.2. En que país vive actualmente","categorica","470","Malta"
"emigracion","pais_destino_cod","20.2. En que país vive actualmente","categorica","474","Martinica"
"emigracion","pais_destino_cod","20.2. En que país vive actualmente","categorica","478","Mauritania"
"emigracion","pais_destino_cod","20.2. En que país vive actualmente","categorica","480","Mauricio"
"emigracion","pais_destino_cod","20.2. En que país vive actualmente","categorica","484","México"
"emigracion","pais_destino_cod","20.2. En que país vive actualmente","categorica","492","Mónaco"
"emigracion","pais_destino_cod","20.2. En que país vive actualmente","categorica","496","Mongolia"
"emigracion","pais_destino_cod","20.2. En que país vive actualmente","categorica","498","República de Moldova"
"emigracion","pais_destino_cod","20.2. En que país vive actualmente","categorica","499","Montenegro"
"emigracion","pais_destino_cod","20.2. En que país vive actualmente","categorica","500","Montserrat"
"emigracion","pais_destino_cod","20.2. En que país vive actualmente","categorica","504","Marruecos"
"emigracion","pais_destino_cod","20.2. En que país vive actualmente","categorica","508","Mozambique"
"emigracion","pais_destino_cod","20.2. En que país vive actualmente","categorica","512","Omán"
"emigracion","pais_destino_cod","20.2. En que país vive actualmente","categorica","516","Namibia"
"emigracion","pais_destino_cod","20.2. En que país vive actualmente","categorica","520","Nauru"
"emigracion","pais_destino_cod","20.2. En que país vive actualmente","categorica","524","Nepal"
"emigracion","pais_destino_cod","20.2. En que país vive actualmente","categorica","528","Países Bajos"
"emigracion","pais_destino_cod","20.2. En que país vive actualmente","categorica","531","Curazao"
"emigracion","pais_destino_cod","20.2. En que país vive actualmente","categorica","533","Aruba"
"emigracion","pais_destino_cod","20.2. En que país vive actualmente","categorica","534","San Martín (parte Holandesa)"
"emigracion","pais_destino_cod","20.2. En que país vive actualmente","categorica","535","Bonaire, San Eustaquio y Saba"
"emigracion","pais_destino_cod","20.2. En que país vive actualmente","categorica","540","Nueva Caledonia"
"emigracion","pais_destino_cod","20.2. En que país vive actualmente","categorica","548","Vanuatu"
"emigracion","pais_destino_cod","20.2. En que país vive actualmente","categorica","554","Nueva Zelandia"
"emigracion","pais_destino_cod","20.2. En que país vive actualmente","categorica","558","Nicaragua"
"emigracion","pais_destino_cod","20.2. En que país vive actualmente","categorica","562","Níger"
"emigracion","pais_destino_cod","20.2. En que país vive actualmente","categorica","566","Nigeria"
"emigracion","pais_destino_cod","20.2. En que país vive actualmente","categorica","570","Niue"
"emigracion","pais_destino_cod","20.2. En que país vive actualmente","categorica","574","Isla Norfolk"
"emigracion","pais_destino_cod","20.2. En que país vive actualmente","categorica","578","Noruega"
"emigracion","pais_destino_cod","20.2. En que país vive actualmente","categorica","580","Islas Marianas Septentrionales"
"emigracion","pais_destino_cod","20.2. En que país vive actualmente","categorica","583","Micronesia (Estados Federados de)"
"emigracion","pais_destino_cod","20.2. En que país vive actualmente","categorica","584","Islas Marshall"
"emigracion","pais_destino_cod","20.2. En que país vive actualmente","categorica","585","Palau"
"emigracion","pais_destino_cod","20.2. En que país vive actualmente","categorica","586","Pakistán"
"emigracion","pais_destino_cod","20.2. En que país vive actualmente","categorica","591","Panamá"
"emigracion","pais_destino_cod","20.2. En que país vive actualmente","categorica","598","Papua Nueva Guinea"
"emigracion","pais_destino_cod","20.2. En que país vive actualmente","categorica","600","Paraguay"
"emigracion","pais_destino_cod","20.2. En que país vive actualmente","categorica","604","Perú"
"emigracion","pais_destino_cod","20.2. En que país vive actualmente","categorica","608","Filipinas"
"emigracion","pais_destino_cod","20.2. En que país vive actualmente","categorica","612","Pitcairn"
"emigracion","pais_destino_cod","20.2. En que país vive actualmente","categorica","616","Polonia"
"emigracion","pais_destino_cod","20.2. En que país vive actualmente","categorica","620","Portugal"
"emigracion","pais_destino_cod","20.2. En que país vive actualmente","categorica","624","Guinea-Bissau"
"emigracion","pais_destino_cod","20.2. En que país vive actualmente","categorica","626","Timor-Leste"
"emigracion","pais_destino_cod","20.2. En que país vive actualmente","categorica","630","Puerto Rico"
"emigracion","pais_destino_cod","20.2. En que país vive actualmente","categorica","634","Qatar"
"emigracion","pais_destino_cod","20.2. En que país vive actualmente","categorica","638","Reunión"
"emigracion","pais_destino_cod","20.2. En que país vive actualmente","categorica","642","Rumania"
"emigracion","pais_destino_cod","20.2. En que país vive actualmente","categorica","643","Federación de Rusia"
"emigracion","pais_destino_cod","20.2. En que país vive actualmente","categorica","646","Rwanda"
"emigracion","pais_destino_cod","20.2. En que país vive actualmente","categorica","652","San Barthélemy"
"emigracion","pais_destino_cod","20.2. En que país vive actualmente","categorica","654","Santa Elena"
"emigracion","pais_destino_cod","20.2. En que país vive actualmente","categorica","659","Saint Kitts y Nevis"
"emigracion","pais_destino_cod","20.2. En que país vive actualmente","categorica","660","Anguila"
"emigracion","pais_destino_cod","20.2. En que país vive actualmente","categorica","662","Santa Lucía"
"emigracion","pais_destino_cod","20.2. En que país vive actualmente","categorica","663","San Martín (parte francesa)"
"emigracion","pais_destino_cod","20.2. En que país vive actualmente","categorica","666","San Pedro y Miquelón"
"emigracion","pais_destino_cod","20.2. En que país vive actualmente","categorica","670","San Vicente y las Granadinas"
"emigracion","pais_destino_cod","20.2. En que país vive actualmente","categorica","674","San Marino"
"emigracion","pais_destino_cod","20.2. En que país vive actualmente","categorica","678","Santo Tomé y Príncipe"
"emigracion","pais_destino_cod","20.2. En que país vive actualmente","categorica","682","Arabia Saudita"
"emigracion","pais_destino_cod","20.2. En que país vive actualmente","categorica","686","Senegal"
"emigracion","pais_destino_cod","20.2. En que país vive actualmente","categorica","688","Serbia"
"emigracion","pais_destino_cod","20.2. En que país vive actualmente","categorica","689","Kosovo"
"emigracion","pais_destino_cod","20.2. En que país vive actualmente","categorica","690","Seychelles"
"emigracion","pais_destino_cod","20.2. En que país vive actualmente","categorica","694","Sierra Leona"
"emigracion","pais_destino_cod","20.2. En que país vive actualmente","categorica","702","Singapur"
"emigracion","pais_destino_cod","20.2. En que país vive actualmente","categorica","703","Eslovaquia"
"emigracion","pais_destino_cod","20.2. En que país vive actualmente","categorica","704","Viet Nam"
"emigracion","pais_destino_cod","20.2. En que país vive actualmente","categorica","705","Eslovenia"
"emigracion","pais_destino_cod","20.2. En que país vive actualmente","categorica","706","Somalia"
"emigracion","pais_destino_cod","20.2. En que país vive actualmente","categorica","710","Sudáfrica"
"emigracion","pais_destino_cod","20.2. En que país vive actualmente","categorica","716","Zimbabwe"
"emigracion","pais_destino_cod","20.2. En que país vive actualmente","categorica","724","España"
"emigracion","pais_destino_cod","20.2. En que país vive actualmente","categorica","728","Sudán del Sur"
"emigracion","pais_destino_cod","20.2. En que país vive actualmente","categorica","729","Sudán"
"emigracion","pais_destino_cod","20.2. En que país vive actualmente","categorica","732","Sáhara Occidental"
"emigracion","pais_destino_cod","20.2. En que país vive actualmente","categorica","740","Suriname"
"emigracion","pais_destino_cod","20.2. En que país vive actualmente","categorica","744","Islas Svalbard y Jan Mayen"
"emigracion","pais_destino_cod","20.2. En que país vive actualmente","categorica","748","Eswatini"
"emigracion","pais_destino_cod","20.2. En que país vive actualmente","categorica","752","Suecia"
"emigracion","pais_destino_cod","20.2. En que país vive actualmente","categorica","756","Suiza"
"emigracion","pais_destino_cod","20.2. En que país vive actualmente","categorica","760","República Árabe Siria"
"emigracion","pais_destino_cod","20.2. En que país vive actualmente","categorica","762","Tayikistán"
"emigracion","pais_destino_cod","20.2. En que país vive actualmente","categorica","764","Tailandia"
"emigracion","pais_destino_cod","20.2. En que país vive actualmente","categorica","768","Togo"
"emigracion","pais_destino_cod","20.2. En que país vive actualmente","categorica","772","Tokelau"
"emigracion","pais_destino_cod","20.2. En que país vive actualmente","categorica","776","Tonga"
"emigracion","pais_destino_cod","20.2. En que país vive actualmente","categorica","780","Trinidad y Tobago"
"emigracion","pais_destino_cod","20.2. En que país vive actualmente","categorica","784","Emiratos Árabes Unidos"
"emigracion","pais_destino_cod","20.2. En que país vive actualmente","categorica","788","Túnez"
"emigracion","pais_destino_cod","20.2. En que país vive actualmente","categorica","792","Turquía"
"emigracion","pais_destino_cod","20.2. En que país vive actualmente","categorica","795","Turkmenistán"
"emigracion","pais_destino_cod","20.2. En que país vive actualmente","categorica","796","Islas Turcas y Caicos"
"emigracion","pais_destino_cod","20.2. En que país vive actualmente","categorica","798","Tuvalu"
"emigracion","pais_destino_cod","20.2. En que país vive actualmente","categorica","800","Uganda"
"emigracion","pais_destino_cod","20.2. En que país vive actualmente","categorica","804","Ucrania"
"emigracion","pais_destino_cod","20.2. En que país vive actualmente","categorica","807","Macedonia del Norte"
"emigracion","pais_destino_cod","20.2. En que país vive actualmente","categorica","818","Egipto"
"emigracion","pais_destino_cod","20.2. En que país vive actualmente","categorica","826","Reino Unido de Gran Bretaña e Irlanda del Norte"
"emigracion","pais_destino_cod","20.2. En que país vive actualmente","categorica","831","Guernsey"
"emigracion","pais_destino_cod","20.2. En que país vive actualmente","categorica","832","Jersey"
"emigracion","pais_destino_cod","20.2. En que país vive actualmente","categorica","833","Isla de Man"
"emigracion","pais_destino_cod","20.2. En que país vive actualmente","categorica","834","República Unida de Tanzanía"
"emigracion","pais_destino_cod","20.2. En que país vive actualmente","categorica","840","Estados Unidos de América"
"emigracion","pais_destino_cod","20.2. En que país vive actualmente","categorica","850","Islas Vírgenes de los Estados Unidos"
"emigracion","pais_destino_cod","20.2. En que país vive actualmente","categorica","854","Burkina Faso"
"emigracion","pais_destino_cod","20.2. En que país vive actualmente","categorica","858","Uruguay"
"emigracion","pais_destino_cod","20.2. En que país vive actualmente","categorica","860","Uzbekistán"
"emigracion","pais_destino_cod","20.2. En que país vive actualmente","categorica","862","Venezuela (República Bolivariana de)"
"emigracion","pais_destino_cod","20.2. En que país vive actualmente","categorica","876","Islas Wallis y Futuna"
"emigracion","pais_destino_cod","20.2. En que país vive actualmente","categorica","882","Samoa"
"emigracion","pais_destino_cod","20.2. En que país vive actualmente","categorica","887","Yemen"
"emigracion","pais_destino_cod","20.2. En que país vive actualmente","categorica","894","Zambia"
"emigracion","pais_destino_cod","20.2. En que país vive actualmente","categorica","987","Caracteres aleatorios o descripción ilegible"
"emigracion","pais_destino_cod","20.2. En que país vive actualmente","categorica","988","Otro municipio"
"emigracion","pais_destino_cod","20.2. En que país vive actualmente","categorica","991","África"
"emigracion","pais_destino_cod","20.2. En que país vive actualmente","categorica","992","América"
"emigracion","pais_destino_cod","20.2. En que país vive actualmente","categorica","993","Asia"
"emigracion","pais_destino_cod","20.2. En que país vive actualmente","categorica","994","Europa"
"emigracion","pais_destino_cod","20.2. En que país vive actualmente","categorica","995","Oceanía"
"emigracion","pais_destino_cod","20.2. En que país vive actualmente","categorica","996","Otro país extranjero"
"emigracion","pais_destino_cod","20.2. En que país vive actualmente","categorica","997","No corresponde a país"
"emigracion","pais_destino_cod","20.2. En que país vive actualmente","categorica","998","No sabe"
"emigracion","pais_destino_cod","20.2. En que país vive actualmente","categorica","999","Sin Especificar"
"mortalidad","m212a_mes","21.2A. En que mes y año falleció - Mes","categorica","1","Enero"
"mortalidad","m212a_mes","21.2A. En que mes y año falleció - Mes","categorica","2","Febrero"
"mortalidad","m212a_mes","21.2A. En que mes y año falleció - Mes","categorica","3","Marzo"
"mortalidad","m212a_mes","21.2A. En que mes y año falleció - Mes","categorica","4","Abril"
"mortalidad","m212a_mes","21.2A. En que mes y año falleció - Mes","categorica","5","Mayo"
"mortalidad","m212a_mes","21.2A. En que mes y año falleció - Mes","categorica","6","Junio"
"mortalidad","m212a_mes","21.2A. En que mes y año falleció - Mes","categorica","7","Julio"
"mortalidad","m212a_mes","21.2A. En que mes y año falleció - Mes","categorica","8","Agosto"
"mortalidad","m212a_mes","21.2A. En que mes y año falleció - Mes","categorica","9","Septiembre"
"mortalidad","m212a_mes","21.2A. En que mes y año falleció - Mes","categorica","10","Octubre"
"mortalidad","m212a_mes","21.2A. En que mes y año falleció - Mes","categorica","11","Noviembre"
"mortalidad","m212a_mes","21.2A. En que mes y año falleció - Mes","categorica","12","Diciembre"
"mortalidad","m212a_mes","21.2A. En que mes y año falleció - Mes","categorica","99","Sin Especificar"
"mortalidad","m212b_an","21.2B. En que mes y año falleció - Año","categorica","9999","Sin Especificar"
"mortalidad","m213_edad","21.3. Qué edad tenía al morir","categorica","999","Sin especificar"
"mortalidad","m214_cov","21.4. Murió a causa del COVID-19","categorica","1","Sí"
"mortalidad","m214_cov","21.4. Murió a causa del COVID-19","categorica","2","No"
"mortalidad","m214_cov","21.4. Murió a causa del COVID-19","categorica","9","Sin Especificar"
"mortalidad","m215_sexo","21.5. La persona era","categorica","1","Mujer"
"mortalidad","m215_sexo","21.5. La persona era","categorica","2","Hombre"
"mortalidad","m215_sexo","21.5. La persona era","categorica","9","Sin Especificar"
"mortalidad","m216_parto","21.6. Murió por alguna causa relacionada con:","categorica","1","Embarazo, parto o sobreparto (hasta 2 meses después del parto)"
"mortalidad","m216_parto","21.6. Murió por alguna causa relacionada con:","categorica","2","Otra Causa"
"mortalidad","m216_parto","21.6. Murió por alguna causa relacionada con:","categorica","9","Sin Especificar"
